Workbook
Name ColorTexto: _xludf.GET.CELL (BONO EXTRA !$Q$1)

Sheet A PAGAR FINAL
A1: N° | B1: RUT | C1: FECHA INGRESO MV | D1: FECHA TÉRMINO | E1: VIGENCIA | F1: TURNO | G1: NOMBRE | H1: CARGO | I1: HOJA DE DATOS | J1: OBSERVACION | K1: BONO PRODUCCIÓN JULIO A CARGAR EN AGOSTO 2026 | L1: BONO EXTRA JULIO A CARGAR EN AGOSTO 2026 | M1: BONO SOBRE 1000 M A CARGAR EN AGOSTO 2026 | O1: TOTAL A PAGAR VALIDACIONES | P1: HOJA
A2: 1 | B2: 12419789-9 | C2: 45964 | F2: 4X3 | G2: NUÑEZ GONZALEZ ROBERTO CARLOS | H2: ADMINISTRADOR DE CONTRATO | I2: SUP-PREV | K2: =VLOOKUP(B2,'SUP- PREV'!$B$16:$Q$39,16,FALSE) -> 355419 | O2: =K110+L110+M110 -> 18856252 | P2: A PAGAR FINAL
A3: 2 | B3: 15050618-2 | C3: 45967 | F3: 4X3 | G3: VIGORENA DUARTE KAREN ANDREA | H3: ADMINISTRATIVA/O DE FAENA | I3: NO OP | K3: =VLOOKUP(B3,'NO OP'!$B$16:$Q$68,16,FALSE) -> 268622 | O3: =O4-O2 -> 0 | P3: DIFERENCIA
A4: 3 | B4: 122192016 | C4: 46139 | F4: 4X3 | G4: ALFARO VEAS RODRIGO FERNANDO | H4: LIDER HSEC | I4: SUP-PREV | K4: =VLOOKUP(B4,'SUP- PREV'!$B$16:$Q$39,16,FALSE) -> 355419 | O4: =SUM(O5:O8)+O10+O11+O13 -> 18856252 | P4: VERIFICACIÓN HOJAS | Q4: VERIFICACION | R4: VERD O FALSO | S4: DIFERENCIA
A5: 4 | B5: 21336141-4 | C5: 46087 | F5: A | G5: ASTORGA PINTO BARBARA ANAIS | H5: ADMINISTRATIVA/O DE FAENA | I5: NO OP | J5: NO OP | K5: =VLOOKUP(B5,'NO OP'!$B$16:$Q$68,16,FALSE) -> 141380 | O5: ='NO OP'!Q69 -> 6234858 | P5: NO OP | Q5: =SUMIF(I2:I109,"NO OP",$K$2:$K$109) -> 6234858 | R5: =O5=Q5 -> TRUE | S5: =Q5-O5 -> 0
A6: 5 | B6: 17118820-2 | C6: 45691 | F6: A | G6: FERNANDEZ CASTILLO CLAUDIO ANDRES | H6: ADMINISTRATIVA/O DE FAENA | I6: NO OP | K6: =VLOOKUP(B6,'NO OP'!$B$16:$Q$68,16,FALSE) -> 268622 | O6: ='SUP- PREV'!Q40 -> 4704075 | P6: SUP-PREV | Q6: =SUMIF(I2:I109,"SUP-PREV",$K$2:$K$109) -> 4704075 | R6: =O6=Q6 -> TRUE | S6: =Q6-O6 -> 0
A7: 6 | B7: 21236457-6 | C7: 46063 | F7: A | G7: ANGEL MUNITA DIANA CATALINA | H7: AYUDANTE DE PERFORISTA | I7: AYUD. | K7: =VLOOKUP(B7,AYUD.!$B$4:$AB$54,27,FALSE) -> 201325 | L7: =VLOOKUP(B7,'BONO EXTRA'!$A$7:$AO$90,41,FALSE) -> 10025 | O7: =PERFOR.!AB30 -> 3158100 | P7: PERFORISTAS | Q7: =SUMIF($I$2:I108,"PERFOR.",$K$2:$K$108) -> 3158100 | R7: =O7=Q7 -> TRUE | S7: =Q7-O7 -> 0
A8: 7 | B8: 21637836-9 | C8: 45646 | F8: A | G8: AQUEA GONZALEZ MARIO ALBERTO | H8: AYUDANTE DE PERFORISTA | I8: AYUD. | K8: =VLOOKUP(B8,AYUD.!$B$4:$AB$54,27,FALSE) -> 126800 | L8: =VLOOKUP(B8,'BONO EXTRA'!$A$7:$AO$90,41,FALSE) -> 13000 | O8: =AYUD.!AB56 -> 4490725 | P8: AYUDANTES | Q8: =SUMIF($I$2:I108,"AYUD.",$K$2:$K$100) -> 4490725 | R8: =O8=Q8 -> TRUE | S8: =Q8-O8 -> 0
A9: 8 | B9: 17939732-3 | C9: 45666 | F9: A | G9: CASSRA ORELLANA DAVID JESUS | H9: AYUDANTE DE PERFORISTA | I9: AYUD. | J9: 3 al 6 vacaciones | K9: =VLOOKUP(B9,AYUD.!$B$4:$AB$54,27,FALSE) -> 168625 | L9: =VLOOKUP(B9,'BONO EXTRA'!$A$7:$AO$90,41,FALSE) -> 7000
A10: 9 | B10: 19454353-0 | C10: 45986 | F10: A | G10: CASTRO HOHMANN KASUKI | H10: AYUDANTE DE PERFORISTA | I10: AYUD. | K10: =VLOOKUP(B10,AYUD.!$B$4:$AB$54,27,FALSE) -> 149150 | L10: =VLOOKUP(B10,'BONO EXTRA'!$A$7:$AO$90,41,FALSE) -> 2712.5 | O10: =AYUD.!AC56 -> 166062.5 | P10: BONO EXTRA AYUD
A11: 10 | B11: 13425369-K | C11: 45951 | F11: A | G11: CONTRERAS FLORES RICHARD FERNANDO | H11: AYUDANTE DE PERFORISTA | I11: AYUD. | K11: =VLOOKUP(B11,AYUD.!$B$4:$AB$54,27,FALSE) -> 126800 | L11: =VLOOKUP(B11,'BONO EXTRA'!$A$7:$AO$90,41,FALSE) -> 13000 | O11: =PERFOR.!AC30 -> 102431.25 | P11: BONO EXTRA PERF
A12: 11 | B12: 19214178-8 | C12: 45925 | F12: A | G12: GAETE PAZ GERARDO ANTONIO | H12: AYUDANTE DE PERFORISTA | I12: AYUD. | K12: =VLOOKUP(B12,AYUD.!$B$4:$AB$54,27,FALSE) -> 250275 | L12: =VLOOKUP(B12,'BONO EXTRA'!$A$7:$AO$90,41,FALSE) -> 12025 | O12: ='BONO EXTRA'!AO86 -> 268493.75 | Q12: =PERFOR.!AC30+AYUD.!AC56 -> 268493.75 | R12: =Q12=O12 -> TRUE | S12: =O12-Q12 -> 0
A13: 12 | B13: 16892590-5 | C13: 45746 | F13: A | G13: GALLEGUILLOS DIAZ ERIC ALFONSO | H13: AYUDANTE DE PERFORISTA | I13: AYUD. | J13: 3 al 12 vacaciones | K13: =VLOOKUP(B13,AYUD.!$B$4:$AB$54,27,FALSE) -> 44000 | L13: =VLOOKUP(B13,'BONO EXTRA'!$A$7:$AO$90,41,FALSE) -> 0 | O13: =M110 -> 0 | P13: BONO SOBRE 1000 MTS
A14: 13 | B14: 17827549-6 | C14: 45726 | F14: A | G14: GONZALEZ ROMERO JUAN EDUARDO | H14: AYUDANTE DE PERFORISTA | I14: AYUD. | K14: =VLOOKUP(B14,AYUD.!$B$4:$AB$54,27,FALSE) -> 171200 | L14: =VLOOKUP(B14,'BONO EXTRA'!$A$7:$AO$90,41,FALSE) -> 7600
A15: 15 | B15: 25606451-0 | C15: 46146 | F15: A | G15: MUJICA MENDEZ ENDER ALEXANDER | H15: AYUDANTE DE PERFORISTA | I15: AYUD. | K15: =VLOOKUP(B15,AYUD.!$B$4:$AB$54,27,FALSE) -> 171200 | L15: =VLOOKUP(B15,'BONO EXTRA'!$A$7:$AO$90,41,FALSE) -> 13000
A16: 16 | B16: 20111998-7 | C16: 46130 | F16: A | G16: NOVOA TORO BORIS ALEXIS | H16: AYUDANTE DE PERFORISTA | I16: AYUD. | K16: =VLOOKUP(B16,AYUD.!$B$4:$AB$54,27,FALSE) -> 171200 | L16: =VLOOKUP(B16,'BONO EXTRA'!$A$7:$AO$90,41,FALSE) -> 7600
A17: 17 | B17: 21303273-9 | C17: 45754 | F17: A | G17: PEREZ LORCA VICTOR IGNACIO | H17: AYUDANTE DE PERFORISTA | I17: AYUD. | K17: =VLOOKUP(B17,AYUD.!$B$4:$AB$54,27,FALSE) -> 171200 | L17: =VLOOKUP(B17,'BONO EXTRA'!$A$7:$AO$90,41,FALSE) -> 7600
A18: 18 | B18: 18011716-4 | C18: 45646 | F18: A | G18: RAMIREZ RAMIREZ RICHARD FABIAN | H18: AYUDANTE DE PERFORISTA | I18: AYUD. | K18: =VLOOKUP(B18,AYUD.!$B$4:$AB$54,27,FALSE) -> 149150 | L18: =VLOOKUP(B18,'BONO EXTRA'!$A$7:$AO$90,41,FALSE) -> 2712.5
A19: 19 | B19: 14401561-4 | C19: 45666 | F19: A | G19: RODRIGUEZ OPAZO PAULO ANDRES | H19: AYUDANTE DE PERFORISTA | I19: AYUD. | K19: =VLOOKUP(B19,AYUD.!$B$4:$AB$54,27,FALSE) -> 149150 | L19: =VLOOKUP(B19,'BONO EXTRA'!$A$7:$AO$90,41,FALSE) -> 7850
A20: 20 | B20: 15521744-8 | C20: 45636 | F20: A | G20: ROJAS FERNANDEZ JILBERTO FRANCISCO | H20: AYUDANTE DE PERFORISTA | I20: AYUD. | K20: =VLOOKUP(B20,AYUD.!$B$4:$AB$54,27,FALSE) -> 236500 | L20: =VLOOKUP(B20,'BONO EXTRA'!$A$7:$AO$90,41,FALSE) -> 12025
A21: 21 | B21: 17295192-9 | C21: 45925 | F21: A | G21: SAN FRANCISCO ARDILES IVAN ALEJANDRO | H21: AYUDANTE DE PERFORISTA | I21: AYUD. | K21: =VLOOKUP(B21,AYUD.!$B$4:$AB$54,27,FALSE) -> 149150 | L21: =VLOOKUP(B21,'BONO EXTRA'!$A$7:$AO$90,41,FALSE) -> 7850
A22: 22 | B22: 19167554-1 | C22: 45627 | F22: A | G22: THOMPSON DIAZ FREDDY IGNACIO | H22: AYUDANTE DE PERFORISTA | I22: AYUD. | K22: =VLOOKUP(B22,AYUD.!$B$4:$AB$54,27,FALSE) -> 236500 | L22: =VLOOKUP(B22,'BONO EXTRA'!$A$7:$AO$90,41,FALSE) -> 12000
A23: 23 | B23: 13743972-7 | C23: 45627 | F23: A | G23: VEGA GONZALEZ PATRICIO COLLO | H23: AYUDANTE DE PERFORISTA | I23: NO OP | K23: =VLOOKUP(B23,'NO OP'!$B$16:$Q$68,16,FALSE) -> 141380
A24: 24 | B24: 17775054-9 | C24: 45966 | F24: A | G24: ZAPATA SEGUEL CARLOS ANDRES | H24: AYUDANTE DE PERFORISTA | I24: AYUD. | K24: =VLOOKUP(B24,AYUD.!$B$4:$AB$54,27,FALSE) -> 236500 | L24: =VLOOKUP(B24,'BONO EXTRA'!$A$7:$AO$90,41,FALSE) -> 12000
A25: 25 | B25: 15446035-7 | C25: 45627 | F25: A | G25: COFRE ROMERO VICTORIA DEL PILAR | H25: BODEGUERA/O | I25: NO OP | K25: =VLOOKUP(B25,'NO OP'!$B$16:$Q$68,16,FALSE) -> 183794
A26: 26 | B26: 15056140-K | C26: 45627 | F26: A | G26: ARDILES NUÑEZ JONATHAN ANDRES | H26: CHOFER | I26: NO OP | K26: =VLOOKUP(B26,'NO OP'!$B$16:$Q$68,16,FALSE) -> 268622
A27: 27 | B27: 16052742-0 | C27: 45733 | F27: A | G27: ARDILES NUÑEZ JOSE MIGUEL | H27: CHOFER | I27: NO OP | K27: =VLOOKUP(B27,'NO OP'!$B$16:$Q$68,16,FALSE) -> 268622
A28: 28 | B28: 17294428-0 | C28: 45804 | F28: A | G28: JIMENEZ VEGA LUIS RENATO DE JESUS | H28: CHOFER | I28: NO OP | K28: =VLOOKUP(B28,'NO OP'!$B$16:$Q$68,16,FALSE) -> 268622
A29: 29 | B29: 18633143-5 | C29: 46063 | F29: A | G29: MALDONADO MONDACA CRISTOFER JESUS | H29: CHOFER | I29: NO OP | K29: =VLOOKUP(B29,'NO OP'!$B$16:$Q$68,16,FALSE) -> 268622
A30: 30 | B30: 15831074-0 | C30: 46080 | F30: A | G30: NAETER QUIROZ ESTEFANIA CONSTANZA | H30: CHOFER | I30: NO OP | J30: 10-07 con traslado | K30: =VLOOKUP(B30,'NO OP'!$B$16:$Q$68,16,FALSE) -> 56552
A31: 31 | B31: 19460207-3 | C31: 45876 | F31: A | G31: POBLETE KUHNE PABLO LUCAS | H31: CHOFER | I31: NO OP | K31: =VLOOKUP(B31,'NO OP'!$B$16:$Q$68,16,FALSE) -> 141380
A32: 32 | B32: 13804452-1 | C32: 45646 | F32: A | G32: SANDOVAL SEPULVEDA GERSON ANDRES | H32: CHOFER | I32: NO OP | K32: =VLOOKUP(B32,'NO OP'!$B$16:$Q$68,16,FALSE) -> 268622
A33: 33 | B33: 15909798-6 | C33: 46148 | F33: A | G33: GALLEGUILLOS ARANCIBIA GABRIEL ALEJANDRO | H33: MECANICO | I33: NO OP | K33: =VLOOKUP(B33,'NO OP'!$B$16:$Q$68,16,FALSE) -> 268622
A34: 34 | B34: 19910908-1 | C34: 45826 | F34: A | G34: SANDERSON SALCEDO CRISTOBAL ALEXIC | H34: MECANICO | I34: NO OP | K34: =VLOOKUP(B34,'NO OP'!$B$16:$Q$68,16,FALSE) -> 268622
A35: 35 | B35: 17998731-7 | C35: 45946 | F35: A | G35: RIVERA HERRERA ANGELO PATRICIO | H35: MECANICO FLOTA | I35: NO OP | K35: =VLOOKUP(B35,'NO OP'!$B$16:$Q$68,16,FALSE) -> 268622
A36: 36 | B36: 17624527-1 | C36: 45666 | F36: A | G36: CASTRO AVALOS NELSON ANDRES | H36: PERFORISTA | I36: PERFOR. | K36: =VLOOKUP(B36,PERFOR.!$B$4:$AB$25,27,FALSE) -> 223725 | L36: =VLOOKUP(B36,'BONO EXTRA'!$A$7:$AO$84,41,FALSE) -> 11775
A37: 37 | B37: 17629034-K | C37: 45896 | F37: A | G37: CORTES GONZALEZ JUAN IGNACIO | H37: PERFORISTA | I37: PERFOR. | K37: =VLOOKUP(B37,PERFOR.!$B$4:$AB$25,27,FALSE) -> 100800 | L37: =VLOOKUP(B37,'BONO EXTRA'!$A$7:$AO$84,41,FALSE) -> 3000
A38: 38 | B38: 16280454-5 | C38: 45946 | F38: A | G38: ESCALONA VERA MANUEL ANTONIO | H38: PERFORISTA | I38: PERFOR. | K38: =VLOOKUP(B38,PERFOR.!$B$4:$AB$25,27,FALSE) -> 430912.5 | L38: =VLOOKUP(B38,'BONO EXTRA'!$A$7:$AO$84,41,FALSE) -> 10500
A39: 39 | B39: 17294242-3 | C39: 45646 | F39: A | G39: JERALDO CORTES DANIEL EDUARDO | H39: PERFORISTA | I39: PERFOR. | K39: =VLOOKUP(B39,PERFOR.!$B$4:$AB$25,27,FALSE) -> 348187.5 | L39: =VLOOKUP(B39,'BONO EXTRA'!$A$7:$AO$84,41,FALSE) -> 18037.5
A40: 40 | B40: 12115176-6 | C40: 45628 | F40: A | G40: LEIVA LEIVA FRANCISCO JAVIER | H40: PERFORISTA | I40: PERFOR. | K40: =VLOOKUP(B40,PERFOR.!$B$4:$AB$25,27,FALSE) -> 348187.5 | L40: =VLOOKUP(B40,'BONO EXTRA'!$A$7:$AO$84,41,FALSE) -> 18000
A41: 41 | B41: 17818652-3 | C41: 46102 | F41: A | G41: MILLA PALACIOS JAVIER ANDRES | H41: PERFORISTA | I41: PERFOR. | K41: =VLOOKUP(B41,PERFOR.!$B$4:$AB$25,27,FALSE) -> 256800 | L41: =VLOOKUP(B41,'BONO EXTRA'!$A$7:$AO$84,41,FALSE) -> 11400
A42: 42 | B42: 13176765-K | C42: 45628 | F42: A | G42: OLIVARES ALVAREZ PEDRO OCTAVIO | H42: PERFORISTA | I42: PERFOR. | K42: =VLOOKUP(B42,PERFOR.!$B$4:$AB$25,27,FALSE) -> 223725 | L42: =VLOOKUP(B42,'BONO EXTRA'!$A$7:$AO$84,41,FALSE) -> 4068.75
A43: 43 | B43: 15061835-5 | C43: 46169 | F43: A | G43: SUAREZ MORALES NESTOR RENE | H43: PERFORISTA | I43: PERFOR. | K43: =VLOOKUP(B43,PERFOR.!$B$4:$AB$25,27,FALSE) -> 256800 | L43: =VLOOKUP(B43,'BONO EXTRA'!$A$7:$AO$84,41,FALSE) -> 19500
A44: 44 | B44: 16442692-0 | C44: 45826 | F44: A | G44: AGUIRRE CASTILLO ANITA FERNANDA | H44: PREVENCIONISTA | I44: SUP-PREV | K44: =VLOOKUP(B44,'SUP- PREV'!$B$16:$Q$39,16,FALSE) -> 397233
A45: 45 | B45: 17979787-9 | C45: 45628 | F45: A | G45: BRICEÑO HONORES JOHN ALEXIS | H45: PREVENCIONISTA | I45: SUP-PREV | J45: Licencia médica, luego traslado | K45: =VLOOKUP(B45,'SUP- PREV'!$B$16:$Q$39,16,FALSE) -> 0
A46: 46 | B46: 18688482-5 | C46: 46186 | F46: A | G46: LORCA SANCHEZ LUIS DAVID | H46: PREVENCIONISTA | I46: SUP-PREV | J46: En serena y algunos días en faena | K46: =VLOOKUP(B46,'SUP- PREV'!$B$16:$Q$39,16,FALSE) -> 229977
A47: 47 | B47: 16581787-7 | C47: 45946 | F47: A | G47: CASTILLO VALDIVIA FELIX JOEL | H47: SOLDADOR | I47: NO OP | K47: =VLOOKUP(B47,'NO OP'!$B$16:$Q$68,16,FALSE) -> 268622
A48: 48 | B48: 13533794-3 | C48: 45946 | F48: A | G48: MUÑOZ PORTILLA CRISTIAN GUMERCINDO | H48: SOLDADOR | I48: NO OP | K48: =VLOOKUP(B48,'NO OP'!$B$16:$Q$68,16,FALSE) -> 268622
A49: 49 | B49: 12951196-6 | C49: 45946 | F49: A | G49: APABLAZA GUZMAN ALEJANDRO MIGUEL | H49: SUPERVISOR DE OPERACIONES | I49: SUP-PREV | J49: Vacaciones junio al 2 de julio, luego cambio de turno del B al A | K49: =VLOOKUP(B49,'SUP- PREV'!$B$16:$Q$39,16,FALSE) -> 209070
A50: 50 | B50: 10792747-6 | C50: 45936 | F50: A | G50: PASTEN GUERRERO GUMERCINDO DEL ROSARIO | H50: SUPERVISOR DE OPERACIONES | I50: SUP-PREV | K50: =VLOOKUP(B50,'SUP- PREV'!$B$16:$Q$39,16,FALSE) -> 397233
A51: 51 | B51: 14903561-3 | C51: 45846 | F51: A | G51: VALENCIA CAMPOS ANDRES ALEJANDRO | H51: SUPERVISOR DE OPERACIONES | I51: SUP-PREV | K51: =VLOOKUP(B51,'SUP- PREV'!$B$16:$Q$39,16,FALSE) -> 397233
A52: 52 | B52: 13011075-4 | C52: 45627 | F52: AB | G52: BORQUEZ CARVAJAL IBAR ALEXIS | H52: JEFE DE FAENA | I52: SUP-PREV | K52: =VLOOKUP(B52,'SUP- PREV'!$B$16:$Q$39,16,FALSE) -> 292698
A53: 53 | B53: 16463792-1 | C53: 45638 | F53: AB | G53: ROJAS MARTINEZ FRANCISCO JAVIER | H53: JEFE DE FAENA | I53: SUP-PREV | K53: =VLOOKUP(B53,'SUP- PREV'!$B$16:$Q$39,16,FALSE) -> 355419
A54: 54 | B54: 17169171-0 | C54: 45746 | F54: AB | G54: LOPEZ OLAVE LUIS GERARDO | H54: LIDER MECANICO | I54: SUP-PREV | K54: =VLOOKUP(B54,'SUP- PREV'!$B$16:$Q$39,16,FALSE) -> 292698
A55: 55 | B55: 19948246-7 | C55: 45646 | F55: AB | G55: RAMIREZ BARRAZA MARCELO GIOVANNI | H55: LIDER MECANICO | I55: SUP-PREV | K55: =VLOOKUP(B55,'SUP- PREV'!$B$16:$Q$39,16,FALSE) -> 355419
A56: 56 | B56: 16892086-5 | C56: 45627 | F56: B | G56: LISAMBARTH CARABANTES MANUEL ANDRES | H56: ADMINISTRATIVA/O DE FAENA | I56: NO OP | K56: =VLOOKUP(B56,'NO OP'!$B$16:$Q$68,16,FALSE) -> 169656
A57: 57 | B57: 10726051-k | C57: 46114 | F57: B | G57: SOTO FARIÑA JORGE IVAN | H57: ADMINISTRATIVA/O DE FAENA | I57: NO OP | J57: 2 días y traslado | K57: =VLOOKUP(B57,'NO OP'!$B$16:$Q$68,16,FALSE) -> 28276
A58: 58 | B58: 13748728-4 | C58: 46156 | F58: B | G58: ALFARO CASTELLANOS CARLOS JAVIER | H58: AYUDANTE DE PERFORISTA | I58: AYUD. | J58: traslado el 13-07 | K58: =VLOOKUP(B58,AYUD.!$B$4:$AB$54,27,FALSE) -> 7200 | L58: =VLOOKUP(B58,'BONO EXTRA'!$A$7:$AO$90,41,FALSE) -> 0
A59: 59 | B59: 18710376-2 | C59: 45756 | F59: B | G59: ALVAREZ RIVERA CARLOS JAVIER | H59: AYUDANTE DE PERFORISTA | I59: AYUD. | K59: =VLOOKUP(B59,AYUD.!$B$4:$AB$54,27,FALSE) -> 122950 | L59: =VLOOKUP(B59,'BONO EXTRA'!$A$7:$AO$90,41,FALSE) -> 1475
A60: 60 | B60: 18755121-8 | C60: 45636 | F60: B | G60: ARANCIBIA LEDEZMA JORGE ANDRES | H60: AYUDANTE DE PERFORISTA | I60: AYUD. | J60: 2 días y traslado | K60: =VLOOKUP(B60,AYUD.!$B$4:$AB$54,27,FALSE) -> 27650 | L60: =VLOOKUP(B60,'BONO EXTRA'!$A$7:$AO$90,41,FALSE) -> 0
A61: 61 | B61: 15785558-1 | C61: 45974 | F61: B | G61: ARAYA GALLARDO DANIEL SEBASTIAN | H61: AYUDANTE DE PERFORISTA | I61: AYUD. | K61: =VLOOKUP(B61,AYUD.!$B$4:$AB$54,27,FALSE) -> 64500 | L61: =VLOOKUP(B61,'BONO EXTRA'!$A$7:$AO$90,41,FALSE) -> 1387.5
A62: 62 | B62: 19911323-2 | C62: 45836 | F62: B | G62: CARVAJAL ALVARADO JAIME NICOLAS | H62: AYUDANTE DE PERFORISTA | I62: AYUD. | K62: =VLOOKUP(B62,AYUD.!$B$4:$AB$54,27,FALSE) -> 195350 | L62: =VLOOKUP(B62,'BONO EXTRA'!$A$7:$AO$90,41,FALSE) -> 1075
A63: 63 | B63: 16400165-2 | C63: 45656 | F63: B | G63: DIAZ GUAJARDO CRISTIAN ESTEBAN | H63: AYUDANTE DE PERFORISTA | I63: AYUD. | K63: =VLOOKUP(B63,AYUD.!$B$4:$AB$54,27,FALSE) -> 122950 | L63: =VLOOKUP(B63,'BONO EXTRA'!$A$7:$AO$90,41,FALSE) -> 325
A64: 64 | B64: 19690710-6 | C64: 46196 | F64: B | G64: DONAIRE VADULLI EMERSON GIOVANNY | H64: AYUDANTE DE PERFORISTA | I64: AYUD. | K64: =VLOOKUP(B64,AYUD.!$B$4:$AB$54,27,FALSE) -> 67200 | L64: =VLOOKUP(B64,'BONO EXTRA'!$A$7:$AO$90,41,FALSE) -> 0
A65: 65 | B65: 16058317-7 | C65: 46178 | F65: B | G65: FERNANDEZ BRICEÑO RODRIGO ARMANDO | H65: AYUDANTE DE PERFORISTA | I65: AYUD. | K65: =VLOOKUP(B65,AYUD.!$B$4:$AB$54,27,FALSE) -> 67200 | L65: =VLOOKUP(B65,'BONO EXTRA'!$A$7:$AO$90,41,FALSE) -> 600
A66: 66 | B66: 19662155-5 | C66: 46156 | F66: B | G66: GOMEZ PIZARRO ANGELO IGNACIO | H66: AYUDANTE DE PERFORISTA | I66: AYUD. | J66: Vacaciones 13 al 22 | K66: =VLOOKUP(B66,AYUD.!$B$4:$AB$54,27,FALSE) -> 7200 | L66: =VLOOKUP(B66,'BONO EXTRA'!$A$7:$AO$90,41,FALSE) -> 0
A67: 67 | B67: 17015679-K | C67: 45936 | F67: B | G67: GONZALEZ RODRIGUEZ RODRIGO ALEJANDRO | H67: AYUDANTE DE PERFORISTA | I67: AYUD. | K67: =VLOOKUP(B67,AYUD.!$B$4:$AB$54,27,FALSE) -> 84100 | L67: =VLOOKUP(B67,'BONO EXTRA'!$A$7:$AO$90,41,FALSE) -> 150
A68: 68 | B68: 19347572-8 | C68: 45929 | F68: B | G68: HENRIQUEZ VARGAS VICTOR IGNACIO | H68: AYUDANTE DE PERFORISTA | I68: AYUD. | K68: =VLOOKUP(B68,AYUD.!$B$4:$AB$54,27,FALSE) -> 84100 | L68: =VLOOKUP(B68,'BONO EXTRA'!$A$7:$AO$90,41,FALSE) -> 225
A69: 69 | B69: 25073481-6 | C69: 46063 | F69: B | G69: LEON AVELLA BRENDA LIZETH | H69: AYUDANTE DE PERFORISTA | I69: AYUD. | K69: =VLOOKUP(B69,AYUD.!$B$4:$AB$54,27,FALSE) -> 142550 | L69: =VLOOKUP(B69,'BONO EXTRA'!$A$7:$AO$90,41,FALSE) -> 2900
A70: 70 | B70: 19349275-4 | C70: 45936 | F70: B | G70: MORALES CASTILLO CLAUDIO ANDRES | H70: AYUDANTE DE PERFORISTA | I70: AYUD. | J70: Traslado | K70: =VLOOKUP(B70,AYUD.!$B$4:$AB$54,27,FALSE) -> 7200 | L70: =VLOOKUP(B70,'BONO EXTRA'!$A$7:$AO$90,41,FALSE) -> 0
A71: 71 | B71: 19506760-0 | C71: 45636 | F71: B | G71: NEGRETE MADRID ANGELO JAVIER | H71: AYUDANTE DE PERFORISTA | I71: AYUD. | J71: Finiquito | K71: =VLOOKUP(B71,AYUD.!$B$4:$AB$54,27,FALSE) -> 47250 | L71: =VLOOKUP(B71,'BONO EXTRA'!$A$7:$AO$90,41,FALSE) -> 3525
A72: 72 | B72: 18632466-8 | C72: 45756 | F72: B | G72: OLIVA CASTILLO FRANCO HERNAN | H72: AYUDANTE DE PERFORISTA | I72: AYUD. | K72: =VLOOKUP(B72,AYUD.!$B$4:$AB$54,27,FALSE) -> 31250 | L72: =VLOOKUP(B72,'BONO EXTRA'!$A$7:$AO$90,41,FALSE) -> 0
A73: 73 | B73: 15051336-7 | C73: 45936 | F73: B | G73: ORMEÑO ARREDONDO JOSE MIGUEL | H73: AYUDANTE DE PERFORISTA | I73: AYUD. | J73: Renuncia | K73: =VLOOKUP(B73,AYUD.!$B$4:$AB$54,27,FALSE) -> 10800 | L73: =VLOOKUP(B73,'BONO EXTRA'!$A$7:$AO$90,41,FALSE) -> 0
A74: 74 | B74: 19349419-6 | C74: 45925 | F74: B | G74: PERALTA CORTES SEBASTIAN ALFONSO | H74: AYUDANTE DE PERFORISTA | I74: AYUD. | K74: =VLOOKUP(B74,AYUD.!$B$4:$AB$54,27,FALSE) -> 107250 | L74: =VLOOKUP(B74,'BONO EXTRA'!$A$7:$AO$90,41,FALSE) -> 3525
A75: 75 | B75: 16581290-5 | C75: 45636 | F75: B | G75: VEGA ESPINOSA JUAN ANTONIO | H75: AYUDANTE DE PERFORISTA | I75: AYUD. | K75: =VLOOKUP(B75,AYUD.!$B$4:$AB$54,27,FALSE) -> 64500 | L75: =VLOOKUP(B75,'BONO EXTRA'!$A$7:$AO$90,41,FALSE) -> 925
A76: 76 | B76: 12982701-7 | C76: 45676 | F76: B | G76: VELASQUEZ CIFUENTES MARCO ANTONIO | H76: AYUDANTE DE PERFORISTA | I76: AYUD. | J76: 2 días y traslado | K76: =VLOOKUP(B76,AYUD.!$B$4:$AB$54,27,FALSE) -> 74900 | L76: =VLOOKUP(B76,'BONO EXTRA'!$A$7:$AO$90,41,FALSE) -> 150
A77: 77 | B77: 16772735-2 | C77: 45804 | F77: B | G77: YAÑEZ VARAS DANIEL ALEJANDRO | H77: AYUDANTE DE PERFORISTA | I77: AYUD. | K77: =VLOOKUP(B77,AYUD.!$B$4:$AB$54,27,FALSE) -> 122950 | L77: =VLOOKUP(B77,'BONO EXTRA'!$A$7:$AO$90,41,FALSE) -> 325
A78: 78 | B78: 17293877-9 | C78: 45636 | F78: B | G78: ZEPEDA SOTO ERNESTO ALIRO | H78: AYUDANTE DE PERFORISTA | I78: AYUD. | K78: =VLOOKUP(B78,AYUD.!$B$4:$AB$54,27,FALSE) -> 122950 | L78: =VLOOKUP(B78,'BONO EXTRA'!$A$7:$AO$90,41,FALSE) -> 1475
A79: 79 | B79: 19825638-2 | C79: 45636 | F79: B | G79: SOTO FLORES JENNIFER ALEJANDRA | H79: BODEGUERA/O | I79: NO OP | K79: =VLOOKUP(B79,'NO OP'!$B$16:$Q$68,16,FALSE) -> 169656
A80: 80 | B80: 18403993-1 | C80: 46176 | F80: B | G80: CARO GALLARDO JOEL | H80: CHOFER | I80: NO OP | K80: =VLOOKUP(B80,'NO OP'!$B$16:$Q$68,16,FALSE) -> 169656
A81: 81 | B81: 12707776-2 | C81: 45836 | F81: B | G81: GUTIERREZ FUENTES RICARDO DE LAS NIEVES | H81: CHOFER | I81: NO OP | J81: 2 días y traslado | K81: =VLOOKUP(B81,'NO OP'!$B$16:$Q$68,16,FALSE) -> 28276
A82: 82 | B82: 16581882-2 | C82: 46063 | F82: B | G82: JUAREZ MORALES MIGUEL SEBASTIAN | H82: CHOFER | I82: NO OP | J82: 2 días y traslado | K82: =VLOOKUP(B82,'NO OP'!$B$16:$Q$68,16,FALSE) -> 28276
A83: 83 | B83: 13223287-3 | C83: 45716 | F83: B | G83: LOPEZ BARRIOS ESTEBAN DAGOBERTO | H83: CHOFER | I83: NO OP | K83: =VLOOKUP(B83,'NO OP'!$B$16:$Q$68,16,FALSE) -> 169656
A84: 84 | B84: 18575188-0 | C84: 45636 | F84: B | G84: LOPEZ GARCIA IVAN ESTEBAN | H84: CHOFER | I84: NO OP | K84: =VLOOKUP(B84,'NO OP'!$B$16:$Q$68,16,FALSE) -> 169656
A85: 85 | B85: 13904830-K | C85: 45719 | F85: B | G85: NUÑEZ PENDOLA HUGO ITALO | H85: CHOFER | I85: NO OP | K85: =VLOOKUP(B85,'NO OP'!$B$16:$Q$68,16,FALSE) -> 169656
A86: 86 | B86: 11730786-7 | C86: 45636 | F86: B | G86: QUIROZ APABLAZA JAVIER AURELIO | H86: CHOFER | I86: NO OP | K86: =VLOOKUP(B86,'NO OP'!$B$16:$Q$68,16,FALSE) -> 169656
A87: 87 | B87: 15594928-7 | C87: 45915 | F87: B | G87: VEGA ASTUDILLO FELIPE OCTAVIO | H87: CHOFER | I87: NO OP | J87: 2 días y traslado | K87: =VLOOKUP(B87,'NO OP'!$B$16:$Q$68,16,FALSE) -> 28276
A88: 88 | B88: 23868099-9 | C88: 46181 | F88: B | G88: TINOCO OSPINO JORGE ARMANDO | H88: CHOFER TRADUCTOR | I88: NO OP | J88: 2 días en Julio | K88: =VLOOKUP(B88,'NO OP'!$B$16:$Q$68,16,FALSE) -> 28276
A89: 89 | B89: 16281802-3 | C89: 46063 | F89: B | G89: NAVARRO ESPINOZA FRANCISCO JAVIER | H89: ELECTROMECÁNICO | I89: NO OP | K89: =VLOOKUP(B89,'NO OP'!$B$16:$Q$68,16,FALSE) -> 169656
A90: 90 | B90: 17293946-5 | C90: 45756 | F90: B | G90: GONZALEZ JERALDO HAMIR ALONSO | H90: INSTRUCTOR | I90: SUP-PREV | J90: Licencia médica | K90: =VLOOKUP(B90,'SUP- PREV'!$B$16:$Q$39,16,FALSE) -> 146349
A91: 91 | B91: 15031055-5 | C91: 45936 | F91: B | G91: BARRIOS GODOY JONATHAN FERNANDO | H91: MECANICO | I91: NO OP | K91: =VLOOKUP(B91,'NO OP'!$B$16:$Q$68,16,FALSE) -> 169656
A92: 92 | B92: 20600531-9 | C92: 45945 | F92: B | G92: LOPEZ ARAYA PEDRO BALDOMERO | H92: MECANICO | I92: NO OP | K92: =VLOOKUP(B92,'NO OP'!$B$16:$Q$68,16,FALSE) -> 169656
A93: 93 | B93: 14310737-K | C93: 45728 | F93: B | G93: NARANJO ACUÑA PEDRO GABRIEL | H93: MECANICO | I93: NO OP | K93: =VLOOKUP(B93,'NO OP'!$B$16:$Q$68,16,FALSE) -> 169656
A94: 94 | B94: 15232639-4 | C94: 46156 | F94: B | G94: AVILES VERGARA RODRIGO ALEJANDRO | H94: PERFORISTA | I94: PERFOR. | K94: =VLOOKUP(B94,PERFOR.!$B$4:$AB$25,27,FALSE) -> 100800 | L94: =VLOOKUP(B94,'BONO EXTRA'!$A$7:$AO$84,41,FALSE) -> 0
A95: 95 | B95: 17626566-3 | C95: 45924 | F95: B | G95: BRIONES BRIONES PAUL GIOVANNI | H95: PERFORISTA | I95: PERFOR. | K95: =VLOOKUP(B95,PERFOR.!$B$4:$AB$25,27,FALSE) -> 126150 | L95: =VLOOKUP(B95,'BONO EXTRA'!$A$7:$AO$84,41,FALSE) -> 2350
A96: 96 | B96: 19041873-1 | C96: 45636 | F96: B | G96: CORTES OLIVARES MAIKOL MANUEL | H96: PERFORISTA | I96: PERFOR. | K96: =VLOOKUP(B96,PERFOR.!$B$4:$AB$25,27,FALSE) -> 142012.5 | L96: =VLOOKUP(B96,'BONO EXTRA'!$A$7:$AO$84,41,FALSE) -> 550
A97: 97 | B97: 16550436-4 | C97: 45924 | F97: B | G97: MOYANO GUERRERO MILENCO ALEXIS | H97: PERFORISTA | I97: PERFOR. | K97: =VLOOKUP(B97,PERFOR.!$B$4:$AB$25,27,FALSE) -> 126150 | L97: =VLOOKUP(B97,'BONO EXTRA'!$A$7:$AO$84,41,FALSE) -> 150
A98: 98 | B98: 16442931-8 | C98: 45636 | F98: B | G98: ROJAS JOPIA DIEGO ALEJANDRO | H98: PERFORISTA | I98: PERFOR. | K98: =VLOOKUP(B98,PERFOR.!$B$4:$AB$25,27,FALSE) -> 41475 | L98: =VLOOKUP(B98,'BONO EXTRA'!$A$7:$AO$84,41,FALSE) -> 1387.5
A99: 99 | B99: 16442547-9 | C99: 45636 | F99: B | G99: ROJAS ROJAS MARCO ANDRES | H99: PERFORISTA | I99: PERFOR. | K99: =VLOOKUP(B99,PERFOR.!$B$4:$AB$25,27,FALSE) -> 148087.5 | L99: =VLOOKUP(B99,'BONO EXTRA'!$A$7:$AO$84,41,FALSE) -> 487.5
A100: 100 | B100: 16133155-4 | C100: 46101 | F100: B | G100: SASSO ARAYA SEBASTIAN ENRIQUE | H100: PERFORISTA | I100: PERFOR. | K100: =VLOOKUP(B100,PERFOR.!$B$4:$AB$25,27,FALSE) -> 100800 | L100: =VLOOKUP(B100,'BONO EXTRA'!$A$7:$AO$84,41,FALSE) -> 900
...

Sheet ASISTENCIA JULIO
B1: NOCHE | C1: NUEVOS INGRESOS | D1: HOTEL | F1: DESCANSO | G1: JULIO | AL1: JULIO | AP1: DICIEMBRE
A2: Lic | B2: DÍA | C2: PERMISO | D2: VACACIONES | F2: FALLA | G2: M | H2: M | I2: J | J2: V | K2: S | L2: D | M2: L | N2: M | O2: M | P2: J | Q2: V | R2: S | S2: D | T2: L | U2: M | V2: M | W2: J | X2: V | Y2: S | Z2: D | AA2: L | AB2: M | AC2: M | AD2: J | AE2: V | AF2: S | AG2: D | AH2: L | AI2: M | AJ2: M | AK2: J | AP2: HH
A3: NRO | B3: RUT | C3: NOMBRE | D3: TURNO | E3: GENERO | F3: CARGO | G3: 1 | H3: 2 | I3: 3 | J3: 4 | K3: 5 | L3: 6 | M3: 7 | N3: 8 | O3: 9 | P3: 10 | Q3: 11 | R3: 12 | S3: 13 | T3: 14 | U3: 15 | V3: 16 | W3: 17 | X3: 18 | Y3: 19 | Z3: 20 | AA3: 21 | AB3: 22 | AC3: 23 | AD3: 24 | AE3: 25 | AF3: 26 | AG3: 27 | AH3: 28 | AI3: 29 | AJ3: 30 | AK3: 31 | AL3: DÍA | AM3: Descanso | AN3: NOCHE | AO3: TOTAL | AP3: DIA
A4: 1 | B4: 12419789-9 | C4: NUÑEZ GONZALEZ ROBERTO CARLOS | D4: 4X3 | E4: M | F4: ADC | G4: D | H4: D | I4: DE | J4: DE | K4: DE | L4: D | M4: D | N4: D | O4: D | P4: DE | Q4: DE | R4: DE | S4: D | T4: D | U4: D | V4: DE | W4: DE | X4: DE | Y4: DE | Z4: D | AA4: D | AB4: D | AC4: D | AD4: DE | AE4: DE | AF4: DE | AG4: D | AH4: D | AI4: D | AJ4: D | AK4: DE | AL4: =COUNTIF(G4:AK4,"D") -> 17 | AM4: =COUNTIF(G4:AK4,"DE") -> 14 | AN4: =COUNTIF(G4:AK4,"N") -> 0 | AO4: =SUM(AL4:AN4) -> 31 | AP4: =COUNTIF(G4:AK4,"D")+COUNTIF(G4:AK4,"N") -> 17
A5: =A4+1 -> 2 | B5: 122192016 | C5: ALFARO VEAS RODRIGO FERNANDO | D5: 4X3 | E5: M | F5: LIDER HSEC | G5: D | H5: D | I5: DE | J5: DE | K5: DE | L5: D | M5: D | N5: D | O5: D | P5: DE | Q5: DE | R5: DE | S5: D | T5: D | U5: D | V5: DE | W5: DE | X5: DE | Y5: DE | Z5: D | AA5: D | AB5: D | AC5: D | AD5: DE | AE5: DE | AF5: DE | AG5: D | AH5: D | AI5: D | AJ5: D | AK5: DE | AL5: =COUNTIF(G5:AK5,"D") -> 17 | AM5: =COUNTIF(G5:AK5,"DE") -> 14 | AN5: =COUNTIF(G5:AK5,"N") -> 0 | AO5: =SUM(AL5:AN5) -> 31 | AP5: =COUNTIF(G5:AK5,"D")+COUNTIF(G5:AK5,"N") -> 17
A6: =A5+1 -> 3 | B6: 15050618-2 | C6: VIGORENA DUARTE KAREN ANDREA | D6: 4X3 | E6: F | F6: ADMINISTRATIVA/O DE FAENA | G6: DE | H6: DE | I6: D | J6: D | K6: D | L6: D | M6: D | N6: D | O6: D | P6: D | Q6: D | R6: D | S6: DE | T6: DE | U6: DE | V6: DE | W6: DE | X6: DE | Y6: DE | Z6: DE | AA6: DE | AB6: DE | AC6: D | AD6: D | AE6: D | AF6: D | AG6: D | AH6: D | AI6: D | AJ6: D | AK6: D | AL6: =COUNTIF(G6:AK6,"D") -> 19 | AM6: =COUNTIF(G6:AK6,"DE") -> 12 | AN6: =COUNTIF(G6:AK6,"N") -> 0 | AO6: =SUM(AL6:AN6) -> 31 | AP6: =COUNTIF(G6:AK6,"D")+COUNTIF(G6:AK6,"N") -> 19
A7: =A6+1 -> 4 | B7: 16442692-0 | C7: AGUIRRE CASTILLO ANITA FERNANDA | D7: A | E7: F | F7: PREVENCIONISTA | G7: DE | H7: DE | I7: D | J7: D | K7: D | L7: D | M7: D | N7: D | O7: D | P7: D | Q7: D | R7: D | S7: DE | T7: DE | U7: DE | V7: DE | W7: DE | X7: DE | Y7: DE | Z7: DE | AA7: DE | AB7: DE | AC7: D | AD7: D | AE7: D | AF7: D | AG7: D | AH7: D | AI7: D | AJ7: D | AK7: D | AL7: =COUNTIF(G7:AK7,"D") -> 19 | AM7: =COUNTIF(G7:AK7,"DE") -> 12 | AN7: =COUNTIF(G7:AK7,"N") -> 0 | AO7: =SUM(AL7:AN7) -> 31 | AP7: =COUNTIF(G7:AK7,"D")+COUNTIF(G7:AK7,"N") -> 19
A8: =A7+1 -> 5 | B8: 21236457-6 | C8: ANGEL MUNITA DIANA CATALINA | D8: A | E8: F | F8: AYUDANTE DE PERFORISTA | G8: DE | H8: DE | I8: N | J8: N | K8: N | L8: N | M8: N | N8: N | O8: N | P8: N | Q8: N | R8: N | S8: DE | T8: DE | U8: DE | V8: DE | W8: DE | X8: DE | Y8: DE | Z8: DE | AA8: DE | AB8: DE | AC8: D | AD8: D | AE8: D | AF8: D | AG8: D | AH8: D | AI8: D | AJ8: D | AK8: D | AL8: =COUNTIF(G8:AK8,"D") -> 9 | AM8: =COUNTIF(G8:AK8,"DE") -> 12 | AN8: =COUNTIF(G8:AK8,"N") -> 10 | AO8: =SUM(AL8:AN8) -> 31 | AP8: =COUNTIF(G8:AK8,"D")+COUNTIF(G8:AK8,"N") -> 19
A9: =A8+1 -> 6 | B9: 21637836-9 | C9: AQUEA GONZALEZ MARIO ALBERTO | D9: A | E9: M | F9: AYUDANTE DE PERFORISTA(RIGGER) | G9: DE | H9: DE | I9: N | J9: N | K9: N | L9: N | M9: N | N9: N | O9: N | P9: N | Q9: N | R9: N | S9: DE | T9: DE | U9: DE | V9: DE | W9: DE | X9: DE | Y9: DE | Z9: DE | AA9: DE | AB9: DE | AC9: L | AD9: L | AE9: L | AF9: L | AG9: L | AH9: L | AI9: L | AJ9: L | AK9: L | AL9: =COUNTIF(G9:AK9,"D") -> 0 | AM9: =COUNTIF(G9:AK9,"DE") -> 12 | AN9: =COUNTIF(G9:AK9,"N") -> 10 | AO9: =SUM(AL9:AN9) -> 22 | AP9: =COUNTIF(G9:AK9,"D")+COUNTIF(G9:AK9,"N") -> 10
A10: =A9+1 -> 7 | B10: 15056140-K | C10: ARDILES NUÑEZ JONATHAN ANDRES | D10: A | E10: M | F10: CHOFER | G10: DE | H10: DE | I10: N | J10: N | K10: N | L10: N | M10: N | N10: N | O10: N | P10: N | Q10: N | R10: N | S10: DE | T10: DE | U10: DE | V10: DE | W10: DE | X10: DE | Y10: DE | Z10: DE | AA10: DE | AB10: DE | AC10: D | AD10: D | AE10: D | AF10: D | AG10: D | AH10: D | AI10: D | AJ10: D | AK10: D | AL10: =COUNTIF(G10:AK10,"D") -> 9 | AM10: =COUNTIF(G10:AK10,"DE") -> 12 | AN10: =COUNTIF(G10:AK10,"N") -> 10 | AO10: =SUM(AL10:AN10) -> 31 | AP10: =COUNTIF(G10:AK10,"D")+COUNTIF(G10:AK10,"N") -> 19
A11: =A10+1 -> 8 | B11: 16052742-0 | C11: ARDILES NUÑEZ JOSE MIGUEL | D11: A | E11: M | F11: CHOFER | G11: DE | H11: DE | I11: D | J11: D | K11: D | L11: D | M11: D | N11: D | O11: D | P11: D | Q11: D | R11: D | S11: DE | T11: DE | U11: DE | V11: DE | W11: DE | X11: DE | Y11: DE | Z11: DE | AA11: DE | AB11: DE | AC11: N | AD11: N | AE11: N | AF11: N | AG11: N | AH11: N | AI11: N | AJ11: N | AK11: N | AL11: =COUNTIF(G11:AK11,"D") -> 10 | AM11: =COUNTIF(G11:AK11,"DE") -> 12 | AN11: =COUNTIF(G11:AK11,"N") -> 9 | AO11: =SUM(AL11:AN11) -> 31 | AP11: =COUNTIF(G11:AK11,"D")+COUNTIF(G11:AK11,"N") -> 19
A12: =A11+1 -> 9 | B12: 21336141-4 | C12: ASTORGA PINTO BARBARA ANAIS | D12: A | E12: M | F12: ADMINISTRATIVA/O DE FAENA | G12: DE | H12: DE | I12: D | J12: D | K12: D | L12: D | M12: D | N12: D | O12: D | P12: D | Q12: D | R12: D | S12: DE | T12: DE | U12: DE | V12: DE | W12: DE | X12: DE | Y12: DE | Z12: DE | AA12: DE | AB12: DE | AC12: T | AD12: T | AE12: T | AF12: T | AG12: T | AH12: T | AI12: T | AJ12: T | AK12: T | AL12: =COUNTIF(G12:AK12,"D") -> 10 | AM12: =COUNTIF(G12:AK12,"DE") -> 12 | AN12: =COUNTIF(G12:AK12,"N") -> 0 | AO12: =SUM(AL12:AN12) -> 22 | AP12: =COUNTIF(G12:AK12,"D")+COUNTIF(G12:AK12,"N") -> 10
A13: =A12+1 -> 10 | B13: 17979787-9 | C13: BRICEÑO HONORES JOHN ALEXIS | D13: A | E13: M | F13: PREVENCIONISTA | G13: L | H13: L | I13: L | J13: L | K13: L | L13: L | M13: L | N13: L | O13: L | P13: L | Q13: L | R13: L | S13: L | T13: L | U13: L | V13: L | W13: L | X13: L | Y13: L | Z13: L | AA13: DE | AB13: DE | AC13: T | AD13: T | AE13: T | AF13: T | AG13: T | AH13: T | AI13: T | AJ13: T | AK13: T | AL13: =COUNTIF(G13:AK13,"D") -> 0 | AM13: =COUNTIF(G13:AK13,"DE") -> 2 | AN13: =COUNTIF(G13:AK13,"N") -> 0 | AO13: =SUM(AL13:AN13) -> 2 | AP13: =COUNTIF(G13:AK13,"D")+COUNTIF(G13:AK13,"N") -> 0
A14: =A13+1 -> 11 | B14: 17939732-3 | C14: CASSRA ORELLANA DAVID JESUS | D14: A | E14: M | F14: AYUDANTE DE PERFORISTA(RIGGER) | G14: DE | H14: DE | I14: V | J14: V | K14: V | L14: V | M14: D | N14: D | O14: D | P14: D | Q14: D | R14: D | S14: DE | T14: DE | U14: DE | V14: DE | W14: DE | X14: DE | Y14: DE | Z14: DE | AA14: DE | AB14: DE | AC14: N | AD14: N | AE14: N | AF14: N | AG14: N | AH14: N | AI14: N | AJ14: N | AK14: N | AL14: =COUNTIF(G14:AK14,"D") -> 6 | AM14: =COUNTIF(G14:AK14,"DE") -> 12 | AN14: =COUNTIF(G14:AK14,"N") -> 9 | AO14: =SUM(AL14:AN14) -> 27 | AP14: =COUNTIF(G14:AK14,"D")+COUNTIF(G14:AK14,"N") -> 15
A15: =A14+1 -> 12 | B15: 16581787-7 | C15: CASTILLO VALDIVIA FELIX JOEL | D15: A | E15: M | F15: SOLDADOR | G15: DE | H15: DE | I15: D | J15: D | K15: D | L15: D | M15: D | N15: D | O15: D | P15: D | Q15: D | R15: D | S15: DE | T15: DE | U15: DE | V15: DE | W15: DE | X15: DE | Y15: DE | Z15: DE | AA15: DE | AB15: DE | AC15: D | AD15: D | AE15: D | AF15: D | AG15: D | AH15: D | AI15: D | AJ15: D | AK15: D | AL15: =COUNTIF(G15:AK15,"D") -> 19 | AM15: =COUNTIF(G15:AK15,"DE") -> 12 | AN15: =COUNTIF(G15:AK15,"N") -> 0 | AO15: =SUM(AL15:AN15) -> 31 | AP15: =COUNTIF(G15:AK15,"D")+COUNTIF(G15:AK15,"N") -> 19
A16: =A15+1 -> 13 | B16: 17624527-1 | C16: CASTRO AVALOS NELSON ANDRES | D16: A | E16: M | F16: PERFORISTA | G16: DE | H16: DE | I16: N | J16: N | K16: N | L16: N | M16: N | N16: N | O16: N | P16: N | Q16: N | R16: N | S16: DE | T16: DE | U16: DE | V16: DE | W16: DE | X16: DE | Y16: DE | Z16: DE | AA16: DE | AB16: DE | AC16: D | AD16: D | AE16: D | AF16: D | AG16: D | AH16: D | AI16: D | AJ16: D | AK16: D | AL16: =COUNTIF(G16:AK16,"D") -> 9 | AM16: =COUNTIF(G16:AK16,"DE") -> 12 | AN16: =COUNTIF(G16:AK16,"N") -> 10 | AO16: =SUM(AL16:AN16) -> 31 | AP16: =COUNTIF(G16:AK16,"D")+COUNTIF(G16:AK16,"N") -> 19
A17: =A16+1 -> 14 | B17: 19454353-0 | C17: CASTRO HOHMANN KAZUKI | D17: A | E17: M | F17: AYUDANTE DE PERFORISTA | G17: DE | H17: DE | I17: D | J17: D | K17: D | L17: D | M17: D | N17: D | O17: D | P17: D | Q17: D | R17: D | S17: DE | T17: DE | U17: DE | V17: DE | W17: DE | X17: DE | Y17: DE | Z17: DE | AA17: DE | AB17: DE | AC17: N | AD17: N | AE17: N | AF17: N | AG17: N | AH17: N | AI17: N | AJ17: N | AK17: N | AL17: =COUNTIF(G17:AK17,"D") -> 10 | AM17: =COUNTIF(G17:AK17,"DE") -> 12 | AN17: =COUNTIF(G17:AK17,"N") -> 9 | AO17: =SUM(AL17:AN17) -> 31 | AP17: =COUNTIF(G17:AK17,"D")+COUNTIF(G17:AK17,"N") -> 19
A18: =A17+1 -> 15 | B18: 15446035-7 | C18: COFRE ROMERO VICTORIA DEL PILAR | D18: A | E18: F | F18: BODEGUERA/O | G18: DE | H18: DE | I18: D | J18: D | K18: D | L18: D | M18: L | N18: L | O18: L | P18: L | Q18: L | R18: L | S18: DE | T18: DE | U18: DE | V18: DE | W18: DE | X18: DE | Y18: DE | Z18: DE | AA18: DE | AB18: DE | AC18: D | AD18: D | AE18: D | AF18: D | AG18: D | AH18: D | AI18: D | AJ18: D | AK18: D | AL18: =COUNTIF(G18:AK18,"D") -> 13 | AM18: =COUNTIF(G18:AK18,"DE") -> 12 | AN18: =COUNTIF(G18:AK18,"N") -> 0 | AO18: =SUM(AL18:AN18) -> 25 | AP18: =COUNTIF(G18:AK18,"D")+COUNTIF(G18:AK18,"N") -> 13
A19: =A18+1 -> 16 | B19: 13425369-K | C19: CONTRERAS FLORES RICHARD FERNANDO | D19: A | E19: M | F19: AYUDANTE DE PERFORISTA | G19: DE | H19: DE | I19: N | J19: N | K19: N | L19: N | M19: N | N19: N | O19: N | P19: N | Q19: N | R19: N | S19: DE | T19: DE | U19: DE | V19: DE | W19: DE | X19: DE | Y19: DE | Z19: DE | AA19: DE | AB19: DE | AL19: =COUNTIF(G19:AK19,"D") -> 0 | AM19: =COUNTIF(G19:AK19,"DE") -> 12 | AN19: =COUNTIF(G19:AK19,"N") -> 10 | AO19: =SUM(AL19:AN19) -> 22 | AP19: =COUNTIF(G19:AK19,"D")+COUNTIF(G19:AK19,"N") -> 10
A20: =A19+1 -> 17 | B20: 17629034-K | C20: CORTES GONZALEZ JUAN IGNACIO | D20: A | E20: M | F20: PERFORISTA | G20: DE | H20: DE | I20: DE | J20: DE | K20: DE | L20: DE | M20: DE | N20: N | O20: N | P20: N | Q20: N | R20: N | S20: DE | T20: DE | U20: DE | V20: DE | W20: DE | X20: DE | Y20: DE | Z20: DE | AA20: DE | AB20: DE | AC20: D | AD20: D | AE20: D | AF20: D | AG20: D | AH20: D | AI20: D | AJ20: D | AK20: D | AL20: =COUNTIF(G20:AK20,"D") -> 9 | AM20: =COUNTIF(G20:AK20,"DE") -> 17 | AN20: =COUNTIF(G20:AK20,"N") -> 5 | AO20: =SUM(AL20:AN20) -> 31 | AP20: =COUNTIF(G20:AK20,"D")+COUNTIF(G20:AK20,"N") -> 14
A21: =A20+1 -> 18 | B21: 16280454-5 | C21: ESCALONA VERA MANUEL ANTONIO | D21: A | E21: M | F21: PERFORISTA | G21: DE | H21: DE | I21: D | J21: D | K21: D | L21: D | M21: D | N21: D | O21: D | P21: D | Q21: D | R21: D | S21: DE | T21: DE | U21: DE | V21: DE | W21: DE | X21: DE | Y21: DE | Z21: DE | AA21: DE | AB21: DE | AC21: N | AD21: N | AE21: N | AF21: N | AG21: N | AH21: N | AI21: N | AJ21: N | AK21: N | AL21: =COUNTIF(G21:AK21,"D") -> 10 | AM21: =COUNTIF(G21:AK21,"DE") -> 12 | AN21: =COUNTIF(G21:AK21,"N") -> 9 | AO21: =SUM(AL21:AN21) -> 31 | AP21: =COUNTIF(G21:AK21,"D")+COUNTIF(G21:AK21,"N") -> 19
A22: =A21+1 -> 19 | B22: 17118820-2 | C22: FERNANDEZ CASTILLO CLAUDIO ANDRES | D22: A | E22: M | F22: ADMINISTRATIVA/O DE FAENA | G22: DE | H22: DE | I22: D | J22: D | K22: D | L22: D | M22: D | N22: D | O22: D | P22: D | Q22: D | R22: D | S22: DE | T22: DE | U22: DE | V22: DE | W22: DE | X22: DE | Y22: DE | Z22: DE | AA22: DE | AB22: DE | AC22: D | AD22: D | AE22: D | AF22: D | AG22: D | AH22: D | AI22: D | AJ22: D | AK22: D | AL22: =COUNTIF(G22:AK22,"D") -> 19 | AM22: =COUNTIF(G22:AK22,"DE") -> 12 | AN22: =COUNTIF(G22:AK22,"N") -> 0 | AO22: =SUM(AL22:AN22) -> 31 | AP22: =COUNTIF(G22:AK22,"D")+COUNTIF(G22:AK22,"N") -> 19
A23: =A22+1 -> 20 | B23: 19214178-8 | C23: GAETE PAZ GERARDO ANTONIO | D23: A | E23: M | F23: AYUDANTE DE PERFORISTA | G23: DE | H23: DE | I23: N | J23: N | K23: N | L23: N | M23: N | N23: N | O23: N | P23: N | Q23: N | R23: N | S23: DE | T23: DE | U23: DE | V23: DE | W23: DE | X23: DE | Y23: DE | Z23: DE | AA23: DE | AB23: DE | AC23: D | AD23: D | AE23: D | AF23: D | AG23: D | AH23: D | AI23: D | AJ23: D | AK23: D | AL23: =COUNTIF(G23:AK23,"D") -> 9 | AM23: =COUNTIF(G23:AK23,"DE") -> 12 | AN23: =COUNTIF(G23:AK23,"N") -> 10 | AO23: =SUM(AL23:AN23) -> 31 | AP23: =COUNTIF(G23:AK23,"D")+COUNTIF(G23:AK23,"N") -> 19
A24: =A23+1 -> 21 | B24: 15909798-6 | C24: GALLEGUILLOS ARANCIBIA GABRIEL ALEJANDRO | D24: A | E24: M | F24: MECANICO | G24: DE | H24: DE | I24: D | J24: D | K24: D | L24: D | M24: D | N24: D | O24: D | P24: D | Q24: D | R24: D | S24: DE | T24: DE | U24: DE | V24: DE | W24: DE | X24: DE | Y24: DE | Z24: DE | AA24: DE | AB24: DE | AC24: N | AD24: N | AE24: N | AF24: N | AG24: N | AH24: N | AI24: N | AJ24: N | AK24: N | AL24: =COUNTIF(G24:AK24,"D") -> 10 | AM24: =COUNTIF(G24:AK24,"DE") -> 12 | AN24: =COUNTIF(G24:AK24,"N") -> 9 | AO24: =SUM(AL24:AN24) -> 31 | AP24: =COUNTIF(G24:AK24,"D")+COUNTIF(G24:AK24,"N") -> 19
A25: =A24+1 -> 22 | B25: 16892590-5 | C25: GALLEGUILLOS DIAZ ERIC ALFONSO | D25: A | E25: M | F25: AYUDANTE DE PERFORISTA | G25: DE | H25: DE | I25: V | J25: V | K25: V | L25: V | M25: V | N25: V | O25: V | P25: V | Q25: V | R25: V | S25: DE | T25: DE | U25: DE | V25: DE | W25: DE | X25: DE | Y25: DE | Z25: DE | AA25: DE | AB25: DE | AC25: N | AD25: N | AE25: N | AF25: N | AG25: N | AH25: N | AI25: N | AJ25: N | AK25: N | AL25: =COUNTIF(G25:AK25,"D") -> 0 | AM25: =COUNTIF(G25:AK25,"DE") -> 12 | AN25: =COUNTIF(G25:AK25,"N") -> 9 | AO25: =SUM(AL25:AN25) -> 21 | AP25: =COUNTIF(G25:AK25,"D")+COUNTIF(G25:AK25,"N") -> 9
A26: =A25+1 -> 23 | B26: 17827549-6 | C26: GONZALEZ ROMERO JUAN EDUARDO | D26: A | E26: M | F26: AYUDANTE DE PERFORISTA | G26: DE | H26: DE | I26: D | J26: D | K26: D | L26: D | M26: D | N26: D | O26: D | P26: D | Q26: D | R26: D | S26: DE | T26: DE | U26: DE | V26: DE | W26: DE | X26: DE | Y26: DE | Z26: DE | AA26: DE | AB26: DE | AC26: N | AD26: N | AE26: N | AF26: N | AG26: N | AH26: N | AI26: N | AJ26: N | AK26: N | AL26: =COUNTIF(G26:AK26,"D") -> 10 | AM26: =COUNTIF(G26:AK26,"DE") -> 12 | AN26: =COUNTIF(G26:AK26,"N") -> 9 | AO26: =SUM(AL26:AN26) -> 31 | AP26: =COUNTIF(G26:AK26,"D")+COUNTIF(G26:AK26,"N") -> 19
A27: =A26+1 -> 24 | B27: 17294242-3 | C27: JERALDO CORTES DANIEL EDUARDO | D27: A | E27: M | F27: PERFORISTA | G27: DE | H27: DE | I27: N | J27: N | K27: N | L27: N | M27: N | N27: N | O27: N | P27: N | Q27: N | R27: N | S27: DE | T27: DE | U27: DE | V27: DE | W27: DE | X27: DE | Y27: DE | Z27: DE | AA27: DE | AB27: DE | AC27: D | AD27: D | AE27: D | AF27: D | AG27: D | AH27: D | AI27: D | AJ27: D | AK27: D | AL27: =COUNTIF(G27:AK27,"D") -> 9 | AM27: =COUNTIF(G27:AK27,"DE") -> 12 | AN27: =COUNTIF(G27:AK27,"N") -> 10 | AO27: =SUM(AL27:AN27) -> 31 | AP27: =COUNTIF(G27:AK27,"D")+COUNTIF(G27:AK27,"N") -> 19
A28: =A27+1 -> 25 | B28: 17294428-0 | C28: JIMENEZ VEGA LUIS RENATO DE JESUS | D28: A | E28: M | F28: CHOFER | G28: DE | H28: DE | I28: D | J28: D | K28: D | L28: D | M28: D | N28: D | O28: D | P28: D | Q28: D | R28: D | S28: DE | T28: DE | U28: DE | V28: DE | W28: DE | X28: DE | Y28: DE | Z28: DE | AA28: DE | AB28: DE | AC28: N | AD28: N | AE28: N | AF28: N | AG28: N | AH28: N | AI28: N | AJ28: N | AK28: N | AL28: =COUNTIF(G28:AK28,"D") -> 10 | AM28: =COUNTIF(G28:AK28,"DE") -> 12 | AN28: =COUNTIF(G28:AK28,"N") -> 9 | AO28: =SUM(AL28:AN28) -> 31 | AP28: =COUNTIF(G28:AK28,"D")+COUNTIF(G28:AK28,"N") -> 19
A29: =A28+1 -> 26 | B29: 12115176-6 | C29: LEIVA LEIVA FRANCISCO JAVIER | D29: A | E29: M | F29: PERFORISTA | G29: DE | H29: DE | I29: D | J29: D | K29: D | L29: D | M29: D | N29: D | O29: D | P29: D | Q29: D | R29: D | S29: DE | T29: DE | U29: DE | V29: DE | W29: DE | X29: DE | Y29: DE | Z29: DE | AA29: DE | AB29: DE | AC29: N | AD29: N | AE29: N | AF29: N | AG29: N | AH29: N | AI29: N | AJ29: N | AK29: N | AL29: =COUNTIF(G29:AK29,"D") -> 10 | AM29: =COUNTIF(G29:AK29,"DE") -> 12 | AN29: =COUNTIF(G29:AK29,"N") -> 9 | AO29: =SUM(AL29:AN29) -> 31 | AP29: =COUNTIF(G29:AK29,"D")+COUNTIF(G29:AK29,"N") -> 19
A30: =A29+1 -> 27 | B30: 18688482-5 | C30: LORCA SANCHEZ LUIS DAVID | D30: A | E30: M | F30: PREVENCIONISTA | G30: DE | H30: DE | I30: LS | J30: LS | K30: LS | L30: D | M30: D | N30: D | O30: DE | P30: DE | Q30: DE | R30: DE | S30: DE | T30: DE | U30: D | V30: D | W30: D | X30: D | Y30: D | Z30: D | AA30: D | AB30: D | AC30: DE | AD30: DE | AE30: DE | AF30: DE | AG30: DE | AH30: DE | AI30: DE | AJ30: DE | AK30: DE | AL30: =COUNTIF(G30:AK30,"D") -> 11 | AM30: =COUNTIF(G30:AK30,"DE") -> 17 | AN30: =COUNTIF(G30:AK30,"N") -> 0 | AO30: =SUM(AL30:AN30) -> 28 | AP30: =COUNTIF(G30:AK30,"D")+COUNTIF(G30:AK30,"N") -> 11
A31: =A30+1 -> 28 | B31: 18633143-5 | C31: MALDONADO MONDACA CRISTOFER JESUS | D31: A | E31: M | F31: CHOFER | G31: DE | H31: DE | I31: N | J31: N | K31: N | L31: N | M31: N | N31: N | O31: N | P31: N | Q31: N | R31: N | S31: DE | T31: DE | U31: DE | V31: DE | W31: DE | X31: DE | Y31: DE | Z31: DE | AA31: DE | AB31: DE | AC31: D | AD31: D | AE31: D | AF31: D | AG31: D | AH31: D | AI31: D | AJ31: D | AK31: D | AL31: =COUNTIF(G31:AK31,"D") -> 9 | AM31: =COUNTIF(G31:AK31,"DE") -> 12 | AN31: =COUNTIF(G31:AK31,"N") -> 10 | AO31: =SUM(AL31:AN31) -> 31 | AP31: =COUNTIF(G31:AK31,"D")+COUNTIF(G31:AK31,"N") -> 19
... A49: =A48+1 -> 46 | B49: 14903561-3 | C49: VALENCIA CAMPOS ANDRES ALEJANDRO | D49: A | E49: M | F49: SUPERVISOR DE OPERACIONES | G49: DE | H49: DE | I49: N | J49: N | K49: N | L49: N | M49: N | N49: N | O49: N | P49: N | Q49: N | R49: N | S49: DE | T49: DE | U49: DE | V49: DE | W49: DE | X49: DE | Y49: DE | Z49: DE | AA49: DE | AB49: DE | AC49: D | AD49: D | AE49: D | AF49: D | AG49: D | AH49: D | AI49: D | AJ49: D | AK49: D | AL49: =COUNTIF(G49:AK49,"D") -> 9 | AM49: =COUNTIF(G49:AK49,"DE") -> 12 | AN49: =COUNTIF(G49:AK49,"N") -> 10 | AO49: =SUM(AL49:AN49) -> 31 | AP49: =COUNTIF(G49:AK49,"D")+COUNTIF(G49:AK49,"N") -> 19
A50: =A49+1 -> 47 | B50: 13743972-7 | C50: VEGA GONZALEZ PATRICIO COLLO | D50: A | E50: M | F50: AYUDANTE DE PERFORISTA(RIGGER) | G50: DE | H50: DE | I50: N | J50: N | K50: N | L50: N | M50: N | N50: N | O50: N | P50: N | Q50: N | R50: N | S50: DE | T50: DE | U50: DE | V50: DE | W50: DE | X50: DE | Y50: DE | Z50: DE | AA50: DE | AB50: DE | AL50: =COUNTIF(G50:AK50,"D") -> 0 | AM50: =COUNTIF(G50:AK50,"DE") -> 12 | AN50: =COUNTIF(G50:AK50,"N") -> 10 | AO50: =SUM(AL50:AN50) -> 22 | AP50: =COUNTIF(G50:AK50,"D")+COUNTIF(G50:AK50,"N") -> 10
A51: =A50+1 -> 48 | B51: 17775054-9 | C51: ZAPATA SEGUEL CARLOS ANDRES | D51: A | E51: M | F51: AYUDANTE DE PERFORISTA | G51: DE | H51: DE | I51: D | J51: D | K51: D | L51: D | M51: D | N51: D | O51: D | P51: D | Q51: D | R51: D | S51: DE | T51: DE | U51: DE | V51: DE | W51: DE | X51: DE | Y51: DE | Z51: DE | AA51: DE | AB51: DE | AC51: N | AD51: N | AE51: N | AF51: N | AG51: N | AH51: N | AI51: N | AJ51: N | AK51: N | AL51: =COUNTIF(G51:AK51,"D") -> 10 | AM51: =COUNTIF(G51:AK51,"DE") -> 12 | AN51: =COUNTIF(G51:AK51,"N") -> 9 | AO51: =SUM(AL51:AN51) -> 31 | AP51: =COUNTIF(G51:AK51,"D")+COUNTIF(G51:AK51,"N") -> 19
A52: =A51+1 -> 49 | B52: 17293946-5 | C52: GONZALEZ JERALDO HAMIR ALONSO | D52: B | E52: M | F52: PERFORISTA (INSTRUCTOR) | G52: D | H52: D | I52: D | J52: D | K52: D | L52: D | M52: D | N52: DE | O52: DE | P52: DE | Q52: DE | R52: DE | S52: DE | T52: DE | U52: L | V52: L | W52: L | X52: L | Y52: L | Z52: L | AA52: L | AB52: L | AC52: L | AD52: L | AE52: L | AF52: L | AG52: L | AH52: L | AI52: L | AJ52: L | AK52: L | AL52: =COUNTIF(G52:AK52,"D") -> 7 | AM52: =COUNTIF(G52:AK52,"DE") -> 7 | AN52: =COUNTIF(G52:AK52,"N") -> 0 | AO52: =SUM(AL52:AN52) -> 14 | AP52: =COUNTIF(G52:AK52,"D")+COUNTIF(G52:AK52,"N") -> 7
A53: =A52+1 -> 50 | B53: 13011075-4 | C53: BORQUEZ CARVAJAL IBAR ALEXIS | D53: AB | E53: M | F53: JEFE DE FAENA | G53: DE | H53: DE | I53: DE | J53: DE | K53: DE | L53: DE | M53: DE | N53: D | O53: D | P53: D | Q53: D | R53: D | S53: D | T53: D | U53: D | V53: D | W53: D | X53: DE | Y53: DE | Z53: DE | AA53: DE | AB53: DE | AC53: DE | AD53: DE | AE53: DE | AF53: DE | AG53: DE | AH53: D | AI53: D | AJ53: D | AK53: D | AL53: =COUNTIF(G53:AK53,"D") -> 14 | AM53: =COUNTIF(G53:AK53,"DE") -> 17 | AN53: =COUNTIF(G53:AK53,"N") -> 0 | AO53: =SUM(AL53:AN53) -> 31 | AP53: =COUNTIF(G53:AK53,"D")+COUNTIF(G53:AK53,"N") -> 14
A54: =A53+1 -> 51 | B54: 17169171-0 | C54: LOPEZ OLAVE LUIS GERARDO | D54: AB | E54: M | F54: MECANICO | G54: DE | H54: DE | I54: DE | J54: DE | K54: DE | L54: DE | M54: DE | N54: D | O54: D | P54: D | Q54: D | R54: D | S54: D | T54: D | U54: D | V54: D | W54: D | X54: DE | Y54: DE | Z54: DE | AA54: DE | AB54: DE | AC54: DE | AD54: DE | AE54: DE | AF54: DE | AG54: DE | AH54: D | AI54: D | AJ54: D | AK54: D | AL54: =COUNTIF(G54:AK54,"D") -> 14 | AM54: =COUNTIF(G54:AK54,"DE") -> 17 | AN54: =COUNTIF(G54:AK54,"N") -> 0 | AO54: =SUM(AL54:AN54) -> 31 | AP54: =COUNTIF(G54:AK54,"D")+COUNTIF(G54:AK54,"N") -> 14
A55: =A54+1 -> 52 | B55: 19948246-7 | C55: RAMIREZ BARRAZA MARCELO GIOVANNI | D55: AB | E55: M | F55: MECANICO | G55: D | H55: D | I55: D | J55: D | K55: D | L55: D | M55: D | N55: DE | O55: DE | P55: DE | Q55: DE | R55: DE | S55: DE | T55: DE | U55: DE | V55: DE | W55: DE | X55: D | Y55: D | Z55: D | AA55: D | AB55: D | AC55: D | AD55: D | AE55: D | AF55: D | AG55: D | AH55: DE | AI55: DE | AJ55: DE | AK55: DE | AL55: =COUNTIF(G55:AK55,"D") -> 17 | AM55: =COUNTIF(G55:AK55,"DE") -> 14 | AN55: =COUNTIF(G55:AK55,"N") -> 0 | AO55: =SUM(AL55:AN55) -> 31 | AP55: =COUNTIF(G55:AK55,"D")+COUNTIF(G55:AK55,"N") -> 17
A56: =A55+1 -> 53 | B56: 16463792-1 | C56: ROJAS MARTINEZ FRANCISCO JAVIER | D56: AB | E56: M | F56: JEFE DE FAENA | G56: D | H56: D | I56: D | J56: D | K56: D | L56: D | M56: D | N56: DE | O56: DE | P56: DE | Q56: DE | R56: DE | S56: DE | T56: DE | U56: DE | V56: DE | W56: DE | X56: D | Y56: D | Z56: D | AA56: D | AB56: D | AC56: D | AD56: D | AE56: D | AF56: D | AG56: D | AH56: DE | AI56: DE | AJ56: DE | AK56: DE | AL56: =COUNTIF(G56:AK56,"D") -> 17 | AM56: =COUNTIF(G56:AK56,"DE") -> 14 | AN56: =COUNTIF(G56:AK56,"N") -> 0 | AO56: =SUM(AL56:AN56) -> 31 | AP56: =COUNTIF(G56:AK56,"D")+COUNTIF(G56:AK56,"N") -> 17
A57: =A56+1 -> 54 | B57: 13748728-4 | C57: ALFARO CASTELLANOS CARLOS JAVIER | D57: B | E57: M | F57: AYUDANTE DE PERFORISTA | G57: D | H57: D | I57: DE | J57: DE | K57: DE | L57: DE | M57: DE | N57: DE | O57: DE | P57: DE | Q57: DE | R57: DE | S57: T | T57: T | U57: T | V57: T | W57: T | X57: T | Y57: T | Z57: T | AA57: T | AB57: T | AC57: T | AD57: T | AE57: T | AF57: T | AG57: T | AH57: T | AI57: T | AJ57: T | AK57: T | AL57: =COUNTIF(G57:AK57,"D") -> 2 | AM57: =COUNTIF(G57:AK57,"DE") -> 10 | AN57: =COUNTIF(G57:AK57,"N") -> 0 | AO57: =SUM(AL57:AN57) -> 12 | AP57: =COUNTIF(G57:AK57,"D")+COUNTIF(G57:AK57,"N") -> 2
A58: =A57+1 -> 55 | B58: 18710376-2 | C58: ALVAREZ RIVERA CARLOS JAVIER | D58: B | E58: M | F58: AYUDANTE DE PERFORISTA | G58: D | H58: D | I58: DE | J58: DE | K58: DE | L58: DE | M58: DE | N58: DE | O58: DE | P58: DE | Q58: DE | R58: DE | S58: N | T58: N | U58: N | V58: N | W58: N | X58: N | Y58: N | Z58: N | AA58: N | AB58: N | AC58: DE | AD58: DE | AE58: DE | AF58: DE | AG58: DE | AH58: DE | AI58: DE | AJ58: DE | AK58: DE | AL58: =COUNTIF(G58:AK58,"D") -> 2 | AM58: =COUNTIF(G58:AK58,"DE") -> 19 | AN58: =COUNTIF(G58:AK58,"N") -> 10 | AO58: =SUM(AL58:AN58) -> 31 | AP58: =COUNTIF(G58:AK58,"D")+COUNTIF(G58:AK58,"N") -> 12
A59: =A58+1 -> 56 | B59: 12951196-6 | C59: APABLAZA GUZMAN ALEJANDRO MIGUEL | D59: A | E59: M | F59: SUPERVISOR DE OPERACIONES | G59: V | H59: V | I59: DE | J59: DE | K59: DE | L59: DE | M59: DE | N59: DE | O59: DE | P59: DE | Q59: DE | R59: DE | S59: N | T59: N | U59: N | V59: N | W59: N | X59: DE | Y59: DE | Z59: DE | AA59: DE | AB59: DE | AC59: D | AD59: D | AE59: D | AF59: D | AG59: D | AH59: DE | AI59: DE | AJ59: DE | AK59: DE | AL59: =COUNTIF(G59:AK59,"D") -> 5 | AM59: =COUNTIF(G59:AK59,"DE") -> 19 | AN59: =COUNTIF(G59:AK59,"N") -> 5 | AO59: =SUM(AL59:AN59) -> 29 | AP59: =COUNTIF(G59:AK59,"D")+COUNTIF(G59:AK59,"N") -> 10
A60: =A59+1 -> 57 | B60: 15785558-1 | C60: ARAYA GALLARDO DANIEL SEBASTIAN | D60: B | E60: M | F60: AYUDANTE DE PERFORISTA | G60: D | H60: D | I60: DE | J60: DE | K60: DE | L60: DE | M60: DE | N60: DE | O60: DE | P60: DE | Q60: DE | R60: DE | S60: N | T60: N | U60: N | V60: N | W60: N | X60: N | Y60: N | Z60: N | AA60: N | AB60: N | AC60: DE | AD60: DE | AE60: DE | AF60: DE | AG60: DE | AH60: DE | AI60: DE | AJ60: DE | AK60: DE | AL60: =COUNTIF(G60:AK60,"D") -> 2 | AM60: =COUNTIF(G60:AK60,"DE") -> 19 | AN60: =COUNTIF(G60:AK60,"N") -> 10 | AO60: =SUM(AL60:AN60) -> 31 | AP60: =COUNTIF(G60:AK60,"D")+COUNTIF(G60:AK60,"N") -> 12
A61: =A60+1 -> 58 | B61: 13423391-5 | C61: ARAYA ROJAS RODRIGO ANDRES | D61: B | E61: M | F61: SUPERVISOR DE OPERACIONES | G61: D | H61: D | I61: DE | J61: DE | K61: DE | L61: DE | M61: DE | N61: DE | O61: DE | P61: DE | Q61: DE | R61: DE | S61: N | T61: N | U61: N | V61: N | W61: N | X61: N | Y61: N | Z61: N | AA61: N | AB61: N | AC61: DE | AD61: DE | AE61: DE | AF61: DE | AG61: DE | AH61: DE | AI61: DE | AJ61: DE | AK61: DE | AL61: =COUNTIF(G61:AK61,"D") -> 2 | AM61: =COUNTIF(G61:AK61,"DE") -> 19 | AN61: =COUNTIF(G61:AK61,"N") -> 10 | AO61: =SUM(AL61:AN61) -> 31 | AP61: =COUNTIF(G61:AK61,"D")+COUNTIF(G61:AK61,"N") -> 12
A62: =A61+1 -> 59 | B62: 15232639-4 | C62: AVILES VERGARA RODRIGO ALEJANDRO | D62: B | E62: M | F62: PERFORISTA | G62: D | H62: D | I62: DE | J62: DE | K62: DE | L62: DE | M62: DE | N62: DE | O62: DE | P62: DE | Q62: DE | R62: DE | S62: N | T62: N | U62: N | V62: N | W62: N | X62: N | Y62: N | Z62: N | AA62: N | AB62: N | AC62: DE | AD62: DE | AE62: DE | AF62: DE | AG62: DE | AH62: DE | AI62: DE | AJ62: DE | AK62: DE | AL62: =COUNTIF(G62:AK62,"D") -> 2 | AM62: =COUNTIF(G62:AK62,"DE") -> 19 | AN62: =COUNTIF(G62:AK62,"N") -> 10 | AO62: =SUM(AL62:AN62) -> 31 | AP62: =COUNTIF(G62:AK62,"D")+COUNTIF(G62:AK62,"N") -> 12
... A102: =A101+1 -> 99 | B102: 17293877-9 | C102: ZEPEDA SOTO ERNESTO ALIRO | D102: B | E102: M | F102: AYUDANTE DE PERFORISTA | G102: D | H102: D | I102: DE | J102: DE | K102: DE | L102: DE | M102: DE | N102: DE | O102: DE | P102: DE | Q102: DE | R102: DE | S102: N | T102: N | U102: N | V102: N | W102: N | X102: N | Y102: N | Z102: N | AA102: N | AB102: N | AC102: DE | AD102: DE | AE102: DE | AF102: DE | AG102: DE | AH102: DE | AI102: DE | AJ102: DE | AK102: DE | AL102: =COUNTIF(G102:AK102,"D") -> 2 | AM102: =COUNTIF(G102:AK102,"DE") -> 19 | AN102: =COUNTIF(G102:AK102,"N") -> 10 | AO102: =SUM(AL102:AN102) -> 31 | AP102: =COUNTIF(G102:AK102,"D")+COUNTIF(G102:AK102,"N") -> 12
A103: =A102+1 -> 100 | B103: 23868099-9 | C103: TINOCO OSPINO JORGE ARMANDO | D103: B | E103: M | F103: CHOFER TRADUCTOR | J103: D | K103: D | L103: DE | M103: DE | N103: DE | O103: DE | P103: DE | Q103: DE | R103: DE | S103: DE | T103: DE | U103: DE | V103: T | W103: T | X103: T | Y103: T | Z103: T | AA103: T | AB103: T | AC103: T | AD103: T | AE103: T | AF103: T | AG103: T | AH103: T | AI103: T | AJ103: T | AK103: T | AL103: =COUNTIF(G103:AK103,"D") -> 2 | AM103: =COUNTIF(G103:AK103,"DE") -> 10 | AN103: =COUNTIF(G103:AK103,"N") -> 0 | AO103: =SUM(AL103:AN103) -> 12 | AP103: =COUNTIF(G103:AK103,"D")+COUNTIF(G103:AK103,"N") -> 2
A104: =A103+1 -> 101 | B104: RA5905928 | C104: MULLAN TRENT GEORGE | D104: BACK UP | E104: M | F104: GERENTE TECNICO CIVIL | G104: D | H104: D | I104: DE | J104: DE | K104: DE | L104: DE | M104: DE | N104: DE | O104: DE | P104: DE | Q104: DE | R104: DE | S104: T | T104: T | U104: T | V104: T | W104: T | X104: T | Y104: T | Z104: T | AA104: T | AB104: T | AC104: T | AD104: T | AE104: T | AF104: T | AG104: T | AH104: T | AI104: T | AJ104: T | AK104: T | AL104: =COUNTIF(G104:AK104,"D") -> 2 | AM104: =COUNTIF(G104:AK104,"DE") -> 10 | AN104: =COUNTIF(G104:AK104,"N") -> 0 | AO104: =SUM(AL104:AN104) -> 12 | AP104: =COUNTIF(G104:AK104,"D")+COUNTIF(G104:AK104,"N") -> 2
A105: =A104+1 -> 102 | B105: 15831074-0 | C105: NAETER QUIROZ ESTEFANIA CONSTANZA | D105: A | E105: F | F105: CHOFER TRADUCTOR | J105: DE | K105: DE | L105: D | M105: D | N105: D | O105: D | P105: T | Q105: T | R105: T | S105: T | T105: T | U105: T | V105: T | W105: T | X105: T | Y105: T | Z105: T | AA105: T | AB105: T | AC105: T | AD105: T | AE105: T | AF105: T | AG105: T | AH105: T | AI105: T | AJ105: T | AK105: T | AL105: =COUNTIF(G105:AK105,"D") -> 4 | AM105: =COUNTIF(G105:AK105,"DE") -> 2 | AN105: =COUNTIF(G105:AK105,"N") -> 0 | AO105: =SUM(AL105:AN105) -> 6 | AP105: =COUNTIF(G105:AK105,"D")+COUNTIF(G105:AK105,"N") -> 4
A106: =A105+1 -> 103 | B106: 120321557 | C106: WHITEHURST MEJIA STEWART PHILLIP | D106: B | E106: M | F106: PERFORISTA | J106: D | K106: D | L106: DE | M106: DE | N106: DE | O106: DE | P106: DE | Q106: DE | R106: DE | S106: DE | T106: DE | U106: DE | V106: T | W106: T | X106: T | Y106: T | Z106: T | AA106: T | AB106: T | AC106: T | AD106: T | AE106: T | AF106: T | AG106: T | AH106: T | AI106: T | AJ106: T | AK106: T | AL106: =COUNTIF(G106:AK106,"D") -> 2 | AM106: =COUNTIF(G106:AK106,"DE") -> 10 | AN106: =COUNTIF(G106:AK106,"N") -> 0 | AO106: =SUM(AL106:AN106) -> 12 | AP106: =COUNTIF(G106:AK106,"D")+COUNTIF(G106:AK106,"N") -> 2
A107: =A106+1 -> 104 | B107: 13173870-6 | C107: ARAYA REYES DANIEL OSVALDO | D107: A | E107: M | F107: PERFORISTA | G107: DE | H107: DE | I107: T | J107: T | K107: T | L107: T | M107: T | N107: T | O107: T | P107: T | Q107: T | R107: T | S107: T | T107: T | U107: T | V107: T | W107: T | X107: T | Y107: T | Z107: T | AA107: T | AB107: T | AC107: T | AD107: T | AE107: T | AF107: T | AG107: T | AH107: T | AI107: T | AJ107: T | AK107: T | AL107: =COUNTIF(G107:AK107,"D") -> 0 | AM107: =COUNTIF(G107:AK107,"DE") -> 2 | AN107: =COUNTIF(G107:AK107,"N") -> 0 | AO107: =SUM(AL107:AN107) -> 2 | AP107: =COUNTIF(G107:AK107,"D")+COUNTIF(G107:AK107,"N") -> 0
A108: =A107+1 -> 105 | B108: 10997323-8 | C108: ASTROZA INOSTROZA WILLIAMS RENAN | D108: B | E108: M | F108: CHOFER | G108: V | H108: V | I108: DE | J108: DE | K108: DE | L108: DE | M108: DE | N108: DE | O108: DE | P108: DE | Q108: DE | R108: DE | S108: T | T108: T | U108: T | V108: T | W108: T | X108: T | Y108: T | Z108: T | AA108: T | AB108: T | AC108: T | AD108: T | AE108: T | AF108: T | AG108: T | AH108: T | AI108: T | AJ108: T | AK108: T | AL108: =COUNTIF(G108:AK108,"D") -> 0 | AM108: =COUNTIF(G108:AK108,"DE") -> 10 | AN108: =COUNTIF(G108:AK108,"N") -> 0 | AO108: =SUM(AL108:AN108) -> 10 | AP108: =COUNTIF(G108:AK108,"D")+COUNTIF(G108:AK108,"N") -> 0
A109: =A108+1 -> 106 | B109: 17521166-7 | C109: BOSSA ZAMORANO PABLO ROMARIO | D109: A | E109: M | F109: CHOFER | G109: DE | H109: DE | I109: T | J109: T | K109: T | L109: T | M109: T | N109: T | O109: T | P109: T | Q109: T | R109: T | S109: T | T109: T | U109: T | V109: T | W109: T | X109: T | Y109: T | Z109: T | AA109: T | AB109: T | AC109: T | AD109: T | AE109: T | AF109: T | AG109: T | AH109: T | AI109: T | AJ109: T | AK109: T | AL109: =COUNTIF(G109:AK109,"D") -> 0 | AM109: =COUNTIF(G109:AK109,"DE") -> 2 | AN109: =COUNTIF(G109:AK109,"N") -> 0 | AO109: =SUM(AL109:AN109) -> 2 | AP109: =COUNTIF(G109:AK109,"D")+COUNTIF(G109:AK109,"N") -> 0
A110: =A109+1 -> 107 | B110: 11345634-5 | C110: CALDERON CALDERON ALBERTO PATRICIO | D110: A | E110: M | F110: SUPERVISOR DE OPERACIONES | G110: DE | H110: DE | I110: T | J110: T | K110: T | L110: T | M110: T | N110: T | O110: T | P110: T | Q110: T | R110: T | S110: T | T110: T | U110: T | V110: T | W110: T | X110: T | Y110: T | Z110: T | AA110: T | AB110: T | AC110: T | AD110: T | AE110: T | AF110: T | AG110: T | AH110: T | AI110: T | AJ110: T | AK110: T | AL110: =COUNTIF(G110:AK110,"D") -> 0 | AM110: =COUNTIF(G110:AK110,"DE") -> 2 | AN110: =COUNTIF(G110:AK110,"N") -> 0 | AO110: =SUM(AL110:AN110) -> 2 | AP110: =COUNTIF(G110:AK110,"D")+COUNTIF(G110:AK110,"N") -> 0
A111: =A110+1 -> 108 | B111: 10362133-K | C111: CASTRO CORTES NIBALDO ENRIQUE | D111: A | E111: M | F111: CHOFER | G111: DE | H111: DE | I111: T | J111: T | K111: T | L111: T | M111: T | N111: T | O111: T | P111: T | Q111: T | R111: T | S111: T | T111: T | U111: T | V111: T | W111: T | X111: T | Y111: T | Z111: T | AA111: T | AB111: T | AC111: T | AD111: T | AE111: T | AF111: T | AG111: T | AH111: T | AI111: T | AJ111: T | AK111: T | AL111: =COUNTIF(G111:AK111,"D") -> 0 | AM111: =COUNTIF(G111:AK111,"DE") -> 2 | AN111: =COUNTIF(G111:AK111,"N") -> 0 | AO111: =SUM(AL111:AN111) -> 2 | AP111: =COUNTIF(G111:AK111,"D")+COUNTIF(G111:AK111,"N") -> 0
A112: =A111+1 -> 109 | B112: 17014579-8 | C112: CASTRO VARAS JOSUE SALOMON | D112: A | E112: M | F112: PERFORISTA | G112: DE | H112: DE | I112: T | J112: T | K112: T | L112: T | M112: T | N112: T | O112: T | P112: T | Q112: T | R112: T | S112: T | T112: T | U112: T | V112: T | W112: T | X112: T | Y112: T | Z112: T | AA112: T | AB112: T | AC112: T | AD112: T | AE112: T | AF112: T | AG112: T | AH112: T | AI112: T | AJ112: T | AK112: T | AL112: =COUNTIF(G112:AK112,"D") -> 0 | AM112: =COUNTIF(G112:AK112,"DE") -> 2 | AN112: =COUNTIF(G112:AK112,"N") -> 0 | AO112: =SUM(AL112:AN112) -> 2 | AP112: =COUNTIF(G112:AK112,"D")+COUNTIF(G112:AK112,"N") -> 0
A113: =A112+1 -> 110 | B113: 20457549-5 | C113: CARMONA LEITON FELIPE ANTONIO | D113: B | E113: M | F113: MECANICO | G113: v | H113: v | I113: DE | J113: DE | K113: DE | L113: DE | M113: DE | N113: DE | O113: DE | P113: DE | Q113: DE | R113: DE | S113: T | T113: T | U113: T | V113: T | W113: T | X113: T | Y113: T | Z113: T | AA113: T | AB113: T | AC113: T | AD113: T | AE113: T | AF113: T | AG113: T | AH113: T | AI113: T | AJ113: T | AK113: T | AL113: =COUNTIF(G113:AK113,"D") -> 0 | AM113: =COUNTIF(G113:AK113,"DE") -> 10 | AN113: =COUNTIF(G113:AK113,"N") -> 0 | AO113: =SUM(AL113:AN113) -> 10 | AP113: =COUNTIF(G113:AK113,"D")+COUNTIF(G113:AK113,"N") -> 0
A114: =A113+1 -> 111 | B114: 11778172-0 | C114: CONTRERAS RIOS ORLANDO PATRICIO | D114: A | E114: M | F114: PERFORISTA | G114: DE | H114: DE | I114: T | J114: T | K114: T | L114: T | M114: T | N114: T | O114: T | P114: T | Q114: T | R114: T | S114: T | T114: T | U114: T | V114: T | W114: T | X114: T | Y114: T | Z114: T | AA114: T | AB114: T | AC114: T | AD114: T | AE114: T | AF114: T | AG114: T | AH114: T | AI114: T | AJ114: T | AK114: T | AL114: =COUNTIF(G114:AK114,"D") -> 0 | AM114: =COUNTIF(G114:AK114,"DE") -> 2 | AN114: =COUNTIF(G114:AK114,"N") -> 0 | AO114: =SUM(AL114:AN114) -> 2 | AP114: =COUNTIF(G114:AK114,"D")+COUNTIF(G114:AK114,"N") -> 0
A115: =A114+1 -> 112 | B115: 19662114-8 | C115: GALVEZ ABALOS BRAHYAN SCARLY | D115: A | E115: M | F115: AYUDANTE DE PERFORISTA(RIGGER) | G115: DE | H115: DE | I115: T | J115: T | K115: T | L115: T | M115: T | N115: T | O115: T | P115: T | Q115: T | R115: T | S115: T | T115: T | U115: T | V115: T | W115: T | X115: T | Y115: T | Z115: T | AA115: T | AB115: T | AC115: T | AD115: T | AE115: T | AF115: T | AG115: T | AH115: T | AI115: T | AJ115: T | AK115: T | AL115: =COUNTIF(G115:AK115,"D") -> 0 | AM115: =COUNTIF(G115:AK115,"DE") -> 2 | AN115: =COUNTIF(G115:AK115,"N") -> 0 | AO115: =SUM(AL115:AN115) -> 2 | AP115: =COUNTIF(G115:AK115,"D")+COUNTIF(G115:AK115,"N") -> 0
A116: =A115+1 -> 113 | B116: 14128763-K | C116: GUERRA CUBILLOS JORGE ANDRES | D116: A | E116: M | F116: SUPERVISOR DE OPERACIONES | G116: DE | H116: DE | I116: T | J116: T | K116: T | L116: T | M116: T | N116: T | O116: T | P116: T | Q116: T | R116: T | S116: T | T116: T | U116: T | V116: T | W116: T | X116: T | Y116: T | Z116: T | AA116: T | AB116: T | AC116: T | AD116: T | AE116: T | AF116: T | AG116: T | AH116: T | AI116: T | AJ116: T | AK116: T | AL116: =COUNTIF(G116:AK116,"D") -> 0 | AM116: =COUNTIF(G116:AK116,"DE") -> 2 | AN116: =COUNTIF(G116:AK116,"N") -> 0 | AO116: =SUM(AL116:AN116) -> 2 | AP116: =COUNTIF(G116:AK116,"D")+COUNTIF(G116:AK116,"N") -> 0
A117: =A116+1 -> 114 | B117: 12982701-7 | C117: VELASQUEZ CIFUENTES MARCO ANTONIO | D117: B | E117: M | F117: AYUDANTE DE PERFORISTA | G117: N | H117: N | I117: DE | J117: DE | K117: DE | L117: DE | M117: DE | N117: DE | O117: DE | P117: DE | Q117: DE | R117: DE | S117: T | T117: T | U117: T | V117: T | W117: T | X117: T | Y117: T | Z117: T | AA117: T | AB117: T | AC117: T | AD117: T | AE117: T | AF117: T | AG117: T | AH117: T | AI117: T | AJ117: T | AK117: T | AL117: =COUNTIF(G117:AK117,"D") -> 0 | AM117: =COUNTIF(G117:AK117,"DE") -> 10 | AN117: =COUNTIF(G117:AK117,"N") -> 2 | AO117: =SUM(AL117:AN117) -> 12 | AP117: =COUNTIF(G117:AK117,"D")+COUNTIF(G117:AK117,"N") -> 2
A118: =A117+1 -> 115 | B118: 12707776-2 | C118: GUTIERREZ FUENTES RICARDO DE LAS NIEVES | D118: B | E118: M | F118: CHOFER | G118: D | H118: D | I118: DE | J118: DE | K118: DE | L118: DE | M118: DE | N118: DE | O118: DE | P118: DE | Q118: DE | R118: DE | S118: T | T118: T | U118: T | V118: T | W118: T | X118: T | Y118: T | Z118: T | AA118: T | AB118: T | AC118: T | AD118: T | AE118: T | AF118: T | AG118: T | AH118: T | AI118: T | AJ118: T | AK118: T | AL118: =COUNTIF(G118:AK118,"D") -> 2 | AM118: =COUNTIF(G118:AK118,"DE") -> 10 | AN118: =COUNTIF(G118:AK118,"N") -> 0 | AO118: =SUM(AL118:AN118) -> 12 | AP118: =COUNTIF(G118:AK118,"D")+COUNTIF(G118:AK118,"N") -> 2
... A124: =A123+1 -> 121 | B124: 18755121-8 | C124: ARANCIBIA LEDEZMA JORGE ANDRES | D124: B | E124: M | F124: AYUDANTE DE PERFORISTA | G124: N | H124: N | I124: DE | J124: DE | K124: DE | L124: DE | M124: DE | N124: DE | O124: DE | P124: DE | Q124: DE | R124: DE | S124: T | T124: T | U124: T | V124: T | W124: T | X124: T | Y124: T | Z124: T | AA124: T | AB124: T | AC124: T | AD124: T | AE124: T | AF124: T | AG124: T | AH124: T | AI124: T | AJ124: T | AK124: T | AL124: =COUNTIF(G124:AK124,"D") -> 0 | AM124: =COUNTIF(G124:AK124,"DE") -> 10 | AN124: =COUNTIF(G124:AK124,"N") -> 2 | AO124: =SUM(AL124:AN124) -> 12 | AP124: =COUNTIF(G124:AK124,"D")+COUNTIF(G124:AK124,"N") -> 2
A125: =A124+1 -> 122 | AL125: =COUNTIF(G125:AK125,"D") -> 0 | AM125: =COUNTIF(G125:AK125,"DE") -> 0 | AN125: =COUNTIF(G125:AK125,"N") -> 0 | AO125: =SUM(AL125:AN125) -> 0 | AP125: =COUNTIF(G125:AK125,"D")+COUNTIF(G125:AK125,"N") -> 0
A126: =A125+1 -> 123 | AL126: =COUNTIF(G126:AK126,"D") -> 0 | AM126: =COUNTIF(G126:AK126,"DE") -> 0 | AN126: =COUNTIF(G126:AK126,"N") -> 0 | AO126: =SUM(AL126:AN126) -> 0 | AP126: =COUNTIF(G126:AK126,"D")+COUNTIF(G126:AK126,"N") -> 0
A127: =A126+1 -> 124 | AL127: =COUNTIF(G127:AK127,"D") -> 0 | AM127: =COUNTIF(G127:AK127,"DE") -> 0 | AN127: =COUNTIF(G127:AK127,"N") -> 0 | AO127: =SUM(AL127:AN127) -> 0 | AP127: =COUNTIF(G127:AK127,"D")+COUNTIF(G127:AK127,"N") -> 0
A128: =A127+1 -> 125 | AL128: =COUNTIF(G128:AK128,"D") -> 0 | AM128: =COUNTIF(G128:AK128,"DE") -> 0 | AN128: =COUNTIF(G128:AK128,"N") -> 0 | AO128: =SUM(AL128:AN128) -> 0 | AP128: =COUNTIF(G128:AK128,"D")+COUNTIF(G128:AK128,"N") -> 0

Sheet NO OP
H1: METROS POR MÁQUINA DDH | P1: METROS RC
C2: VALOR METRO 0-500 | D2: VALOR METRO 501-1000 | E2: VALOR METRO 1001- | J2: 740/7 | N2: 740/14 | P2: 1200-01
J3: 0-500 | K3: 501-1000 | N3: 0-500 | O3: 501-1000 | P3: 0-600
B4: AYUDANTE | C4: 500 | D4: 700 | E4: 900 | G4: TURNO A | J4: ='740-7'!$AN$9 -> 298.3 | K4: ='740-7'!$AO$9 -> 0 | N4: ='740-14 '!$AO$9 -> 411.75 | O4: ='740-14 '!$AP$9 -> 43.75 | P4: ='1200-01'!$AK$9 -> 856
B5: PERFORISTA | C5: 750 | D5: 900 | E5: 1200 | J5: =J4+K4 -> 298.3 | N5: =N4+O4 -> 455.5
G6: TURNO B | J6: ='740-7'!$AP$9 -> 168.2 | K6: ='740-7'!$AQ$9 -> 0 | N6: ='740-14 '!$AQ$9 -> 237.15 | O6: ='740-14 '!$AR$9 -> 6.25 | P6: ='1200-01'!$AL$9 -> 336
C7: 0-600 RC | J7: =J6+K6 -> 168.2 | N7: =N6+O6 -> 243.4
B9: AYUDANTE | C9: 200 | G9: TOTAL MES | J9: 0-500 | K9: 501-1000 | N9: 0-500 | O9: 501-1000 | P9: 0-600
B10: PERFORISTA | C10: 300 | J10: =J4+J6 -> 466.5 | K10: =K4+K6 -> 0 | N10: =N4+N6 -> 648.9 | O10: =O4+O6 -> 50
J11: =J10+K10 -> 466.5 | N11: =N10+O10 -> 698.9 | P11: =P4+P6 -> 1192
B14: TURNO A | I14: METROS | L14: VALOR EN PESO | P14: 25
B15: RUT | C15: FECHA INGRESO MV | D15: FECHA SALIDA | E15: VIGENCIA | F15: NOMBRE | G15: CARGO | H15: MEJOR MAQUINA | I15: 0-500 | J15: 501-1000 | K15: 1001-1500 | L15: VALOR 0-500 | M15: VALOR 501-1000 | N15: VALOR 1001-1500 | O15: TOTAL | P15: ASISTENCIA | Q15: TOTAL A PAGO | R15: OBSERVACION | S15: CONTRATO HASTA | AD15: =$AD$2*AA15 -> 0 | AE15: =$AE$2*AB15 -> 0
B16: 17118820-2 | C16: 45691 | E16: VIGENTE | F16: FERNANDEZ CASTILLO CLAUDIO ANDRES | G16: ADMINISTRATIVA/O DE FAENA | H16: =MAX($H$11:$O$11) -> 698.9 | I16: {=_xlfn.IFS($J$11=MAX($J$11,$N$11),$J$10,$N$11=MAX($J$11,$N$11),$N$10)} -> 648.9 | J16: {=_xlfn.IFS( $J$11=MAX($J$11,$N$11),$K$10, $N$11=MAX($J$11,$N$11),$O$10)} -> 50 | K16: 0 | L16: =I16*$C$4 -> 324450 | M16: =J16*$D$4 -> 35000 | N16: =K16*$E$4 -> 0 | O16: 353450 | P16: =VLOOKUP(B16,'ASISTENCIA JULIO'!$B$4:$AP$128,41,FALSE) -> 19 | Q16: =(O16/$P$14)*P16 -> 268622
B17: 21336141-4 | C17: 46087 | E17: VIGENTE | F17: ASTORGA PINTO BARBARA ANAIS | G17: ADMINISTRATIVA/O DE FAENA | H17: =MAX($H$11:$O$11) -> 698.9 | I17: {=_xlfn.IFS( $H$11=MAX($H$11,$J$11,$L$11,$N$11),$H$10, $J$11=MAX($H$11,$J$11,$L$11,$N$11),$J$10, $L$11=MAX($H$11,$J$11,$L$11,$N$11),$L$10, $N$11=MAX($H$11,$J$11,$L$11,$N$11),$N$10)} -> 648.9 | J17: {=_xlfn.IFS( $J$11=MAX($J$11,$N$11),$K$10, $N$11=MAX($J$11,$N$11),$O$10)} -> 50 | K17: 0 | L17: =I17*$C$4 -> 324450 | M17: =J17*$D$4 -> 35000 | N17: =K17*$E$4 -> 0 | O17: 353450 | P17: =VLOOKUP(B17,'ASISTENCIA JULIO'!$B$4:$AP$128,41,FALSE) -> 10 | Q17: =(O17/$P$14)*P17 -> 141380
B18: 15050618-2 | C18: 45967 | E18: VIGENTE | F18: VIGORENA DUARTE KAREN ANDREA | G18: ADMINISTRATIVA/O DE FAENA | H18: =MAX($H$11:$O$11) -> 698.9 | I18: {=_xlfn.IFS( $H$11=MAX($H$11,$J$11,$L$11,$N$11),$H$10, $J$11=MAX($H$11,$J$11,$L$11,$N$11),$J$10, $L$11=MAX($H$11,$J$11,$L$11,$N$11),$L$10, $N$11=MAX($H$11,$J$11,$L$11,$N$11),$N$10)} -> 648.9 | J18: {=_xlfn.IFS( $J$11=MAX($J$11,$N$11),$K$10, $N$11=MAX($J$11,$N$11),$O$10)} -> 50 | K18: 0 | L18: =I18*$C$4 -> 324450 | M18: =J18*$D$4 -> 35000 | N18: =K18*$E$4 -> 0 | O18: 353450 | P18: =VLOOKUP(B18,'ASISTENCIA JULIO'!$B$4:$AP$128,41,FALSE) -> 19 | Q18: =(O18/$P$14)*P18 -> 268622
B19: 15446035-7 | C19: 45627 | E19: VIGENTE | F19: COFRE ROMERO VICTORIA DEL PILAR | G19: BODEGUERA/O | H19: =MAX($H$11:$O$11) -> 698.9 | I19: {=_xlfn.IFS( $H$11=MAX($H$11,$J$11,$L$11,$N$11),$H$10, $J$11=MAX($H$11,$J$11,$L$11,$N$11),$J$10, $L$11=MAX($H$11,$J$11,$L$11,$N$11),$L$10, $N$11=MAX($H$11,$J$11,$L$11,$N$11),$N$10)} -> 648.9 | J19: {=_xlfn.IFS( $J$11=MAX($J$11,$N$11),$K$10, $N$11=MAX($J$11,$N$11),$O$10)} -> 50 | K19: 0 | L19: =I19*$C$4 -> 324450 | M19: =J19*$D$4 -> 35000 | N19: =K19*$E$4 -> 0 | O19: 353450 | P19: =VLOOKUP(B19,'ASISTENCIA JULIO'!$B$4:$AP$128,41,FALSE) -> 13 | Q19: =(O19/$P$14)*P19 -> 183794
B20: 15056140-K | C20: 45627 | E20: VIGENTE | F20: ARDILES NUÑEZ JONATHAN ANDRES | G20: CHOFER | H20: =MAX($H$11:$O$11) -> 698.9 | I20: {=_xlfn.IFS( $H$11=MAX($H$11,$J$11,$L$11,$N$11),$H$10, $J$11=MAX($H$11,$J$11,$L$11,$N$11),$J$10, $L$11=MAX($H$11,$J$11,$L$11,$N$11),$L$10, $N$11=MAX($H$11,$J$11,$L$11,$N$11),$N$10)} -> 648.9 | J20: {=_xlfn.IFS( $J$11=MAX($J$11,$N$11),$K$10, $N$11=MAX($J$11,$N$11),$O$10)} -> 50 | K20: 0 | L20: =I20*$C$4 -> 324450 | M20: =J20*$D$4 -> 35000 | N20: =K20*$E$4 -> 0 | O20: 353450 | P20: =VLOOKUP(B20,'ASISTENCIA JULIO'!$B$4:$AP$128,41,FALSE) -> 19 | Q20: =(O20/$P$14)*P20 -> 268622
B21: 16052742-0 | C21: 45733 | E21: VIGENTE | F21: ARDILES NUÑEZ JOSE MIGUEL | G21: CHOFER | H21: =MAX($H$11:$O$11) -> 698.9 | I21: {=_xlfn.IFS( $H$11=MAX($H$11,$J$11,$L$11,$N$11),$H$10, $J$11=MAX($H$11,$J$11,$L$11,$N$11),$J$10, $L$11=MAX($H$11,$J$11,$L$11,$N$11),$L$10, $N$11=MAX($H$11,$J$11,$L$11,$N$11),$N$10)} -> 648.9 | J21: {=_xlfn.IFS( $J$11=MAX($J$11,$N$11),$K$10, $N$11=MAX($J$11,$N$11),$O$10)} -> 50 | K21: 0 | L21: =I21*$C$4 -> 324450 | M21: =J21*$D$4 -> 35000 | N21: =K21*$E$4 -> 0 | O21: 353450 | P21: =VLOOKUP(B21,'ASISTENCIA JULIO'!$B$4:$AP$128,41,FALSE) -> 19 | Q21: =(O21/$P$14)*P21 -> 268622
B22: 17294428-0 | C22: 45804 | E22: VIGENTE | F22: JIMENEZ VEGA LUIS RENATO DE JESUS | G22: CHOFER | H22: =MAX($H$11:$O$11) -> 698.9 | I22: {=_xlfn.IFS( $H$11=MAX($H$11,$J$11,$L$11,$N$11),$H$10, $J$11=MAX($H$11,$J$11,$L$11,$N$11),$J$10, $L$11=MAX($H$11,$J$11,$L$11,$N$11),$L$10, $N$11=MAX($H$11,$J$11,$L$11,$N$11),$N$10)} -> 648.9 | J22: {=_xlfn.IFS( $J$11=MAX($J$11,$N$11),$K$10, $N$11=MAX($J$11,$N$11),$O$10)} -> 50 | K22: 0 | L22: =I22*$C$4 -> 324450 | M22: =J22*$D$4 -> 35000 | N22: =K22*$E$4 -> 0 | O22: 353450 | P22: =VLOOKUP(B22,'ASISTENCIA JULIO'!$B$4:$AP$128,41,FALSE) -> 19 | Q22: =(O22/$P$14)*P22 -> 268622
B23: 18633143-5 | C23: 46063 | E23: VIGENTE | F23: MALDONADO MONDACA CRISTOFER JESUS | G23: CHOFER | H23: =MAX($H$11:$O$11) -> 698.9 | I23: {=_xlfn.IFS( $H$11=MAX($H$11,$J$11,$L$11,$N$11),$H$10, $J$11=MAX($H$11,$J$11,$L$11,$N$11),$J$10, $L$11=MAX($H$11,$J$11,$L$11,$N$11),$L$10, $N$11=MAX($H$11,$J$11,$L$11,$N$11),$N$10)} -> 648.9 | J23: {=_xlfn.IFS( $J$11=MAX($J$11,$N$11),$K$10, $N$11=MAX($J$11,$N$11),$O$10)} -> 50 | K23: 0 | L23: =I23*$C$4 -> 324450 | M23: =J23*$D$4 -> 35000 | N23: =K23*$E$4 -> 0 | O23: 353450 | P23: =VLOOKUP(B23,'ASISTENCIA JULIO'!$B$4:$AP$128,41,FALSE) -> 19 | Q23: =(O23/$P$14)*P23 -> 268622
B24: 19460207-3 | C24: 45876 | E24: VIGENTE | F24: POBLETE KUHNE PABLO LUCAS | G24: CHOFER | H24: =MAX($H$11:$O$11) -> 698.9 | I24: {=_xlfn.IFS( $H$11=MAX($H$11,$J$11,$L$11,$N$11),$H$10, $J$11=MAX($H$11,$J$11,$L$11,$N$11),$J$10, $L$11=MAX($H$11,$J$11,$L$11,$N$11),$L$10, $N$11=MAX($H$11,$J$11,$L$11,$N$11),$N$10)} -> 648.9 | J24: {=_xlfn.IFS( $J$11=MAX($J$11,$N$11),$K$10, $N$11=MAX($J$11,$N$11),$O$10)} -> 50 | K24: 0 | L24: =I24*$C$4 -> 324450 | M24: =J24*$D$4 -> 35000 | N24: =K24*$E$4 -> 0 | O24: 353450 | P24: =VLOOKUP(B24,'ASISTENCIA JULIO'!$B$4:$AP$128,41,FALSE) -> 10 | Q24: =(O24/$P$14)*P24 -> 141380 | R24: Traslado el 23-07
B25: 13804452-1 | C25: 45646 | E25: VIGENTE | F25: SANDOVAL SEPULVEDA GERSON ANDRES | G25: CHOFER | H25: =MAX($H$11:$O$11) -> 698.9 | I25: {=_xlfn.IFS( $H$11=MAX($H$11,$J$11,$L$11,$N$11),$H$10, $J$11=MAX($H$11,$J$11,$L$11,$N$11),$J$10, $L$11=MAX($H$11,$J$11,$L$11,$N$11),$L$10, $N$11=MAX($H$11,$J$11,$L$11,$N$11),$N$10)} -> 648.9 | J25: {=_xlfn.IFS( $J$11=MAX($J$11,$N$11),$K$10, $N$11=MAX($J$11,$N$11),$O$10)} -> 50 | K25: 0 | L25: =I25*$C$4 -> 324450 | M25: =J25*$D$4 -> 35000 | N25: =K25*$E$4 -> 0 | O25: 353450 | P25: =VLOOKUP(B25,'ASISTENCIA JULIO'!$B$4:$AP$128,41,FALSE) -> 19 | Q25: =(O25/$P$14)*P25 -> 268622
B26: 15831074-0 | C26: 46049 | E26: VIGENTE | F26: NAETER QUIROZ ESTEFANIA CONSTANZA | G26: CHOFER TRADUCTOR | H26: =MAX($H$11:$O$11) -> 698.9 | I26: {=_xlfn.IFS( $H$11=MAX($H$11,$J$11,$L$11,$N$11),$H$10, $J$11=MAX($H$11,$J$11,$L$11,$N$11),$J$10, $L$11=MAX($H$11,$J$11,$L$11,$N$11),$L$10, $N$11=MAX($H$11,$J$11,$L$11,$N$11),$N$10)} -> 648.9 | J26: {=_xlfn.IFS( $J$11=MAX($J$11,$N$11),$K$10, $N$11=MAX($J$11,$N$11),$O$10)} -> 50 | K26: 0 | L26: =I26*$C$4 -> 324450 | M26: =J26*$D$4 -> 35000 | N26: =K26*$E$4 -> 0 | O26: 353450 | P26: =VLOOKUP(B26,'ASISTENCIA JULIO'!$B$4:$AP$128,41,FALSE) -> 4 | Q26: =(O26/$P$14)*P26 -> 56552
B27: 15909798-6 | C27: 46148 | E27: VIGENTE | F27: GALLEGUILLOS ARANCIBIA GABRIEL ALEJANDRO | G27: MECANICO | H27: =MAX($H$11:$O$11) -> 698.9 | I27: {=_xlfn.IFS( $H$11=MAX($H$11,$J$11,$L$11,$N$11),$H$10, $J$11=MAX($H$11,$J$11,$L$11,$N$11),$J$10, $L$11=MAX($H$11,$J$11,$L$11,$N$11),$L$10, $N$11=MAX($H$11,$J$11,$L$11,$N$11),$N$10)} -> 648.9 | J27: {=_xlfn.IFS( $J$11=MAX($J$11,$N$11),$K$10, $N$11=MAX($J$11,$N$11),$O$10)} -> 50 | K27: 0 | L27: =I27*$C$4 -> 324450 | M27: =J27*$D$4 -> 35000 | N27: =K27*$E$4 -> 0 | O27: 353450 | P27: 19 | Q27: =(O27/$P$14)*P27 -> 268622
B28: 19910908-1 | C28: 45826 | E28: VIGENTE | F28: SANDERSON SALCEDO CRISTOBAL ALEXIC | G28: MECANICO | H28: =MAX($H$11:$O$11) -> 698.9 | I28: {=_xlfn.IFS( $H$11=MAX($H$11,$J$11,$L$11,$N$11),$H$10, $J$11=MAX($H$11,$J$11,$L$11,$N$11),$J$10, $L$11=MAX($H$11,$J$11,$L$11,$N$11),$L$10, $N$11=MAX($H$11,$J$11,$L$11,$N$11),$N$10)} -> 648.9 | J28: {=_xlfn.IFS( $J$11=MAX($J$11,$N$11),$K$10, $N$11=MAX($J$11,$N$11),$O$10)} -> 50 | K28: 0 | L28: =I28*$C$4 -> 324450 | M28: =J28*$D$4 -> 35000 | N28: =K28*$E$4 -> 0 | O28: 353450 | P28: =VLOOKUP(B28,'ASISTENCIA JULIO'!$B$4:$AP$128,41,FALSE) -> 19 | Q28: =(O28/$P$14)*P28 -> 268622
B29: 17998731-7 | C29: 45946 | E29: VIGENTE | F29: RIVERA HERRERA ANGELO PATRICIO | G29: MECANICO FLOTA | H29: =MAX($H$11:$O$11) -> 698.9 | I29: {=_xlfn.IFS( $H$11=MAX($H$11,$J$11,$L$11,$N$11),$H$10, $J$11=MAX($H$11,$J$11,$L$11,$N$11),$J$10, $L$11=MAX($H$11,$J$11,$L$11,$N$11),$L$10, $N$11=MAX($H$11,$J$11,$L$11,$N$11),$N$10)} -> 648.9 | J29: {=_xlfn.IFS( $J$11=MAX($J$11,$N$11),$K$10, $N$11=MAX($J$11,$N$11),$O$10)} -> 50 | K29: 0 | L29: =I29*$C$4 -> 324450 | M29: =J29*$D$4 -> 35000 | N29: =K29*$E$4 -> 0 | O29: 353450 | P29: =VLOOKUP(B29,'ASISTENCIA JULIO'!$B$4:$AP$128,41,FALSE) -> 19 | Q29: =(O29/$P$14)*P29 -> 268622
B30: 16581787-7 | C30: 45946 | E30: VIGENTE | F30: CASTILLO VALDIVIA FELIX JOEL | G30: SOLDADOR | H30: =MAX($H$11:$O$11) -> 698.9 | I30: {=_xlfn.IFS( $H$11=MAX($H$11,$J$11,$L$11,$N$11),$H$10, $J$11=MAX($H$11,$J$11,$L$11,$N$11),$J$10, $L$11=MAX($H$11,$J$11,$L$11,$N$11),$L$10, $N$11=MAX($H$11,$J$11,$L$11,$N$11),$N$10)} -> 648.9 | J30: {=_xlfn.IFS( $J$11=MAX($J$11,$N$11),$K$10, $N$11=MAX($J$11,$N$11),$O$10)} -> 50 | K30: 0 | L30: =I30*$C$4 -> 324450 | M30: =J30*$D$4 -> 35000 | N30: =K30*$E$4 -> 0 | O30: 353450 | P30: =VLOOKUP(B30,'ASISTENCIA JULIO'!$B$4:$AP$128,41,FALSE) -> 19 | Q30: =(O30/$P$14)*P30 -> 268622
B31: 13533794-3 | C31: 45946 | E31: VIGENTE | F31: MUÑOZ PORTILLA CRISTIAN GUMERCINDO | G31: SOLDADOR | H31: =MAX($H$11:$O$11) -> 698.9 | I31: {=_xlfn.IFS( $H$11=MAX($H$11,$J$11,$L$11,$N$11),$H$10, $J$11=MAX($H$11,$J$11,$L$11,$N$11),$J$10, $L$11=MAX($H$11,$J$11,$L$11,$N$11),$L$10, $N$11=MAX($H$11,$J$11,$L$11,$N$11),$N$10)} -> 648.9 | J31: {=_xlfn.IFS( $J$11=MAX($J$11,$N$11),$K$10, $N$11=MAX($J$11,$N$11),$O$10)} -> 50 | K31: 0 | L31: =I31*$C$4 -> 324450 | M31: =J31*$D$4 -> 35000 | N31: =K31*$E$4 -> 0 | O31: 353450 | P31: =VLOOKUP(B31,'ASISTENCIA JULIO'!$B$4:$AP$128,41,FALSE) -> 19 | Q31: =(O31/$P$14)*P31 -> 268622
B32: 13743972-7 | E32: VIGENTE | F32: VEGA GONZALEZ PATRICIO COLLO | G32: RIGGER | H32: =MAX($H$11:$O$11) -> 698.9 | I32: {=_xlfn.IFS( $H$11=MAX($H$11,$J$11,$L$11,$N$11),$H$10, $J$11=MAX($H$11,$J$11,$L$11,$N$11),$J$10, $L$11=MAX($H$11,$J$11,$L$11,$N$11),$L$10, $N$11=MAX($H$11,$J$11,$L$11,$N$11),$N$10)} -> 648.9 | J32: {=_xlfn.IFS( $J$11=MAX($J$11,$N$11),$K$10, $N$11=MAX($J$11,$N$11),$O$10)} -> 50 | K32: 0 | L32: =I32*$C$4 -> 324450 | M32: =J32*$D$4 -> 35000 | N32: =K32*$E$4 -> 0 | O32: 353450 | P32: =VLOOKUP(B32,'ASISTENCIA JULIO'!$B$4:$AP$128,41,FALSE) -> 10 | Q32: =(O32/$P$14)*P32 -> 141380
B41: TURNO B | I41: METROS | L41: VALOR EN PESO
B42: RUT | C42: FECHA INGRESO MV | D42: FECHA SALIDA | E42: VIGENCIA | F42: NOMBRE | G42: CARGO | H42: MEJOR MAQUINA | I42: 0-500 | J42: 501-1000 | K42: 1001-1500 | L42: VALOR 0-500 | M42: VALOR 501-1000 | N42: VALOR 1001-1500 | O42: TOTAL | P42: ASISTENCIA | Q42: TOTAL A PAGO | R42: OBSERVACION | S42: CONTRATO HASTA
B43: 16892086-5 | C43: 45627 | E43: VIGENTE | F43: LISAMBARTH CARABANTES MANUEL ANDRES | G43: ADMINISTRATIVA/O DE FAENA | H43: =MAX($H$11:$O$11) -> 698.9 | I43: {=_xlfn.IFS( $H$11=MAX($H$11,$J$11,$L$11,$N$11),$H$10, $J$11=MAX($H$11,$J$11,$L$11,$N$11),$J$10, $L$11=MAX($H$11,$J$11,$L$11,$N$11),$L$10, $N$11=MAX($H$11,$J$11,$L$11,$N$11),$N$10)} -> 648.9 | J43: {=_xlfn.IFS( $H$11=MAX($H$11,$J$11,$L$11,$N$11),$I$10, $J$11=MAX($H$11,$J$11,$L$11,$N$11),$K$10, $L$11=MAX($H$11,$J$11,$L$11,$N$11),$M$10, $N$11=MAX($H$11,$J$11,$L$11,$N$11),$O$10)} -> 50 | K43: 0 | L43: =I43*$C$4 -> 324450 | M43: =J43*$D$4 -> 35000 | N43: =K43*$E$4 -> 0 | O43: 353450 | P43: =VLOOKUP(B43,'ASISTENCIA JULIO'!$B$4:$AP$128,41,FALSE) -> 12 | Q43: =(O43/$P$14)*P43 -> 169656
B44: 10726051-k | C44: 46114 | E44: VIGENTE | F44: SOTO FARIÑA JORGE IVAN | G44: ADMINISTRATIVA/O DE FAENA | H44: =MAX($H$11:$O$11) -> 698.9 | I44: {=_xlfn.IFS( $H$11=MAX($H$11,$J$11,$L$11,$N$11),$H$10, $J$11=MAX($H$11,$J$11,$L$11,$N$11),$J$10, $L$11=MAX($H$11,$J$11,$L$11,$N$11),$L$10, $N$11=MAX($H$11,$J$11,$L$11,$N$11),$N$10)} -> 648.9 | J44: {=_xlfn.IFS( $H$11=MAX($H$11,$J$11,$L$11,$N$11),$I$10, $J$11=MAX($H$11,$J$11,$L$11,$N$11),$K$10, $L$11=MAX($H$11,$J$11,$L$11,$N$11),$M$10, $N$11=MAX($H$11,$J$11,$L$11,$N$11),$O$10)} -> 50 | K44: 0 | L44: =I44*$C$4 -> 324450 | M44: =J44*$D$4 -> 35000 | N44: =K44*$E$4 -> 0 | O44: 353450 | P44: =VLOOKUP(B44,'ASISTENCIA JULIO'!$B$4:$AP$128,41,FALSE) -> 2 | Q44: =(O44/$P$14)*P44 -> 28276
B45: 19825638-2 | C45: 45636 | E45: VIGENTE | F45: SOTO FLORES JENNIFER ALEJANDRA | G45: BODEGUERA/O | H45: =MAX($H$11:$O$11) -> 698.9 | I45: {=_xlfn.IFS( $H$11=MAX($H$11,$J$11,$L$11,$N$11),$H$10, $J$11=MAX($H$11,$J$11,$L$11,$N$11),$J$10, $L$11=MAX($H$11,$J$11,$L$11,$N$11),$L$10, $N$11=MAX($H$11,$J$11,$L$11,$N$11),$N$10)} -> 648.9 | J45: {=_xlfn.IFS( $H$11=MAX($H$11,$J$11,$L$11,$N$11),$I$10, $J$11=MAX($H$11,$J$11,$L$11,$N$11),$K$10, $L$11=MAX($H$11,$J$11,$L$11,$N$11),$M$10, $N$11=MAX($H$11,$J$11,$L$11,$N$11),$O$10)} -> 50 | K45: 0 | L45: =I45*$C$4 -> 324450 | M45: =J45*$D$4 -> 35000 | N45: =K45*$E$4 -> 0 | O45: 353450 | P45: =VLOOKUP(B45,'ASISTENCIA JULIO'!$B$4:$AP$128,41,FALSE) -> 12 | Q45: =(O45/$P$14)*P45 -> 169656
B46: 18403993-1 | C46: 46176 | E46: VIGENTE | F46: CARO GALLARDO JOEL | G46: CHOFER | H46: =MAX($H$11:$O$11) -> 698.9 | I46: {=_xlfn.IFS( $H$11=MAX($H$11,$J$11,$L$11,$N$11),$H$10, $J$11=MAX($H$11,$J$11,$L$11,$N$11),$J$10, $L$11=MAX($H$11,$J$11,$L$11,$N$11),$L$10, $N$11=MAX($H$11,$J$11,$L$11,$N$11),$N$10)} -> 648.9 | J46: {=_xlfn.IFS( $H$11=MAX($H$11,$J$11,$L$11,$N$11),$I$10, $J$11=MAX($H$11,$J$11,$L$11,$N$11),$K$10, $L$11=MAX($H$11,$J$11,$L$11,$N$11),$M$10, $N$11=MAX($H$11,$J$11,$L$11,$N$11),$O$10)} -> 50 | K46: 0 | L46: =I46*$C$4 -> 324450 | M46: =J46*$D$4 -> 35000 | N46: =K46*$E$4 -> 0 | O46: 353450 | P46: 12 | Q46: =(O46/$P$14)*P46 -> 169656
B47: 12707776-2 | C47: 45836 | E47: VIGENTE | F47: GUTIERREZ FUENTES RICARDO DE LAS NIEVES | G47: CHOFER | H47: =MAX($H$11:$O$11) -> 698.9 | I47: {=_xlfn.IFS( $H$11=MAX($H$11,$J$11,$L$11,$N$11),$H$10, $J$11=MAX($H$11,$J$11,$L$11,$N$11),$J$10, $L$11=MAX($H$11,$J$11,$L$11,$N$11),$L$10, $N$11=MAX($H$11,$J$11,$L$11,$N$11),$N$10)} -> 648.9 | J47: {=_xlfn.IFS( $H$11=MAX($H$11,$J$11,$L$11,$N$11),$I$10, $J$11=MAX($H$11,$J$11,$L$11,$N$11),$K$10, $L$11=MAX($H$11,$J$11,$L$11,$N$11),$M$10, $N$11=MAX($H$11,$J$11,$L$11,$N$11),$O$10)} -> 50 | K47: 0 | L47: =I47*$C$4 -> 324450 | M47: =J47*$D$4 -> 35000 | N47: =K47*$E$4 -> 0 | O47: 353450 | P47: =VLOOKUP(B47,'ASISTENCIA JULIO'!$B$4:$AP$128,41,FALSE) -> 2 | Q47: =(O47/$P$14)*P47 -> 28276
B48: 16581882-2 | C48: 46063 | E48: VIGENTE | F48: JUAREZ MORALES MIGUEL SEBASTIAN | G48: CHOFER | H48: =MAX($H$11:$O$11) -> 698.9 | I48: {=_xlfn.IFS( $H$11=MAX($H$11,$J$11,$L$11,$N$11),$H$10, $J$11=MAX($H$11,$J$11,$L$11,$N$11),$J$10, $L$11=MAX($H$11,$J$11,$L$11,$N$11),$L$10, $N$11=MAX($H$11,$J$11,$L$11,$N$11),$N$10)} -> 648.9 | J48: {=_xlfn.IFS( $H$11=MAX($H$11,$J$11,$L$11,$N$11),$I$10, $J$11=MAX($H$11,$J$11,$L$11,$N$11),$K$10, $L$11=MAX($H$11,$J$11,$L$11,$N$11),$M$10, $N$11=MAX($H$11,$J$11,$L$11,$N$11),$O$10)} -> 50 | K48: 0 | L48: =I48*$C$4 -> 324450 | M48: =J48*$D$4 -> 35000 | N48: =K48*$E$4 -> 0 | O48: 353450 | P48: =VLOOKUP(B48,'ASISTENCIA JULIO'!$B$4:$AP$128,41,FALSE) -> 2 | Q48: =(O48/$P$14)*P48 -> 28276
B49: 13223287-3 | C49: 45716 | E49: VIGENTE | F49: LOPEZ BARRIOS ESTEBAN DAGOBERTO | G49: CHOFER | H49: =MAX($H$11:$O$11) -> 698.9 | I49: {=_xlfn.IFS( $H$11=MAX($H$11,$J$11,$L$11,$N$11),$H$10, $J$11=MAX($H$11,$J$11,$L$11,$N$11),$J$10, $L$11=MAX($H$11,$J$11,$L$11,$N$11),$L$10, $N$11=MAX($H$11,$J$11,$L$11,$N$11),$N$10)} -> 648.9 | J49: {=_xlfn.IFS( $H$11=MAX($H$11,$J$11,$L$11,$N$11),$I$10, $J$11=MAX($H$11,$J$11,$L$11,$N$11),$K$10, $L$11=MAX($H$11,$J$11,$L$11,$N$11),$M$10, $N$11=MAX($H$11,$J$11,$L$11,$N$11),$O$10)} -> 50 | K49: 0 | L49: =I49*$C$4 -> 324450 | M49: =J49*$D$4 -> 35000 | N49: =K49*$E$4 -> 0 | O49: 353450 | P49: =VLOOKUP(B49,'ASISTENCIA JULIO'!$B$4:$AP$128,41,FALSE) -> 12 | Q49: =(O49/$P$14)*P49 -> 169656
B50: 18575188-0 | C50: 45636 | E50: VIGENTE | F50: LOPEZ GARCIA IVAN ESTEBAN | G50: CHOFER | H50: =MAX($H$11:$O$11) -> 698.9 | I50: {=_xlfn.IFS( $H$11=MAX($H$11,$J$11,$L$11,$N$11),$H$10, $J$11=MAX($H$11,$J$11,$L$11,$N$11),$J$10, $L$11=MAX($H$11,$J$11,$L$11,$N$11),$L$10, $N$11=MAX($H$11,$J$11,$L$11,$N$11),$N$10)} -> 648.9 | J50: {=_xlfn.IFS( $H$11=MAX($H$11,$J$11,$L$11,$N$11),$I$10, $J$11=MAX($H$11,$J$11,$L$11,$N$11),$K$10, $L$11=MAX($H$11,$J$11,$L$11,$N$11),$M$10, $N$11=MAX($H$11,$J$11,$L$11,$N$11),$O$10)} -> 50 | K50: 0 | L50: =I50*$C$4 -> 324450 | M50: =J50*$D$4 -> 35000 | N50: =K50*$E$4 -> 0 | O50: 353450 | P50: =VLOOKUP(B50,'ASISTENCIA JULIO'!$B$4:$AP$128,41,FALSE) -> 12 | Q50: =(O50/$P$14)*P50 -> 169656
B51: 13904830-K | C51: 45719 | E51: VIGENTE | F51: NUÑEZ PENDOLA HUGO ITALO | G51: CHOFER | H51: =MAX($H$11:$O$11) -> 698.9 | I51: {=_xlfn.IFS( $H$11=MAX($H$11,$J$11,$L$11,$N$11),$H$10, $J$11=MAX($H$11,$J$11,$L$11,$N$11),$J$10, $L$11=MAX($H$11,$J$11,$L$11,$N$11),$L$10, $N$11=MAX($H$11,$J$11,$L$11,$N$11),$N$10)} -> 648.9 | J51: {=_xlfn.IFS( $H$11=MAX($H$11,$J$11,$L$11,$N$11),$I$10, $J$11=MAX($H$11,$J$11,$L$11,$N$11),$K$10, $L$11=MAX($H$11,$J$11,$L$11,$N$11),$M$10, $N$11=MAX($H$11,$J$11,$L$11,$N$11),$O$10)} -> 50 | K51: 0 | L51: =I51*$C$4 -> 324450 | M51: =J51*$D$4 -> 35000 | N51: =K51*$E$4 -> 0 | O51: 353450 | P51: =VLOOKUP(B51,'ASISTENCIA JULIO'!$B$4:$AP$128,41,FALSE) -> 12 | Q51: =(O51/$P$14)*P51 -> 169656
B52: 11730786-7 | C52: 45636 | E52: VIGENTE | F52: QUIROZ APABLAZA JAVIER AURELIO | G52: CHOFER | H52: =MAX($H$11:$O$11) -> 698.9 | I52: {=_xlfn.IFS( $H$11=MAX($H$11,$J$11,$L$11,$N$11),$H$10, $J$11=MAX($H$11,$J$11,$L$11,$N$11),$J$10, $L$11=MAX($H$11,$J$11,$L$11,$N$11),$L$10, $N$11=MAX($H$11,$J$11,$L$11,$N$11),$N$10)} -> 648.9 | J52: {=_xlfn.IFS( $H$11=MAX($H$11,$J$11,$L$11,$N$11),$I$10, $J$11=MAX($H$11,$J$11,$L$11,$N$11),$K$10, $L$11=MAX($H$11,$J$11,$L$11,$N$11),$M$10, $N$11=MAX($H$11,$J$11,$L$11,$N$11),$O$10)} -> 50 | K52: 0 | L52: =I52*$C$4 -> 324450 | M52: =J52*$D$4 -> 35000 | N52: =K52*$E$4 -> 0 | O52: 353450 | P52: =VLOOKUP(B52,'ASISTENCIA JULIO'!$B$4:$AP$128,41,FALSE) -> 12 | Q52: =(O52/$P$14)*P52 -> 169656
B53: 15594928-7 | C53: 45915 | E53: VIGENTE | F53: VEGA ASTUDILLO FELIPE OCTAVIO | G53: CHOFER | H53: =MAX($H$11:$O$11) -> 698.9 | I53: {=_xlfn.IFS( $H$11=MAX($H$11,$J$11,$L$11,$N$11),$H$10, $J$11=MAX($H$11,$J$11,$L$11,$N$11),$J$10, $L$11=MAX($H$11,$J$11,$L$11,$N$11),$L$10, $N$11=MAX($H$11,$J$11,$L$11,$N$11),$N$10)} -> 648.9 | J53: {=_xlfn.IFS( $H$11=MAX($H$11,$J$11,$L$11,$N$11),$I$10, $J$11=MAX($H$11,$J$11,$L$11,$N$11),$K$10, $L$11=MAX($H$11,$J$11,$L$11,$N$11),$M$10, $N$11=MAX($H$11,$J$11,$L$11,$N$11),$O$10)} -> 50 | K53: 0 | L53: =I53*$C$4 -> 324450 | M53: =J53*$D$4 -> 35000 | N53: =K53*$E$4 -> 0 | O53: 353450 | P53: =VLOOKUP(B53,'ASISTENCIA JULIO'!$B$4:$AP$128,41,FALSE) -> 2 | Q53: =(O53/$P$14)*P53 -> 28276
B54: 23868099-9 | C54: 46181 | E54: VIGENTE | F54: TINOCO OSPINO JORGE ARMANDO | G54: CHOFER TRADUCTOR | H54: =MAX($H$11:$O$11) -> 698.9 | I54: {=_xlfn.IFS( $H$11=MAX($H$11,$J$11,$L$11,$N$11),$H$10, $J$11=MAX($H$11,$J$11,$L$11,$N$11),$J$10, $L$11=MAX($H$11,$J$11,$L$11,$N$11),$L$10, $N$11=MAX($H$11,$J$11,$L$11,$N$11),$N$10)} -> 648.9 | J54: {=_xlfn.IFS( $H$11=MAX($H$11,$J$11,$L$11,$N$11),$I$10, $J$11=MAX($H$11,$J$11,$L$11,$N$11),$K$10, $L$11=MAX($H$11,$J$11,$L$11,$N$11),$M$10, $N$11=MAX($H$11,$J$11,$L$11,$N$11),$O$10)} -> 50 | K54: 0 | L54: =I54*$C$4 -> 324450 | M54: =J54*$D$4 -> 35000 | N54: =K54*$E$4 -> 0 | O54: 353450 | P54: =VLOOKUP(B54,'ASISTENCIA JULIO'!$B$4:$AP$128,41,FALSE) -> 2 | Q54: =(O54/$P$14)*P54 -> 28276
B55: 15031055-5 | C55: 45936 | E55: VIGENTE | F55: BARRIOS GODOY JONATHAN FERNANDO | G55: MECANICO | H55: =MAX($H$11:$O$11) -> 698.9 | I55: {=_xlfn.IFS( $H$11=MAX($H$11,$J$11,$L$11,$N$11),$H$10, $J$11=MAX($H$11,$J$11,$L$11,$N$11),$J$10, $L$11=MAX($H$11,$J$11,$L$11,$N$11),$L$10, $N$11=MAX($H$11,$J$11,$L$11,$N$11),$N$10)} -> 648.9 | J55: {=_xlfn.IFS( $H$11=MAX($H$11,$J$11,$L$11,$N$11),$I$10, $J$11=MAX($H$11,$J$11,$L$11,$N$11),$K$10, $L$11=MAX($H$11,$J$11,$L$11,$N$11),$M$10, $N$11=MAX($H$11,$J$11,$L$11,$N$11),$O$10)} -> 50 | K55: 0 | L55: =I55*$C$4 -> 324450 | M55: =J55*$D$4 -> 35000 | N55: =K55*$E$4 -> 0 | O55: 353450 | P55: =VLOOKUP(B55,'ASISTENCIA JULIO'!$B$4:$AP$128,41,FALSE) -> 12 | Q55: =(O55/$P$14)*P55 -> 169656
B56: 20600531-9 | C56: 45945 | E56: VIGENTE | F56: LOPEZ ARAYA PEDRO BALDOMERO | G56: MECANICO | H56: =MAX($H$11:$O$11) -> 698.9 | I56: {=_xlfn.IFS( $H$11=MAX($H$11,$J$11,$L$11,$N$11),$H$10, $J$11=MAX($H$11,$J$11,$L$11,$N$11),$J$10, $L$11=MAX($H$11,$J$11,$L$11,$N$11),$L$10, $N$11=MAX($H$11,$J$11,$L$11,$N$11),$N$10)} -> 648.9 | J56: {=_xlfn.IFS( $H$11=MAX($H$11,$J$11,$L$11,$N$11),$I$10, $J$11=MAX($H$11,$J$11,$L$11,$N$11),$K$10, $L$11=MAX($H$11,$J$11,$L$11,$N$11),$M$10, $N$11=MAX($H$11,$J$11,$L$11,$N$11),$O$10)} -> 50 | K56: 0 | L56: =I56*$C$4 -> 324450 | M56: =J56*$D$4 -> 35000 | N56: =K56*$E$4 -> 0 | O56: 353450 | P56: 12 | Q56: =(O56/$P$14)*P56 -> 169656
B57: 14310737-K | C57: 45728 | E57: VIGENTE | F57: NARANJO ACUÑA PEDRO GABRIEL | G57: MECANICO | H57: =MAX($H$11:$O$11) -> 698.9 | I57: {=_xlfn.IFS( $H$11=MAX($H$11,$J$11,$L$11,$N$11),$H$10, $J$11=MAX($H$11,$J$11,$L$11,$N$11),$J$10, $L$11=MAX($H$11,$J$11,$L$11,$N$11),$L$10, $N$11=MAX($H$11,$J$11,$L$11,$N$11),$N$10)} -> 648.9 | J57: {=_xlfn.IFS( $H$11=MAX($H$11,$J$11,$L$11,$N$11),$I$10, $J$11=MAX($H$11,$J$11,$L$11,$N$11),$K$10, $L$11=MAX($H$11,$J$11,$L$11,$N$11),$M$10, $N$11=MAX($H$11,$J$11,$L$11,$N$11),$O$10)} -> 50 | K57: 0 | L57: =I57*$C$4 -> 324450 | M57: =J57*$D$4 -> 35000 | N57: =K57*$E$4 -> 0 | O57: 353450 | P57: =VLOOKUP(B57,'ASISTENCIA JULIO'!$B$4:$AP$128,41,FALSE) -> 12 | Q57: =(O57/$P$14)*P57 -> 169656
B58: 13541133-7 | C58: 45876 | E58: VIGENTE | F58: CORTÉS PAZ JORGE ALEXIS | G58: SOLDADOR | H58: =MAX($H$11:$O$11) -> 698.9 | I58: {=_xlfn.IFS( $H$11=MAX($H$11,$J$11,$L$11,$N$11),$H$10, $J$11=MAX($H$11,$J$11,$L$11,$N$11),$J$10, $L$11=MAX($H$11,$J$11,$L$11,$N$11),$L$10, $N$11=MAX($H$11,$J$11,$L$11,$N$11),$N$10)} -> 648.9 | J58: {=_xlfn.IFS( $H$11=MAX($H$11,$J$11,$L$11,$N$11),$I$10, $J$11=MAX($H$11,$J$11,$L$11,$N$11),$K$10, $L$11=MAX($H$11,$J$11,$L$11,$N$11),$M$10, $N$11=MAX($H$11,$J$11,$L$11,$N$11),$O$10)} -> 50 | K58: 0 | L58: =I58*$C$4 -> 324450 | M58: =J58*$D$4 -> 35000 | N58: =K58*$E$4 -> 0 | O58: 353450 | P58: =VLOOKUP(B58,'ASISTENCIA JULIO'!$B$4:$AP$128,41,FALSE) -> 12 | Q58: =(O58/$P$14)*P58 -> 169656
B59: 18520647-5 | C59: 45959 | E59: VIGENTE | F59: GATICA CASTRO LEONARDO PATRICIO | G59: SOLDADOR | H59: =MAX($H$11:$O$11) -> 698.9 | I59: {=_xlfn.IFS( $H$11=MAX($H$11,$J$11,$L$11,$N$11),$H$10, $J$11=MAX($H$11,$J$11,$L$11,$N$11),$J$10, $L$11=MAX($H$11,$J$11,$L$11,$N$11),$L$10, $N$11=MAX($H$11,$J$11,$L$11,$N$11),$N$10)} -> 648.9 | J59: {=_xlfn.IFS( $H$11=MAX($H$11,$J$11,$L$11,$N$11),$I$10, $J$11=MAX($H$11,$J$11,$L$11,$N$11),$K$10, $L$11=MAX($H$11,$J$11,$L$11,$N$11),$M$10, $N$11=MAX($H$11,$J$11,$L$11,$N$11),$O$10)} -> 50 | K59: 0 | L59: =I59*$C$4 -> 324450 | M59: =J59*$D$4 -> 35000 | N59: =K59*$E$4 -> 0 | O59: 353450 | P59: =VLOOKUP(B59,'ASISTENCIA JULIO'!$B$4:$AP$128,41,FALSE) -> 12 | Q59: =(O59/$P$14)*P59 -> 169656
B60: 16281802-3 | C60: 46063 | E60: VIGENTE | F60: NAVARRO ESPINOZA FRANCISCO JAVIER | G60: ELECTROMECÁNICO | H60: =MAX($H$11:$O$11) -> 698.9 | I60: {=_xlfn.IFS( $H$11=MAX($H$11,$J$11,$L$11,$N$11),$H$10, $J$11=MAX($H$11,$J$11,$L$11,$N$11),$J$10, $L$11=MAX($H$11,$J$11,$L$11,$N$11),$L$10, $N$11=MAX($H$11,$J$11,$L$11,$N$11),$N$10)} -> 648.9 | J60: {=_xlfn.IFS( $H$11=MAX($H$11,$J$11,$L$11,$N$11),$I$10, $J$11=MAX($H$11,$J$11,$L$11,$N$11),$K$10, $L$11=MAX($H$11,$J$11,$L$11,$N$11),$M$10, $N$11=MAX($H$11,$J$11,$L$11,$N$11),$O$10)} -> 50 | K60: 0 | L60: =I60*$C$4 -> 324450 | M60: =J60*$D$4 -> 35000 | N60: =K60*$E$4 -> 0 | O60: 353450 | P60: =VLOOKUP(B60,'ASISTENCIA JULIO'!$B$4:$AP$128,41,FALSE) -> 12 | Q60: =(O60/$P$14)*P60 -> 169656
Q69: =SUM(Q16:Q68) -> 6234858

Sheet SUP- PREV
H1: METROS POR MÁQUINA DDH | P1: METROS RC
C2: VALOR METRO 0-500 | D2: VALOR METRO 501-1000 | E2: VALOR METRO 1001- | J2: 740/7 | N2: 740/14 | P2: 1200-01
J3: 0-500 | K3: 501-1000 | N3: 0-500 | O3: 501-1000 | P3: 0-600
B4: AYUDANTE | C4: 500 | D4: 700 | E4: 900 | G4: TURNO A | J4: ='740-7'!$AN$9 -> 298.3 | K4: ='740-7'!$AO$9 -> 0 | N4: ='740-14 '!$AO$9 -> 411.75 | O4: ='740-14 '!$AP$9 -> 43.75 | P4: ='1200-01'!$AK$9 -> 856
B5: PERFORISTA | C5: 750 | D5: 900 | E5: 1200 | J5: =J4+K4 -> 298.3 | N5: =N4+O4 -> 455.5
G6: TURNO B | J6: ='740-7'!$AP$9 -> 168.2 | K6: ='740-7'!$AQ$9 -> 0 | N6: ='740-14 '!$AQ$9 -> 237.15 | O6: ='740-14 '!$AR$9 -> 6.25 | P6: ='1200-01'!$AL$9 -> 336
C7: 0-600 RC | J7: =J6+K6 -> 168.2 | N7: =N6+O6 -> 243.4
B9: AYUDANTE | C9: 200 | G9: TOTAL MES | J9: 0-500 | K9: 501-1000 | N9: 0-500 | O9: 501-1000 | P9: 0-600
B10: PERFORISTA | C10: 300 | J10: =J4+J6 -> 466.5 | K10: =K4+K6 -> 0 | N10: =N4+N6 -> 648.9 | O10: =O4+O6 -> 50
J11: =J10+K10 -> 466.5 | N11: =N10+O10 -> 698.9 | P11: =P4+P6 -> 1192
B14: 4X3 Y TRASLAPADOS | I14: METROS | L14: VALOR EN PESO | P14: 25
B15: RUT | C15: FECHA INGRESO MV | D15: FECHA SALIDA | E15: VIGENCIA | F15: NOMBRE | G15: CARGO | H15: MEJOR MAQUINA | I15: 0-500 | J15: 501-1000 | K15: 1001-1500 | L15: VALOR 0-500 | M15: VALOR 501-1000 | N15: VALOR 1001-1500 | O15: TOTAL | P15: ASISTENCIA | Q15: TOTAL A PAGO | R15: OBSERVACION | S15: CONTRATO HASTA
B16: 12419789-9 | C16: =VLOOKUP(B16,[1]ASISTENCIA!$B$4:$U$170,20,FALSE) -> 45964 | E16: VIGENTE | F16: NUÑEZ GONZALEZ ROBERTO CARLOS | G16: ADC | H16: =MAX($H$11:$O$11) -> 698.9 | I16: {=_xlfn.IFS($J$11=MAX($J$11,$N$11),$J$10,$N$11=MAX($J$11,$N$11),$N$10)} -> 648.9 | J16: {=_xlfn.IFS( $J$11=MAX($J$11,$N$11),$K$10, $N$11=MAX($J$11,$N$11),$O$10)} -> 50 | K16: 0 | L16: =I16*$C$5 -> 486675 | M16: =J16*$D$5 -> 45000 | N16: =K16*$E$5 -> 0 | O16: 522675 | P16: =VLOOKUP(B16,'ASISTENCIA JULIO'!$B$4:$AP$128,41,FALSE) -> 17 | Q16: =(O16/$P$14)*P16 -> 355419 | R16: 4X3
B17: 122192016 | C17: 46139 | E17: VIGENTE | F17: ALFARO VEAS RODRIGO FERNANDO | G17: LIDER HSEC | H17: =MAX($H$11:$O$11) -> 698.9 | I17: {=_xlfn.IFS($J$11=MAX($J$11,$N$11),$J$10,$N$11=MAX($J$11,$N$11),$N$10)} -> 648.9 | J17: {=_xlfn.IFS( $J$11=MAX($J$11,$N$11),$K$10, $N$11=MAX($J$11,$N$11),$O$10)} -> 50 | K17: 0 | L17: =I17*$C$5 -> 486675 | M17: =J17*$D$5 -> 45000 | N17: =K17*$E$5 -> 0 | O17: 522675 | P17: =VLOOKUP(B17,'ASISTENCIA JULIO'!$B$4:$AP$128,41,FALSE) -> 17 | Q17: =(O17/$P$14)*P17 -> 355419 | R17: 4X3
B18: 13011075-4 | C18: =VLOOKUP(B18,[1]ASISTENCIA!$B$4:$U$170,20,FALSE) -> 45627 | E18: VIGENTE | F18: BORQUEZ CARVAJAL IBAR ALEXIS | G18: JEFE DE FAENA | H18: =MAX($H$11:$O$11) -> 698.9 | I18: {=_xlfn.IFS($J$11=MAX($J$11,$N$11),$J$10,$N$11=MAX($J$11,$N$11),$N$10)} -> 648.9 | J18: {=_xlfn.IFS( $J$11=MAX($J$11,$N$11),$K$10, $N$11=MAX($J$11,$N$11),$O$10)} -> 50 | K18: 0 | L18: =I18*$C$5 -> 486675 | M18: =J18*$D$5 -> 45000 | N18: =K18*$E$5 -> 0 | O18: 522675 | P18: =VLOOKUP(B18,'ASISTENCIA JULIO'!$B$4:$AP$128,41,FALSE) -> 14 | Q18: =(O18/$P$14)*P18 -> 292698 | R18: 10X10 TRASLAPADO
B19: 16463792-1 | C19: =VLOOKUP(B19,[1]ASISTENCIA!$B$4:$U$170,20,FALSE) -> 45638 | E19: VIGENTE | F19: ROJAS MARTINEZ FRANCISCO JAVIER | G19: JEFE DE FAENA | H19: =MAX($H$11:$O$11) -> 698.9 | I19: {=_xlfn.IFS($J$11=MAX($J$11,$N$11),$J$10,$N$11=MAX($J$11,$N$11),$N$10)} -> 648.9 | J19: {=_xlfn.IFS( $J$11=MAX($J$11,$N$11),$K$10, $N$11=MAX($J$11,$N$11),$O$10)} -> 50 | K19: 0 | L19: =I19*$C$5 -> 486675 | M19: =J19*$D$5 -> 45000 | N19: =K19*$E$5 -> 0 | O19: 522675 | P19: =VLOOKUP(B19,'ASISTENCIA JULIO'!$B$4:$AP$128,41,FALSE) -> 17 | Q19: =(O19/$P$14)*P19 -> 355419 | R19: 10X10 TRASLAPADO
B20: 17169171-0 | C20: 45746 | E20: VIGENTE | F20: LOPEZ OLAVE LUIS GERARDO | G20: LIDER MECÁNICO | H20: =MAX($H$11:$O$11) -> 698.9 | I20: {=_xlfn.IFS($J$11=MAX($J$11,$N$11),$J$10,$N$11=MAX($J$11,$N$11),$N$10)} -> 648.9 | J20: {=_xlfn.IFS( $J$11=MAX($J$11,$N$11),$K$10, $N$11=MAX($J$11,$N$11),$O$10)} -> 50 | K20: 0 | L20: =I20*$C$5 -> 486675 | M20: =J20*$D$5 -> 45000 | N20: =K20*$E$5 -> 0 | O20: 522675 | P20: =VLOOKUP(B20,'ASISTENCIA JULIO'!$B$4:$AP$128,41,FALSE) -> 14 | Q20: =(O20/$P$14)*P20 -> 292698 | R20: 10X10 TRASLAPADO
B21: 19948246-7 | C21: 45646 | E21: VIGENTE | F21: RAMIREZ BARRAZA MARCELO GIOVANNI | G21: LIDER MECÁNICO | H21: =MAX($H$11:$O$11) -> 698.9 | I21: {=_xlfn.IFS($J$11=MAX($J$11,$N$11),$J$10,$N$11=MAX($J$11,$N$11),$N$10)} -> 648.9 | J21: {=_xlfn.IFS( $J$11=MAX($J$11,$N$11),$K$10, $N$11=MAX($J$11,$N$11),$O$10)} -> 50 | K21: 0 | L21: =I21*$C$5 -> 486675 | M21: =J21*$D$5 -> 45000 | N21: =K21*$E$5 -> 0 | O21: 522675 | P21: =VLOOKUP(B21,'ASISTENCIA JULIO'!$B$4:$AP$128,41,FALSE) -> 17 | Q21: =(O21/$P$14)*P21 -> 355419 | R21: 10X10 TRASLAPADO
B22: 17293946-5 | E22: VIGENTE | F22: GONZALEZ JERALDO HAMIR ALONSO | G22: INSTRUCTOR | H22: =MAX($H$11:$O$11) -> 698.9 | I22: {=_xlfn.IFS($J$11=MAX($J$11,$N$11),$J$10,$N$11=MAX($J$11,$N$11),$N$10)} -> 648.9 | J22: {=_xlfn.IFS( $J$11=MAX($J$11,$N$11),$K$10, $N$11=MAX($J$11,$N$11),$O$10)} -> 50 | K22: 0 | L22: =I22*$C$5 -> 486675 | M22: =J22*$D$5 -> 45000 | N22: =K22*$E$5 -> 0 | O22: 522675 | P22: =VLOOKUP(B22,'ASISTENCIA JULIO'!$B$4:$AP$128,41,FALSE) -> 7 | Q22: =(O22/$P$14)*P22 -> 146349 | R22: 10X10 TRASLAPADO + licencia médica
B23: TURNO A | I23: METROS | L23: VALOR EN PESO
B24: RUT | C24: FECHA INGRESO MV | D24: FECHA SALIDA | E24: VIGENCIA | F24: NOMBRE | G24: CARGO | H24: MEJOR MAQUINA | I24: 0-500 | J24: 501-1000 | K24: 1001-1500 | L24: VALOR 0-500 | M24: VALOR 501-1000 | N24: VALOR 1001-1500 | O24: TOTAL | P24: ASISTENCIA | Q24: TOTAL A PAGO | R24: OBSERVACION | S24: CONTRATO HASTA
B25: 16442692-0 | C25: =VLOOKUP(B25,[1]ASISTENCIA!$B$4:$U$170,20,FALSE) -> 45826 | E25: VIGENTE | F25: AGUIRRE CASTILLO ANITA FERNANDA | G25: PREVENCIONISTA | H25: =MAX($H$11:$O$11) -> 698.9 | I25: {=_xlfn.IFS($J$11=MAX($J$11,$N$11),$J$10,$N$11=MAX($J$11,$N$11),$N$10)} -> 648.9 | J25: {=_xlfn.IFS( $J$11=MAX($J$11,$N$11),$K$10, $N$11=MAX($J$11,$N$11),$O$10)} -> 50 | K25: 0 | L25: =I25*$C$5 -> 486675 | M25: =J25*$D$5 -> 45000 | N25: =K25*$E$5 -> 0 | O25: 522675 | P25: =VLOOKUP(B25,'ASISTENCIA JULIO'!$B$4:$AP$128,41,FALSE) -> 19 | Q25: =(O25/$P$14)*P25 -> 397233
B26: 17979787-9 | C26: =VLOOKUP(B26,[1]ASISTENCIA!$B$4:$U$170,20,FALSE) -> 45628 | E26: VIGENTE | F26: BRICEÑO HONORES JOHN ALEXIS | G26: PREVENCIONISTA | H26: =MAX($H$11:$O$11) -> 698.9 | I26: {=_xlfn.IFS($J$11=MAX($J$11,$N$11),$J$10,$N$11=MAX($J$11,$N$11),$N$10)} -> 648.9 | J26: {=_xlfn.IFS( $J$11=MAX($J$11,$N$11),$K$10, $N$11=MAX($J$11,$N$11),$O$10)} -> 50 | K26: 0 | L26: =I26*$C$5 -> 486675 | M26: =J26*$D$5 -> 45000 | N26: =K26*$E$5 -> 0 | O26: 522675 | P26: =VLOOKUP(B26,'ASISTENCIA JULIO'!$B$4:$AP$128,41,FALSE) -> 0 | Q26: =(O26/$P$14)*P26 -> 0 | R26: Licencia médica, luego traslado
B27: 10792747-6 | C27: =VLOOKUP(B27,[1]ASISTENCIA!$B$4:$U$170,20,FALSE) -> 45936 | E27: VIGENTE | F27: PASTEN GUERRERO GUMERCINDO DEL ROSARIO | G27: SUPERVISOR DE OPERACIONES | H27: =MAX($H$11:$O$11) -> 698.9 | I27: {=_xlfn.IFS($J$11=MAX($J$11,$N$11),$J$10,$N$11=MAX($J$11,$N$11),$N$10)} -> 648.9 | J27: {=_xlfn.IFS( $J$11=MAX($J$11,$N$11),$K$10, $N$11=MAX($J$11,$N$11),$O$10)} -> 50 | K27: 0 | L27: =I27*$C$5 -> 486675 | M27: =J27*$D$5 -> 45000 | N27: =K27*$E$5 -> 0 | O27: 522675 | P27: =VLOOKUP(B27,'ASISTENCIA JULIO'!$B$4:$AP$128,41,FALSE) -> 19 | Q27: =(O27/$P$14)*P27 -> 397233
B28: 14903561-3 | C28: =VLOOKUP(B28,[1]ASISTENCIA!$B$4:$U$170,20,FALSE) -> 45846 | E28: VIGENTE | F28: VALENCIA CAMPOS ANDRES ALEJANDRO | G28: SUPERVISOR DE OPERACIONES | H28: =MAX($H$11:$O$11) -> 698.9 | I28: {=_xlfn.IFS($J$11=MAX($J$11,$N$11),$J$10,$N$11=MAX($J$11,$N$11),$N$10)} -> 648.9 | J28: {=_xlfn.IFS( $J$11=MAX($J$11,$N$11),$K$10, $N$11=MAX($J$11,$N$11),$O$10)} -> 50 | K28: 0 | L28: =I28*$C$5 -> 486675 | M28: =J28*$D$5 -> 45000 | N28: =K28*$E$5 -> 0 | O28: 522675 | P28: =VLOOKUP(B28,'ASISTENCIA JULIO'!$B$4:$AP$128,41,FALSE) -> 19 | Q28: =(O28/$P$14)*P28 -> 397233
B30: TURNO B | I30: METROS | L30: VALOR EN PESO
B31: RUT | C31: FECHA INGRESO MV | D31: FECHA SALIDA | E31: VIGENCIA | F31: NOMBRE | G31: CARGO | H31: MEJOR MAQUINA | I31: 0-500 | J31: 501-1000 | K31: 1001-1500 | L31: VALOR 0-500 | M31: VALOR 501-1000 | N31: VALOR 1001-1500 | O31: TOTAL | P31: ASISTENCIA | Q31: TOTAL A PAGO | R31: OBSERVACION | S31: CONTRATO HASTA
B32: 15196627-6 | C32: =VLOOKUP(B32,[1]ASISTENCIA!$B$4:$U$255,20,FALSE) -> 46017 | E32: VIGENTE | F32: FLORES SANHUEZA NELSON PATRICIO | G32: PREVENCIONISTA | H32: =MAX($H$11:$O$11) -> 698.9 | I32: {=_xlfn.IFS($J$11=MAX($J$11,$N$11),$J$10,$N$11=MAX($J$11,$N$11),$N$10)} -> 648.9 | J32: {=_xlfn.IFS( $J$11=MAX($J$11,$N$11),$K$10, $N$11=MAX($J$11,$N$11),$O$10)} -> 50 | K32: 0 | L32: =I32*$C$5 -> 486675 | M32: =J32*$D$5 -> 45000 | N32: =K32*$E$5 -> 0 | O32: 522675 | P32: =VLOOKUP(B32,'ASISTENCIA JULIO'!$B$4:$AP$128,41,FALSE) -> 2 | Q32: =(O32/$P$14)*P32 -> 41814
B33: 17542518-7 | C33: =VLOOKUP(B33,[1]ASISTENCIA!$B$4:$U$170,20,FALSE) -> 46036 | E33: VIGENTE | F33: MOHAMED MOHAMED ESLEMAN GONZALO | G33: PREVENCIONISTA | H33: =MAX($H$11:$O$11) -> 698.9 | I33: {=_xlfn.IFS($J$11=MAX($J$11,$N$11),$J$10,$N$11=MAX($J$11,$N$11),$N$10)} -> 648.9 | J33: {=_xlfn.IFS( $J$11=MAX($J$11,$N$11),$K$10, $N$11=MAX($J$11,$N$11),$O$10)} -> 50 | K33: 0 | L33: =I33*$C$5 -> 486675 | M33: =J33*$D$5 -> 45000 | N33: =K33*$E$5 -> 0 | O33: 522675 | P33: =VLOOKUP(B33,'ASISTENCIA JULIO'!$B$4:$AP$128,41,FALSE) -> 6 | Q33: =(O33/$P$14)*P33 -> 125442
B34: 12951196-6 | C34: =VLOOKUP(B34,[1]ASISTENCIA!$B$4:$U$170,20,FALSE) -> 45946 | E34: VIGENTE | F34: APABLAZA GUZMAN ALEJANDRO MIGUEL | G34: SUPERVISOR DE OPERACIONES | H34: =MAX($H$11:$O$11) -> 698.9 | I34: {=_xlfn.IFS($J$11=MAX($J$11,$N$11),$J$10,$N$11=MAX($J$11,$N$11),$N$10)} -> 648.9 | J34: {=_xlfn.IFS( $J$11=MAX($J$11,$N$11),$K$10, $N$11=MAX($J$11,$N$11),$O$10)} -> 50 | K34: 0 | L34: =I34*$C$5 -> 486675 | M34: =J34*$D$5 -> 45000 | N34: =K34*$E$5 -> 0 | O34: 522675 | P34: =VLOOKUP(B34,'ASISTENCIA JULIO'!$B$4:$AP$128,41,FALSE) -> 10 | Q34: =(O34/$P$14)*P34 -> 209070 | R34: Vacaciones junio al 2 de julio, luego cambio de turno del B al A
B35: 13423391-5 | C35: =VLOOKUP(B35,[1]ASISTENCIA!$B$4:$U$170,20,FALSE) -> 45836 | E35: VIGENTE | F35: ARAYA ROJAS RODRIGO ANDRES | G35: SUPERVISOR DE OPERACIONES | H35: =MAX($H$11:$O$11) -> 698.9 | I35: {=_xlfn.IFS($J$11=MAX($J$11,$N$11),$J$10,$N$11=MAX($J$11,$N$11),$N$10)} -> 648.9 | J35: {=_xlfn.IFS( $J$11=MAX($J$11,$N$11),$K$10, $N$11=MAX($J$11,$N$11),$O$10)} -> 50 | K35: 0 | L35: =I35*$C$5 -> 486675 | M35: =J35*$D$5 -> 45000 | N35: =K35*$E$5 -> 0 | O35: 522675 | P35: =VLOOKUP(B35,'ASISTENCIA JULIO'!$B$4:$AP$128,41,FALSE) -> 12 | Q35: =(O35/$P$14)*P35 -> 250884
B36: 16597409-3 | C36: =VLOOKUP(B36,[1]ASISTENCIA!$B$4:$U$170,20,FALSE) -> 45636 | E36: VIGENTE | F36: LINDERMANN LINDERMANN DANIEL ARMANDO | G36: SUPERVISOR DE OPERACIONES | H36: =MAX($H$11:$O$11) -> 698.9 | I36: {=_xlfn.IFS($J$11=MAX($J$11,$N$11),$J$10,$N$11=MAX($J$11,$N$11),$N$10)} -> 648.9 | J36: {=_xlfn.IFS( $J$11=MAX($J$11,$N$11),$K$10, $N$11=MAX($J$11,$N$11),$O$10)} -> 50 | K36: 0 | L36: =I36*$C$5 -> 486675 | M36: =J36*$D$5 -> 45000 | N36: =K36*$E$5 -> 0 | O36: 522675 | P36: =VLOOKUP(B36,'ASISTENCIA JULIO'!$B$4:$AP$128,41,FALSE) -> 12 | Q36: =(O36/$P$14)*P36 -> 250884
B37: 12802451-4 | C37: 46176 | E37: VIGENTE | F37: VALENZUELA PASTEN VICTOR ALEJANDRO | G37: SUPERVISOR DE OPERACIONES | H37: =MAX($H$11:$O$11) -> 698.9 | I37: {=_xlfn.IFS($J$11=MAX($J$11,$N$11),$J$10,$N$11=MAX($J$11,$N$11),$N$10)} -> 648.9 | J37: {=_xlfn.IFS( $J$11=MAX($J$11,$N$11),$K$10, $N$11=MAX($J$11,$N$11),$O$10)} -> 50 | K37: 0 | L37: =I37*$C$5 -> 486675 | M37: =J37*$D$5 -> 45000 | N37: =K37*$E$5 -> 0 | O37: 522675 | P37: 12 | Q37: =(O37/$P$14)*P37 -> 250884
B38: 18688482-5 | F38: LORCA SANCHEZ LUIS DAVID | G38: PREVENCIONISTA | H38: =MAX($H$11:$O$11) -> 698.9 | I38: {=_xlfn.IFS($J$11=MAX($J$11,$N$11),$J$10,$N$11=MAX($J$11,$N$11),$N$10)} -> 648.9 | J38: {=_xlfn.IFS( $J$11=MAX($J$11,$N$11),$K$10, $N$11=MAX($J$11,$N$11),$O$10)} -> 50 | K38: 0 | L38: =I38*$C$5 -> 486675 | M38: =J38*$D$5 -> 45000 | N38: =K38*$E$5 -> 0 | O38: 522675 | P38: =VLOOKUP(B38,'ASISTENCIA JULIO'!$B$4:$AP$128,41,FALSE) -> 11 | Q38: =(O38/$P$14)*P38 -> 229977 | R38: En serena y algunos días en faena
P40: TOTAL | Q40: =SUM(Q15:Q39) -> 4704075

Sheet FORMULAS
D5: =SI.CONJUNTO( | J5: =SI.CONJUNTO(
D6: $H$11=MAX($H$11;$J$11;$L$11;$N$11;$P$11);$H$10; | J6: $H$11=MAX($H$11;$J$11;$L$11;$N$11;$P$11);$I$10;
D7: $J$11=MAX($H$11;$J$11;$L$11;$N$11;$P$11);$J$10; | J7: $J$11=MAX($H$11;$J$11;$L$11;$N$11;$P$11);$K$10;
D8: $L$11=MAX($H$11;$J$11;$L$11;$N$11;$P$11);$L$10; | J8: $L$11=MAX($H$11;$J$11;$L$11;$N$11;$P$11);$M$10;
D9: $N$11=MAX($H$11;$J$11;$L$11;$N$11;$P$11);$N$10; | J9: $N$11=MAX($H$11;$J$11;$L$11;$N$11;$P$11);$O$10;
D10: $P$11=MAX($H$11;$J$11;$L$11;$N$11;$P$11);$P$10) | J10: $P$11=MAX($H$11;$J$11;$L$11;$N$11;$P$11);$Q$10)

Sheet PERFOR.
J2: 740-7 | N2: 740-14. | R2: 1200-01 | U2: CANTIDAD DE METROS POR TRAMOS | Y2: VALOR DE METROS POR TRAMOS | AB2: TOTAL A PAGAR | AC2: BONO
B3: RUT | C3: FECHA INGRESO MV | D3: FECHA SALIDA | E3: VIGENCIA | F3: Turno | G3: NOMBRE | H3: CARGO | I3: A | J3: 0-500 | K3: 501-1000 | L3: total | M3: A | N3: 0-500 | O3: 501-1000 | P3: total | Q3: A | R3: 0-600 | S3: total | T3: A | U3: 0-500 | V3: 501-1000 | W3: 0-600 RC | X3: Total mts todas | Y3: 750 | Z3: 900 | AA3: 300
B4: 13173870-6 | G4: ARAYA REYES DANIEL OSVALDO | H4: PERFORISTA | I4: A | J4: =VLOOKUP(B4,'740-7'!$B$11:$AL$90,37,FALSE) -> 0 | K4: =VLOOKUP(B4,'740-7'!$B$11:$AM$90,38,FALSE) -> 0 | L4: =J4+K4 -> 0 | M4: A | N4: =VLOOKUP(B4,'740-14 '!B11:$AM$90,38,FALSE) -> 0 | O4: =VLOOKUP(B4,'740-14 '!$B$11:$AN$90,39,FALSE) -> 0 | P4: =N4+O4 -> 0 | R4: =VLOOKUP(B4,'1200-01'!$B$11:$AL$90,37,FALSE) -> 0 | S4: =SUM(R4:R4) -> 0 | U4: =J4+N4 -> 0 | V4: =K4+O4 -> 0 | W4: =+S4 -> 0 | X4: =SUM(U4:W4) -> 0 | Y4: =U4*$Y$3 -> 0 | Z4: =$Z$3*V4 -> 0 | AA4: =$AA$3*W4 -> 0 | AB4: =Y4+Z4+AA4 -> 0 | AC4: =VLOOKUP(B4,'BONO EXTRA'!$A$7:$AO$84,41,FALSE) -> 0
B5: 17624527-1 | G5: CASTRO AVALOS NELSON ANDRES | H5: PERFORISTA | I5: A | J5: =VLOOKUP(B5,'740-7'!$B$11:$AL$90,37,FALSE) -> 298.3 | K5: =VLOOKUP(B5,'740-7'!$B$11:$AM$90,38,FALSE) -> 0 | L5: =J5+K5 -> 298.3 | M5: A | N5: =VLOOKUP(B5,'740-14 '!B12:$AM$90,38,FALSE) -> 0 | O5: =VLOOKUP(B5,'740-14 '!$B$11:$AN$90,39,FALSE) -> 0 | P5: =N5+O5 -> 0 | R5: =VLOOKUP(B5,'1200-01'!$B$11:$AL$90,37,FALSE) -> 0 | S5: =SUM(R5:R5) -> 0 | U5: =J5+N5 -> 298.3 | V5: =K5+O5 -> 0 | W5: =+S5 -> 0 | X5: =SUM(U5:W5) -> 298.3 | Y5: =U5*$Y$3 -> 223725 | Z5: =$Z$3*V5 -> 0 | AA5: =$AA$3*W5 -> 0 | AB5: =Y5+Z5+AA5 -> 223725 | AC5: =VLOOKUP(B5,'BONO EXTRA'!$A$7:$AO$84,41,FALSE) -> 11775
B6: 17014579-8 | G6: CASTRO VARAS JOSUE SALOMON | H6: PERFORISTA | I6: A | J6: =VLOOKUP(B6,'740-7'!$B$11:$AL$90,37,FALSE) -> 0 | K6: =VLOOKUP(B6,'740-7'!$B$11:$AM$90,38,FALSE) -> 0 | L6: =J6+K6 -> 0 | M6: A | N6: =VLOOKUP(B6,'740-14 '!B13:$AM$90,38,FALSE) -> 0 | O6: =VLOOKUP(B6,'740-14 '!$B$11:$AN$90,39,FALSE) -> 0 | P6: =N6+O6 -> 0 | R6: =VLOOKUP(B6,'1200-01'!$B$11:$AL$90,37,FALSE) -> 0 | S6: =SUM(R6:R6) -> 0 | U6: =J6+N6 -> 0 | V6: =K6+O6 -> 0 | W6: =+S6 -> 0 | X6: =SUM(U6:W6) -> 0 | Y6: =U6*$Y$3 -> 0 | Z6: =$Z$3*V6 -> 0 | AA6: =$AA$3*W6 -> 0 | AB6: =Y6+Z6+AA6 -> 0 | AC6: =VLOOKUP(B6,'BONO EXTRA'!$A$7:$AO$84,41,FALSE) -> 0
B7: 11778172-0 | G7: CONTRERAS RIOS ORLANDO PATRICIO | H7: PERFORISTA | I7: A | J7: =VLOOKUP(B7,'740-7'!$B$11:$AL$90,37,FALSE) -> 0 | K7: =VLOOKUP(B7,'740-7'!$B$11:$AM$90,38,FALSE) -> 0 | L7: =J7+K7 -> 0 | M7: A | N7: =VLOOKUP(B7,'740-14 '!B14:$AM$90,38,FALSE) -> 0 | O7: =VLOOKUP(B7,'740-14 '!$B$11:$AN$90,39,FALSE) -> 0 | P7: =N7+O7 -> 0 | R7: =VLOOKUP(B7,'1200-01'!$B$11:$AL$90,37,FALSE) -> 0 | S7: =SUM(R7:R7) -> 0 | U7: =J7+N7 -> 0 | V7: =K7+O7 -> 0 | W7: =+S7 -> 0 | X7: =SUM(U7:W7) -> 0 | Y7: =U7*$Y$3 -> 0 | Z7: =$Z$3*V7 -> 0 | AA7: =$AA$3*W7 -> 0 | AB7: =Y7+Z7+AA7 -> 0 | AC7: =VLOOKUP(B7,'BONO EXTRA'!$A$7:$AO$84,41,FALSE) -> 0
B8: 17629034-K | G8: CORTES GONZALEZ JUAN IGNACIO | H8: PERFORISTA | I8: A | J8: =VLOOKUP(B8,'740-7'!$B$11:$AL$90,37,FALSE) -> 134.4 | K8: =VLOOKUP(B8,'740-7'!$B$11:$AM$90,38,FALSE) -> 0 | L8: =J8+K8 -> 134.4 | M8: A | N8: =VLOOKUP(B8,'740-14 '!B15:$AM$90,38,FALSE) -> 0 | O8: =VLOOKUP(B8,'740-14 '!$B$11:$AN$90,39,FALSE) -> 0 | P8: =N8+O8 -> 0 | R8: =VLOOKUP(B8,'1200-01'!$B$11:$AL$90,37,FALSE) -> 0 | S8: =SUM(R8:R8) -> 0 | U8: =J8+N8 -> 134.4 | V8: =K8+O8 -> 0 | W8: =+S8 -> 0 | X8: =SUM(U8:W8) -> 134.4 | Y8: =U8*$Y$3 -> 100800 | Z8: =$Z$3*V8 -> 0 | AA8: =$AA$3*W8 -> 0 | AB8: =Y8+Z8+AA8 -> 100800 | AC8: =VLOOKUP(B8,'BONO EXTRA'!$A$7:$AO$84,41,FALSE) -> 3000
B9: 16280454-5 | G9: ESCALONA VERA MANUEL ANTONIO | H9: PERFORISTA | I9: A | J9: =VLOOKUP(B9,'740-7'!$B$11:$AL$90,37,FALSE) -> 234.8 | K9: =VLOOKUP(B9,'740-7'!$B$11:$AM$90,38,FALSE) -> 0 | L9: =J9+K9 -> 234.8 | M9: A | N9: =VLOOKUP(B9,'740-14 '!B16:$AM$90,38,FALSE) -> 339.75 | O9: =VLOOKUP(B9,'740-14 '!$B$11:$AN$90,39,FALSE) -> 0 | P9: =N9+O9 -> 339.75 | R9: =VLOOKUP(B9,'1200-01'!$B$11:$AL$90,37,FALSE) -> 0 | S9: =SUM(R9:R9) -> 0 | U9: =J9+N9 -> 574.55 | V9: =K9+O9 -> 0 | W9: =+S9 -> 0 | X9: =SUM(U9:W9) -> 574.55 | Y9: =U9*$Y$3 -> 430912.5 | Z9: =$Z$3*V9 -> 0 | AA9: =$AA$3*W9 -> 0 | AB9: =Y9+Z9+AA9 -> 430912.5 | AC9: =VLOOKUP(B9,'BONO EXTRA'!$A$7:$AO$84,41,FALSE) -> 10500
B10: 17294242-3 | G10: JERALDO CORTES DANIEL EDUARDO | H10: PERFORISTA | I10: A | J10: =VLOOKUP(B10,'740-7'!$B$11:$AL$90,37,FALSE) -> 0 | K10: =VLOOKUP(B10,'740-7'!$B$11:$AM$90,38,FALSE) -> 0 | L10: =J10+K10 -> 0 | M10: A | N10: =VLOOKUP(B10,'740-14 '!B17:$AM$90,38,FALSE) -> 411.75 | O10: =VLOOKUP(B10,'740-14 '!$B$11:$AN$90,39,FALSE) -> 43.75 | P10: =N10+O10 -> 455.5 | R10: =VLOOKUP(B10,'1200-01'!$B$11:$AL$90,37,FALSE) -> 0 | S10: =SUM(R10:R10) -> 0 | U10: =J10+N10 -> 411.75 | V10: =K10+O10 -> 43.75 | W10: =+S10 -> 0 | X10: =SUM(U10:W10) -> 455.5 | Y10: =U10*$Y$3 -> 308812.5 | Z10: =$Z$3*V10 -> 39375 | AA10: =$AA$3*W10 -> 0 | AB10: =Y10+Z10+AA10 -> 348187.5 | AC10: =VLOOKUP(B10,'BONO EXTRA'!$A$7:$AO$84,41,FALSE) -> 18037.5
B11: 12115176-6 | G11: LEIVA LEIVA FRANCISCO JAVIER | H11: PERFORISTA | I11: A | J11: =VLOOKUP(B11,'740-7'!$B$11:$AL$90,37,FALSE) -> 0 | K11: =VLOOKUP(B11,'740-7'!$B$11:$AM$90,38,FALSE) -> 0 | L11: =J11+K11 -> 0 | M11: A | N11: =VLOOKUP(B11,'740-14 '!B18:$AM$90,38,FALSE) -> 411.75 | O11: =VLOOKUP(B11,'740-14 '!$B$11:$AN$90,39,FALSE) -> 43.75 | P11: =N11+O11 -> 455.5 | R11: =VLOOKUP(B11,'1200-01'!$B$11:$AL$90,37,FALSE) -> 0 | S11: =SUM(R11:R11) -> 0 | U11: =J11+N11 -> 411.75 | V11: =K11+O11 -> 43.75 | W11: =+S11 -> 0 | X11: =SUM(U11:W11) -> 455.5 | Y11: =U11*$Y$3 -> 308812.5 | Z11: =$Z$3*V11 -> 39375 | AA11: =$AA$3*W11 -> 0 | AB11: =Y11+Z11+AA11 -> 348187.5 | AC11: =VLOOKUP(B11,'BONO EXTRA'!$A$7:$AO$84,41,FALSE) -> 18000
B12: 13176765-K | G12: OLIVARES ALVAREZ PEDRO OCTAVIO | H12: PERFORISTA | I12: A | J12: =VLOOKUP(B12,'740-7'!$B$11:$AL$90,37,FALSE) -> 298.3 | K12: =VLOOKUP(B12,'740-7'!$B$11:$AM$90,38,FALSE) -> 0 | L12: =J12+K12 -> 298.3 | M12: A | N12: =VLOOKUP(B12,'740-14 '!B19:$AM$90,38,FALSE) -> 0 | O12: =VLOOKUP(B12,'740-14 '!$B$11:$AN$90,39,FALSE) -> 0 | P12: =N12+O12 -> 0 | R12: =VLOOKUP(B12,'1200-01'!$B$11:$AL$90,37,FALSE) -> 0 | S12: =SUM(R12:R12) -> 0 | U12: =J12+N12 -> 298.3 | V12: =K12+O12 -> 0 | W12: =+S12 -> 0 | X12: =SUM(U12:W12) -> 298.3 | Y12: =U12*$Y$3 -> 223725 | Z12: =$Z$3*V12 -> 0 | AA12: =$AA$3*W12 -> 0 | AB12: =Y12+Z12+AA12 -> 223725 | AC12: =VLOOKUP(B12,'BONO EXTRA'!$A$7:$AO$84,41,FALSE) -> 4068.75
B13: 15061835-5 | G13: SUAREZ MORALES NESTOR RENE | H13: PERFORISTA | I13: A | J13: =VLOOKUP(B13,'740-7'!$B$11:$AL$90,37,FALSE) -> 0 | K13: =VLOOKUP(B13,'740-7'!$B$11:$AM$90,38,FALSE) -> 0 | L13: =J13+K13 -> 0 | M13: A | N13: =VLOOKUP(B13,'740-14 '!B20:$AM$90,38,FALSE) -> 0 | O13: =VLOOKUP(B13,'740-14 '!$B$11:$AN$90,39,FALSE) -> 0 | P13: =N13+O13 -> 0 | R13: =VLOOKUP(B13,'1200-01'!$B$11:$AL$90,37,FALSE) -> 856 | S13: =SUM(R13:R13) -> 856 | U13: =J13+N13 -> 0 | V13: =K13+O13 -> 0 | W13: =+S13 -> 856 | X13: =SUM(U13:W13) -> 856 | Y13: =U13*$Y$3 -> 0 | Z13: =$Z$3*V13 -> 0 | AA13: =$AA$3*W13 -> 256800 | AB13: =Y13+Z13+AA13 -> 256800 | AC13: =VLOOKUP(B13,'BONO EXTRA'!$A$7:$AO$84,41,FALSE) -> 19500
B14: 15232639-4 | G14: AVILES VERGARA RODRIGO ALEJANDRO | H14: PERFORISTA | I14: A | J14: =VLOOKUP(B14,'740-7'!$B$11:$AL$90,37,FALSE) -> 0 | K14: =VLOOKUP(B14,'740-7'!$B$11:$AM$90,38,FALSE) -> 0 | L14: =J14+K14 -> 0 | M14: A | N14: =VLOOKUP(B14,'740-14 '!B21:$AM$90,38,FALSE) -> 0 | O14: =VLOOKUP(B14,'740-14 '!$B$11:$AN$90,39,FALSE) -> 0 | P14: =N14+O14 -> 0 | R14: =VLOOKUP(B14,'1200-01'!$B$11:$AL$90,37,FALSE) -> 336 | S14: =SUM(R14:R14) -> 336 | U14: =J14+N14 -> 0 | V14: =K14+O14 -> 0 | W14: =+S14 -> 336 | X14: =SUM(U14:W14) -> 336 | Y14: =U14*$Y$3 -> 0 | Z14: =$Z$3*V14 -> 0 | AA14: =$AA$3*W14 -> 100800 | AB14: =Y14+Z14+AA14 -> 100800 | AC14: =VLOOKUP(B14,'BONO EXTRA'!$A$7:$AO$84,41,FALSE) -> 0
B15: 17626566-3 | G15: BRIONES BRIONES PAUL GIOVANNI | H15: PERFORISTA | I15: A | J15: =VLOOKUP(B15,'740-7'!$B$11:$AL$90,37,FALSE) -> 168.2 | K15: =VLOOKUP(B15,'740-7'!$B$11:$AM$90,38,FALSE) -> 0 | L15: =J15+K15 -> 168.2 | M15: A | N15: =VLOOKUP(B15,'740-14 '!B22:$AM$90,38,FALSE) -> 0 | O15: =VLOOKUP(B15,'740-14 '!$B$11:$AN$90,39,FALSE) -> 0 | P15: =N15+O15 -> 0 | R15: =VLOOKUP(B15,'1200-01'!$B$11:$AL$90,37,FALSE) -> 0 | S15: =SUM(R15:R15) -> 0 | U15: =J15+N15 -> 168.2 | V15: =K15+O15 -> 0 | W15: =+S15 -> 0 | X15: =SUM(U15:W15) -> 168.2 | Y15: =U15*$Y$3 -> 126150 | Z15: =$Z$3*V15 -> 0 | AA15: =$AA$3*W15 -> 0 | AB15: =Y15+Z15+AA15 -> 126150 | AC15: =VLOOKUP(B15,'BONO EXTRA'!$A$7:$AO$84,41,FALSE) -> 2350
... B21: 14117235-2 | G21: TABILO ARAYA JUAN MAURICIO | H21: PERFORISTA | I21: A | J21: =VLOOKUP(B21,'740-7'!$B$11:$AL$90,37,FALSE) -> 0 | K21: =VLOOKUP(B21,'740-7'!$B$11:$AM$90,38,FALSE) -> 0 | L21: =J21+K21 -> 0 | M21: A | N21: =VLOOKUP(B21,'740-14 '!B28:$AM$90,38,FALSE) -> 237.15 | O21: =VLOOKUP(B21,'740-14 '!$B$11:$AN$90,39,FALSE) -> 6.25 | P21: =N21+O21 -> 243.4 | R21: =VLOOKUP(B21,'1200-01'!$B$11:$AL$90,37,FALSE) -> 0 | S21: =SUM(R21:R21) -> 0 | U21: =J21+N21 -> 237.15 | V21: =K21+O21 -> 6.25 | W21: =+S21 -> 0 | X21: =SUM(U21:W21) -> 243.4 | Y21: =U21*$Y$3 -> 177862.5 | Z21: =$Z$3*V21 -> 5625 | AA21: =$AA$3*W21 -> 0 | AB21: =Y21+Z21+AA21 -> 183487.5 | AC21: =VLOOKUP(B21,'BONO EXTRA'!$A$7:$AO$84,41,FALSE) -> 325
B22: 17818652-3 | G22: MILLA PALACIOS JAVIER ANDRES | H22: PERFORISTA | J22: =VLOOKUP(B22,'740-7'!$B$11:$AL$90,37,FALSE) -> 0 | K22: =VLOOKUP(B22,'740-7'!$B$11:$AM$90,38,FALSE) -> 0 | L22: =J22+K22 -> 0 | M22: A | N22: 0 | O22: =VLOOKUP(B22,'740-14 '!$B$11:$AN$90,39,FALSE) -> 0 | P22: =N22+O22 -> 0 | R22: =VLOOKUP(B22,'1200-01'!$B$11:$AL$90,37,FALSE) -> 856 | S22: =SUM(R22:R22) -> 856 | U22: =J22+N22 -> 0 | V22: =K22+O22 -> 0 | W22: =+S22 -> 856 | X22: =SUM(U22:W22) -> 856 | Y22: =U22*$Y$3 -> 0 | Z22: =$Z$3*V22 -> 0 | AA22: =$AA$3*W22 -> 256800 | AB22: =Y22+Z22+AA22 -> 256800 | AC22: =VLOOKUP(B22,'BONO EXTRA'!$A$7:$AO$84,41,FALSE) -> 11400
AB30: =SUM(AB4:AB29) -> 3158100 | AC30: =SUM(AC4:AC29) -> 102431.25

Sheet AYUD.
J2: 740-7 | N2: 740-14 | R2: 1200-01 | U2: CANTIDAD DE METROS POR TRAMOS | Y2: VALOR DE METROS POR TRAMOS
B3: RUT | C3: FECHA INGRESO MV | D3: FECHA SALIDA | E3: VIGENCIA | F3: Turno | G3: NOMBRE | H3: CARGO | I3: . | J3: 0-500 | K3: 501-1000 | L3: total | M3: . | N3: 0-500 | O3: 501-1000 | P3: total | Q3: . | R3: 0-600 | S3: total | T3: . | U3: 0-500 | V3: 501-1000 | W3: 0-600 RC | X3: Total mts todas | Y3: 500 | Z3: 700 | AA3: 200 | AB3: TOTAL A PAGAR | AC3: BONO EXTRA
B4: 21236457-6 | F4: A | G4: ANGEL MUNITA DIANA CATALINA | H4: AYUDANTE DE PERFORISTA | I4: . | J4: =VLOOKUP(B4,'740-7'!$B$11:$AL$90,37,FALSE) -> 1.65 | K4: =VLOOKUP(B4,'740-7'!$B$11:$AM$90,38,FALSE) -> 0 | L4: =J4+K4 -> 1.65 | M4: . | N4: =VLOOKUP(B4,'740-14 '!$B$11:$AM$90,38,FALSE) -> 339.75 | O4: =VLOOKUP(B4,'740-14 '!$B$11:$AN$90,39,FALSE) -> 43.75 | P4: =N4+O4 -> 383.5 | R4: =VLOOKUP(B4,'1200-01'!$B$11:$AL$90,37,FALSE) -> 0 | S4: =SUM(R4:R4) -> 0 | U4: =J4+N4 -> 341.4 | V4: =K4+O4 -> 43.75 | W4: =R4 -> 0 | X4: =SUM(U4:W4) -> 385.15 | Y4: =$Y$3*U4 -> 170700 | Z4: =$Z$3*V4 -> 30625 | AA4: =$AA$3*W4 -> 0 | AB4: =Y4+Z4+AA4 -> 201325 | AC4: =VLOOKUP(B4,'BONO EXTRA'!$A$7:$AO$90,41,FALSE) -> 10025
B5: 21637836-9 | F5: A | G5: AQUEA GONZALEZ MARIO ALBERTO | H5: AYUDANTE DE PERFORISTA | I5: . | J5: =VLOOKUP(B5,'740-7'!$B$11:$AL$90,37,FALSE) -> 0 | K5: =VLOOKUP(B5,'740-7'!$B$11:$AM$90,38,FALSE) -> 0 | L5: =J5+K5 -> 0 | M5: . | N5: =VLOOKUP(B5,'740-14 '!$B$11:$AM$90,38,FALSE) -> 0 | O5: =VLOOKUP(B5,'740-14 '!$B$11:$AN$90,39,FALSE) -> 0 | P5: =N5+O5 -> 0 | R5: =VLOOKUP(B5,'1200-01'!$B$11:$AL$90,37,FALSE) -> 634 | S5: =SUM(R5:R5) -> 634 | U5: =J5+N5 -> 0 | V5: =K5+O5 -> 0 | W5: =R5 -> 634 | X5: =SUM(U5:W5) -> 634 | Y5: =$Y$3*U5 -> 0 | Z5: =$Z$3*V5 -> 0 | AA5: =$AA$3*W5 -> 126800 | AB5: =Y5+Z5+AA5 -> 126800 | AC5: =VLOOKUP(B5,'BONO EXTRA'!$A$7:$AO$90,41,FALSE) -> 13000
B6: 17939732-3 | F6: A | G6: CASSRA ORELLANA DAVID JESUS | H6: AYUDANTE DE PERFORISTA | I6: . | J6: =VLOOKUP(B6,'740-7'!$B$11:$AL$90,37,FALSE) -> 0 | K6: =VLOOKUP(B6,'740-7'!$B$11:$AM$90,38,FALSE) -> 0 | L6: =J6+K6 -> 0 | M6: . | N6: =VLOOKUP(B6,'740-14 '!$B$11:$AM$90,38,FALSE) -> 276 | O6: =VLOOKUP(B6,'740-14 '!$B$11:$AN$90,39,FALSE) -> 43.75 | P6: =N6+O6 -> 319.75 | R6: =VLOOKUP(B6,'1200-01'!$B$11:$AL$90,37,FALSE) -> 0 | S6: =SUM(R6:R6) -> 0 | U6: =J6+N6 -> 276 | V6: =K6+O6 -> 43.75 | W6: =R6 -> 0 | X6: =SUM(U6:W6) -> 319.75 | Y6: =$Y$3*U6 -> 138000 | Z6: =$Z$3*V6 -> 30625 | AA6: =$AA$3*W6 -> 0 | AB6: =Y6+Z6+AA6 -> 168625 | AC6: =VLOOKUP(B6,'BONO EXTRA'!$A$7:$AO$90,41,FALSE) -> 7000
B7: 19454353-0 | F7: A | G7: CASTRO HOHMANN KAZUKI | H7: AYUDANTE DE PERFORISTA | I7: . | J7: =VLOOKUP(B7,'740-7'!$B$11:$AL$90,37,FALSE) -> 298.3 | K7: =VLOOKUP(B7,'740-7'!$B$11:$AM$90,38,FALSE) -> 0 | L7: =J7+K7 -> 298.3 | M7: . | N7: =VLOOKUP(B7,'740-14 '!$B$11:$AM$90,38,FALSE) -> 0 | O7: =VLOOKUP(B7,'740-14 '!$B$11:$AN$90,39,FALSE) -> 0 | P7: =N7+O7 -> 0 | R7: =VLOOKUP(B7,'1200-01'!$B$11:$AL$90,37,FALSE) -> 0 | S7: =SUM(R7:R7) -> 0 | U7: =J7+N7 -> 298.3 | V7: =K7+O7 -> 0 | W7: =R7 -> 0 | X7: =SUM(U7:W7) -> 298.3 | Y7: =$Y$3*U7 -> 149150 | Z7: =$Z$3*V7 -> 0 | AA7: =$AA$3*W7 -> 0 | AB7: =Y7+Z7+AA7 -> 149150 | AC7: =VLOOKUP(B7,'BONO EXTRA'!$A$7:$AO$90,41,FALSE) -> 2712.5
B8: 13425369-K | F8: A | G8: CONTRERAS FLORES RICHARD FERNANDO | H8: AYUDANTE DE PERFORISTA | I8: . | J8: =VLOOKUP(B8,'740-7'!$B$11:$AL$90,37,FALSE) -> 0 | K8: =VLOOKUP(B8,'740-7'!$B$11:$AM$90,38,FALSE) -> 0 | L8: =J8+K8 -> 0 | M8: . | N8: =VLOOKUP(B8,'740-14 '!$B$11:$AM$90,38,FALSE) -> 0 | O8: =VLOOKUP(B8,'740-14 '!$B$11:$AN$90,39,FALSE) -> 0 | P8: =N8+O8 -> 0 | R8: =VLOOKUP(B8,'1200-01'!$B$11:$AL$90,37,FALSE) -> 634 | S8: =SUM(R8:R8) -> 634 | U8: =J8+N8 -> 0 | V8: =K8+O8 -> 0 | W8: =R8 -> 634 | X8: =SUM(U8:W8) -> 634 | Y8: =$Y$3*U8 -> 0 | Z8: =$Z$3*V8 -> 0 | AA8: =$AA$3*W8 -> 126800 | AB8: =Y8+Z8+AA8 -> 126800 | AC8: =VLOOKUP(B8,'BONO EXTRA'!$A$7:$AO$90,41,FALSE) -> 13000
B9: 19214178-8 | F9: A | G9: GAETE PAZ GERARDO ANTONIO | H9: AYUDANTE DE PERFORISTA | J9: =VLOOKUP(B9,'740-7'!$B$11:$AL$90,37,FALSE) -> 0 | K9: =VLOOKUP(B9,'740-7'!$B$11:$AM$90,38,FALSE) -> 0 | L9: =J9+K9 -> 0 | M9: . | N9: =VLOOKUP(B9,'740-14 '!$B$11:$AM$90,38,FALSE) -> 411.75 | O9: =VLOOKUP(B9,'740-14 '!$B$11:$AN$90,39,FALSE) -> 0 | P9: =N9+O9 -> 411.75 | R9: =VLOOKUP(B9,'1200-01'!$B$11:$AL$90,37,FALSE) -> 222 | S9: =SUM(R9:R9) -> 222 | U9: =J9+N9 -> 411.75 | V9: =K9+O9 -> 0 | W9: =R9 -> 222 | X9: =SUM(U9:W9) -> 633.75 | Y9: =$Y$3*U9 -> 205875 | Z9: =$Z$3*V9 -> 0 | AA9: =$AA$3*W9 -> 44400 | AB9: =Y9+Z9+AA9 -> 250275 | AC9: =VLOOKUP(B9,'BONO EXTRA'!$A$7:$AO$90,41,FALSE) -> 12025
B10: 16892590-5 | F10: A | G10: GALLEGUILLOS DIAZ ERIC ALFONSO | H10: AYUDANTE DE PERFORISTA | J10: =VLOOKUP(B10,'740-7'!$B$11:$AL$90,37,FALSE) -> 88 | K10: =VLOOKUP(B10,'740-7'!$B$11:$AM$90,38,FALSE) -> 0 | L10: =J10+K10 -> 88 | M10: . | N10: =VLOOKUP(B10,'740-14 '!$B$11:$AM$90,38,FALSE) -> 0 | O10: =VLOOKUP(B10,'740-14 '!$B$11:$AN$90,39,FALSE) -> 0 | P10: =N10+O10 -> 0 | R10: =VLOOKUP(B10,'1200-01'!$B$11:$AL$90,37,FALSE) -> 0 | S10: =SUM(R10:R10) -> 0 | U10: =J10+N10 -> 88 | V10: =K10+O10 -> 0 | W10: =R10 -> 0 | X10: =SUM(U10:W10) -> 88 | Y10: =$Y$3*U10 -> 44000 | Z10: =$Z$3*V10 -> 0 | AA10: =$AA$3*W10 -> 0 | AB10: =Y10+Z10+AA10 -> 44000 | AC10: =VLOOKUP(B10,'BONO EXTRA'!$A$7:$AO$90,41,FALSE) -> 0
B11: 19662114-8 | F11: A | G11: GALVEZ ABALOS BRAHYAN SCARLY | H11: AYUDANTE DE PERFORISTA | J11: =VLOOKUP(B11,'740-7'!$B$11:$AL$90,37,FALSE) -> 0 | K11: =VLOOKUP(B11,'740-7'!$B$11:$AM$90,38,FALSE) -> 0 | L11: =J11+K11 -> 0 | M11: . | N11: =VLOOKUP(B11,'740-14 '!$B$11:$AM$90,38,FALSE) -> 0 | O11: =VLOOKUP(B11,'740-14 '!$B$11:$AN$90,39,FALSE) -> 0 | P11: =N11+O11 -> 0 | R11: =VLOOKUP(B11,'1200-01'!$B$11:$AL$90,37,FALSE) -> 0 | S11: =SUM(R11:R11) -> 0 | U11: =J11+N11 -> 0 | V11: =K11+O11 -> 0 | W11: =R11 -> 0 | X11: =SUM(U11:W11) -> 0 | Y11: =$Y$3*U11 -> 0 | Z11: =$Z$3*V11 -> 0 | AA11: =$AA$3*W11 -> 0 | AB11: =Y11+Z11+AA11 -> 0 | AC11: =VLOOKUP(B11,'BONO EXTRA'!$A$7:$AO$90,41,FALSE) -> 0
B12: 17827549-6 | F12: A | G12: GONZALEZ ROMERO JUAN EDUARDO | H12: AYUDANTE DE PERFORISTA | J12: =VLOOKUP(B12,'740-7'!$B$11:$AL$90,37,FALSE) -> 0 | K12: =VLOOKUP(B12,'740-7'!$B$11:$AM$90,38,FALSE) -> 0 | L12: =J12+K12 -> 0 | M12: . | N12: =VLOOKUP(B12,'740-14 '!$B$11:$AM$90,38,FALSE) -> 0 | O12: =VLOOKUP(B12,'740-14 '!$B$11:$AN$90,39,FALSE) -> 0 | P12: =N12+O12 -> 0 | R12: =VLOOKUP(B12,'1200-01'!$B$11:$AL$90,37,FALSE) -> 856 | S12: =SUM(R12:R12) -> 856 | U12: =J12+N12 -> 0 | V12: =K12+O12 -> 0 | W12: =R12 -> 856 | X12: =SUM(U12:W12) -> 856 | Y12: =$Y$3*U12 -> 0 | Z12: =$Z$3*V12 -> 0 | AA12: =$AA$3*W12 -> 171200 | AB12: =Y12+Z12+AA12 -> 171200 | AC12: =VLOOKUP(B12,'BONO EXTRA'!$A$7:$AO$90,41,FALSE) -> 7600
B13: 25606451-0 | F13: A | G13: MUJICA MENDEZ ENDER ALEXANDER | H13: AYUDANTE DE PERFORISTA | J13: =VLOOKUP(B13,'740-7'!$B$11:$AL$90,37,FALSE) -> 0 | K13: =VLOOKUP(B13,'740-7'!$B$11:$AM$90,38,FALSE) -> 0 | L13: =J13+K13 -> 0 | M13: . | N13: =VLOOKUP(B13,'740-14 '!$B$11:$AM$90,38,FALSE) -> 0 | O13: =VLOOKUP(B13,'740-14 '!$B$11:$AN$90,39,FALSE) -> 0 | P13: =N13+O13 -> 0 | R13: =VLOOKUP(B13,'1200-01'!$B$11:$AL$90,37,FALSE) -> 856 | S13: =SUM(R13:R13) -> 856 | U13: =J13+N13 -> 0 | V13: =K13+O13 -> 0 | W13: =R13 -> 856 | X13: =SUM(U13:W13) -> 856 | Y13: =$Y$3*U13 -> 0 | Z13: =$Z$3*V13 -> 0 | AA13: =$AA$3*W13 -> 171200 | AB13: =Y13+Z13+AA13 -> 171200 | AC13: =VLOOKUP(B13,'BONO EXTRA'!$A$7:$AO$90,41,FALSE) -> 13000
B14: 20111998-7 | F14: A | G14: NOVOA TORO BORIS ALEXIS | H14: AYUDANTE DE PERFORISTA | J14: =VLOOKUP(B14,'740-7'!$B$11:$AL$90,37,FALSE) -> 0 | K14: =VLOOKUP(B14,'740-7'!$B$11:$AM$90,38,FALSE) -> 0 | L14: =J14+K14 -> 0 | M14: . | N14: =VLOOKUP(B14,'740-14 '!$B$11:$AM$90,38,FALSE) -> 0 | O14: =VLOOKUP(B14,'740-14 '!$B$11:$AN$90,39,FALSE) -> 0 | P14: =N14+O14 -> 0 | R14: =VLOOKUP(B14,'1200-01'!$B$11:$AL$90,37,FALSE) -> 856 | S14: =SUM(R14:R14) -> 856 | U14: =J14+N14 -> 0 | V14: =K14+O14 -> 0 | W14: =R14 -> 856 | X14: =SUM(U14:W14) -> 856 | Y14: =$Y$3*U14 -> 0 | Z14: =$Z$3*V14 -> 0 | AA14: =$AA$3*W14 -> 171200 | AB14: =Y14+Z14+AA14 -> 171200 | AC14: =VLOOKUP(B14,'BONO EXTRA'!$A$7:$AO$90,41,FALSE) -> 7600
B15: 21303273-9 | F15: A | G15: PEREZ LORCA VICTOR IGNACIO | H15: AYUDANTE DE PERFORISTA | J15: =VLOOKUP(B15,'740-7'!$B$11:$AL$90,37,FALSE) -> 0 | K15: =VLOOKUP(B15,'740-7'!$B$11:$AM$90,38,FALSE) -> 0 | L15: =J15+K15 -> 0 | M15: . | N15: =VLOOKUP(B15,'740-14 '!$B$11:$AM$90,38,FALSE) -> 0 | O15: =VLOOKUP(B15,'740-14 '!$B$11:$AN$90,39,FALSE) -> 0 | P15: =N15+O15 -> 0 | R15: =VLOOKUP(B15,'1200-01'!$B$11:$AL$90,37,FALSE) -> 856 | S15: =SUM(R15:R15) -> 856 | U15: =J15+N15 -> 0 | V15: =K15+O15 -> 0 | W15: =R15 -> 856 | X15: =SUM(U15:W15) -> 856 | Y15: =$Y$3*U15 -> 0 | Z15: =$Z$3*V15 -> 0 | AA15: =$AA$3*W15 -> 171200 | AB15: =Y15+Z15+AA15 -> 171200 | AC15: =VLOOKUP(B15,'BONO EXTRA'!$A$7:$AO$90,41,FALSE) -> 7600
B16: 18011716-4 | F16: A | G16: RAMIREZ RAMIREZ RICHARD FABIAN | H16: AYUDANTE DE PERFORISTA | J16: =VLOOKUP(B16,'740-7'!$B$11:$AL$90,37,FALSE) -> 298.3 | K16: =VLOOKUP(B16,'740-7'!$B$11:$AM$90,38,FALSE) -> 0 | L16: =J16+K16 -> 298.3 | M16: . | N16: =VLOOKUP(B16,'740-14 '!$B$11:$AM$90,38,FALSE) -> 0 | O16: =VLOOKUP(B16,'740-14 '!$B$11:$AN$90,39,FALSE) -> 0 | P16: =N16+O16 -> 0 | R16: =VLOOKUP(B16,'1200-01'!$B$11:$AL$90,37,FALSE) -> 0 | S16: =SUM(R16:R16) -> 0 | U16: =J16+N16 -> 298.3 | V16: =K16+O16 -> 0 | W16: =R16 -> 0 | X16: =SUM(U16:W16) -> 298.3 | Y16: =$Y$3*U16 -> 149150 | Z16: =$Z$3*V16 -> 0 | AA16: =$AA$3*W16 -> 0 | AB16: =Y16+Z16+AA16 -> 149150 | AC16: =VLOOKUP(B16,'BONO EXTRA'!$A$7:$AO$90,41,FALSE) -> 2712.5
B17: 14401561-4 | F17: A | G17: RODRIGUEZ OPAZO PAULO ANDRES | H17: AYUDANTE DE PERFORISTA | J17: =VLOOKUP(B17,'740-7'!$B$11:$AL$90,37,FALSE) -> 298.3 | K17: =VLOOKUP(B17,'740-7'!$B$11:$AM$90,38,FALSE) -> 0 | L17: =J17+K17 -> 298.3 | M17: . | N17: =VLOOKUP(B17,'740-14 '!$B$11:$AM$90,38,FALSE) -> 0 | O17: =VLOOKUP(B17,'740-14 '!$B$11:$AN$90,39,FALSE) -> 0 | P17: =N17+O17 -> 0 | R17: =VLOOKUP(B17,'1200-01'!$B$11:$AL$90,37,FALSE) -> 0 | S17: =SUM(R17:R17) -> 0 | U17: =J17+N17 -> 298.3 | V17: =K17+O17 -> 0 | W17: =R17 -> 0 | X17: =SUM(U17:W17) -> 298.3 | Y17: =$Y$3*U17 -> 149150 | Z17: =$Z$3*V17 -> 0 | AA17: =$AA$3*W17 -> 0 | AB17: =Y17+Z17+AA17 -> 149150 | AC17: =VLOOKUP(B17,'BONO EXTRA'!$A$7:$AO$90,41,FALSE) -> 7850
B18: 15521744-8 | F18: A | G18: ROJAS FERNANDEZ JILBERTO FRANCISCO | H18: AYUDANTE DE PERFORISTA | J18: =VLOOKUP(B18,'740-7'!$B$11:$AL$90,37,FALSE) -> 0 | K18: =VLOOKUP(B18,'740-7'!$B$11:$AM$90,38,FALSE) -> 0 | L18: =J18+K18 -> 0 | M18: . | N18: =VLOOKUP(B18,'740-14 '!$B$11:$AM$90,38,FALSE) -> 411.75 | O18: =VLOOKUP(B18,'740-14 '!$B$11:$AN$90,39,FALSE) -> 43.75 | P18: =N18+O18 -> 455.5 | R18: =VLOOKUP(B18,'1200-01'!$B$11:$AL$90,37,FALSE) -> 0 | S18: =SUM(R18:R18) -> 0 | U18: =J18+N18 -> 411.75 | V18: =K18+O18 -> 43.75 | W18: =R18 -> 0 | X18: =SUM(U18:W18) -> 455.5 | Y18: =$Y$3*U18 -> 205875 | Z18: =$Z$3*V18 -> 30625 | AA18: =$AA$3*W18 -> 0 | AB18: =Y18+Z18+AA18 -> 236500 | AC18: =VLOOKUP(B18,'BONO EXTRA'!$A$7:$AO$90,41,FALSE) -> 12025
B19: 17015514-9 | F19: A | G19: ROJAS IRIARTE JUAN CARLOS | H19: AYUDANTE DE PERFORISTA | J19: =VLOOKUP(B19,'740-7'!$B$11:$AL$90,37,FALSE) -> 0 | K19: =VLOOKUP(B19,'740-7'!$B$11:$AM$90,38,FALSE) -> 0 | L19: =J19+K19 -> 0 | M19: . | N19: =VLOOKUP(B19,'740-14 '!$B$11:$AM$90,38,FALSE) -> 0 | O19: =VLOOKUP(B19,'740-14 '!$B$11:$AN$90,39,FALSE) -> 0 | P19: =N19+O19 -> 0 | R19: =VLOOKUP(B19,'1200-01'!$B$11:$AL$90,37,FALSE) -> 0 | S19: =SUM(R19:R19) -> 0 | U19: =J19+N19 -> 0 | V19: =K19+O19 -> 0 | W19: =R19 -> 0 | X19: =SUM(U19:W19) -> 0 | Y19: =$Y$3*U19 -> 0 | Z19: =$Z$3*V19 -> 0 | AA19: =$AA$3*W19 -> 0 | AB19: =Y19+Z19+AA19 -> 0 | AC19: =VLOOKUP(B19,'BONO EXTRA'!$A$7:$AO$90,41,FALSE) -> 0
B20: 17295192-9 | F20: A | G20: SAN FRANCISCO ARDILES IVAN ALEJANDRO | H20: AYUDANTE DE PERFORISTA | J20: =VLOOKUP(B20,'740-7'!$B$11:$AL$90,37,FALSE) -> 298.3 | K20: =VLOOKUP(B20,'740-7'!$B$11:$AM$90,38,FALSE) -> 0 | L20: =J20+K20 -> 298.3 | M20: . | N20: =VLOOKUP(B20,'740-14 '!$B$11:$AM$90,38,FALSE) -> 0 | O20: =VLOOKUP(B20,'740-14 '!$B$11:$AN$90,39,FALSE) -> 0 | P20: =N20+O20 -> 0 | R20: =VLOOKUP(B20,'1200-01'!$B$11:$AL$90,37,FALSE) -> 0 | S20: =SUM(R20:R20) -> 0 | U20: =J20+N20 -> 298.3 | V20: =K20+O20 -> 0 | W20: =R20 -> 0 | X20: =SUM(U20:W20) -> 298.3 | Y20: =$Y$3*U20 -> 149150 | Z20: =$Z$3*V20 -> 0 | AA20: =$AA$3*W20 -> 0 | AB20: =Y20+Z20+AA20 -> 149150 | AC20: =VLOOKUP(B20,'BONO EXTRA'!$A$7:$AO$90,41,FALSE) -> 7850
... B45: 17293877-9 | F45: B | G45: ZEPEDA SOTO ERNESTO ALIRO | H45: AYUDANTE DE PERFORISTA | J45: =VLOOKUP(B45,'740-7'!$B$11:$AL$90,37,FALSE) -> 0 | K45: =VLOOKUP(B45,'740-7'!$B$11:$AM$90,38,FALSE) -> 0 | L45: =J45+K45 -> 0 | M45: . | N45: =VLOOKUP(B45,'740-14 '!$B$11:$AM$90,38,FALSE) -> 237.15 | O45: =VLOOKUP(B45,'740-14 '!$B$11:$AN$90,39,FALSE) -> 6.25 | P45: =N45+O45 -> 243.4 | R45: =VLOOKUP(B45,'1200-01'!$B$11:$AL$90,37,FALSE) -> 0 | S45: =SUM(R45:R45) -> 0 | U45: =J45+N45 -> 237.15 | V45: =K45+O45 -> 6.25 | W45: =R45 -> 0 | X45: =SUM(U45:W45) -> 243.4 | Y45: =$Y$3*U45 -> 118575 | Z45: =$Z$3*V45 -> 4375 | AA45: =$AA$3*W45 -> 0 | AB45: =Y45+Z45+AA45 -> 122950 | AC45: =VLOOKUP(B45,'BONO EXTRA'!$A$7:$AO$90,41,FALSE) -> 1475
AB56: =SUM(AB4:AB55) -> 4490725 | AC56: =SUM(AC4:AC55) -> 166062.5

Sheet Resumen
Y1: 237.15 | Z1: 6.25
J2: 46206 | K2: TURNO A | L2: 03-07-2026/12-07-2026 | N2: 23-07-2026/31-07-2026 | P2: 9 | Q2: 10 | R2: =+P2+Q2 -> 19 | V2: 46206 | W2: TURNO A | X2: 03-07-2026/12-07-2026 | Z2: 23-07-2026/31-07-2026 | AB2: 9 | AC2: 10 | AD2: =+AB2+AC2 -> 19 | AH2: 46206 | AI2: TURNO A | AJ2: 03-07-2026/12-07-2026 | AL2: 23-07-2026/31-07-2026 | AN2: 9 | AO2: 10 | AP2: =+AN2+AO2 -> 19
J3: 46215 | K3: TURNO B | L3: 01-07-2026/02-07-2026 | N3: 13-07-2026/22-07-2026 | P3: 2 | Q3: 10 | R3: =+P3+Q3 -> 12 | V3: 46215 | W3: TURNO B | X3: 01-07-2026/02-07-2026 | Z3: 13-07-2026/22-07-2026 | AB3: 2 | AC3: 10 | AD3: =+AB3+AC3 -> 12 | AH3: 46215 | AI3: TURNO B | AJ3: 01-07-2026/02-07-2026 | AL3: 13-07-2026/22-07-2026 | AN3: 2 | AO3: 10 | AP3: =+AN3+AO3 -> 12
J4: =+J3-J2 -> 9 | K4: 1200-2 | V4: =+V3-V2 -> 9 | W4: 1200-2 | AH4: =+AH3-AH2 -> 9 | AI4: 1200-2
J5: 46226 | K5: Julio | V5: 46226 | W5: Julio | AH5: 46226 | AI5: Julio
J6: 46234 | K6: =+K4 -> 1200-2 | L6: Total Meters | M6: 0-500 | N6: 0-500 | O6: 1000-1500 | P6: 1500-2000 | R6: Other Extra | S6: Devico | T6: Total to be Paid | V6: 46234 | W6: 740-14 | X6: Total Meters | Y6: 0-500 | Z6: 0-500 | AA6: 1000-1500 | AB6: 1500-2000 | AD6: Other Extra | AE6: Devico | AF6: Total to be Paid | AH6: 46234 | AI6: 740-7 | AJ6: Total Meters | AK6: 0-500 | AL6: 0-500 | AM6: 1000-1500 | AN6: 1500-2000 | AP6: Other Extra | AQ6: Devico | AR6: Total to be Paid
J7: =+J6-J5 -> 8 | K7: Metros | L7: 1192 | M7: NQ | V7: =+V6-V5 -> 8 | W7: Metros | X7: 686.9 | Y7: NQ | AH7: =+AH6-AH5 -> 8 | AI7: Metros | AJ7: 466.5 | AK7: NQ
J8: 46216 | L8: =+L7-(M8+P8+N8+O8+S8) -> 0 | M8: 1192 | N8: 0 | S8: 0 | V8: 46216 | X8: =+X7-(Y8+AB8+Z8+AA8+AE8) -> 0 | Y8: 636.9 | Z8: 50 | AE8: 0 | AH8: 46216 | AJ8: =+AJ7-(AK8+AN8+AL8+AM8+AQ8) -> 0 | AK8: 466.5 | AL8: 0 | AQ8: 0
J9: 46225 | K9: TARIFA AYUDANTE | M9: =+L32 -> 200 | N9: =+O30 -> 700 | O9: =+P30 -> 900 | P9: =+Q30 -> 1200 | V9: 46225 | W9: TARIFA AYUDANTE | Y9: =+Z30 -> 500 | Z9: =+AA30 -> 700 | AA9: =+AB30 -> 900 | AB9: =+AC30 -> 1200 | AH9: 46225 | AI9: TARIFA AYUDANTE | AK9: =+AJ32 -> 200 | AL9: =+AM30 -> 700 | AM9: =+AN30 -> 900 | AN9: =+AO30 -> 1200
J10: =+J9-J8 -> 9 | K10: Ayudante | L10: Metros turno | M10: =+M8*M9 -> 238400 | N10: =+N8*N9 -> 0 | O10: =+O8*O9 -> 0 | P10: =+P8*P9 -> 0 | Q10: =+O10+P10+N10+M10 -> 238400 | S10: =+((60+65)*$BM$2)*N9*0 -> 0 | T10: =+S10+Q10 -> 238400 | V10: =+V9-V8 -> 9 | W10: Ayudante | X10: Metros turno | Y10: =+Y8*Y9 -> 318450 | Z10: =+Z8*Z9 -> 35000 | AA10: =+AA8*AA9 -> 0 | AB10: =+AB8*AB9 -> 0 | AC10: =+AA10+AB10+Z10+Y10 -> 353450 | AE10: =+((60+65)*$BM$2)*Z9*0 -> 0 | AF10: =+AE10+AC10 -> 353450 | AH10: =+AH9-AH8 -> 9 | AI10: Ayudante | AJ10: Metros turno | AK10: =+AK8*AK9 -> 93300 | AL10: =+AL8*AL9 -> 0 | AM10: =+AM8*AM9 -> 0 | AN10: =+AN8*AN9 -> 0 | AO10: =+AM10+AN10+AL10+AK10 -> 93300 | AQ10: =+((60+65)*$BM$2)*AL9*0 -> 0 | AR10: =+AQ10+AO10 -> 93300
K11: Shift A | L11: =+SUM(M11:P11)+S8 -> 856 | M11: =+M8-M12 -> 856 | N11: =+N8-N12 -> 0 | W11: Shift A | X11: =+SUM(Y11:AB11)+AE8 -> 445.5 | Y11: 401.75 | Z11: 43.75 | AI11: Shift A | AJ11: =+SUM(AK11:AN11)+AQ8 -> 298.3 | AK11: 298.3 | AL11: 0
K12: Shift B | L12: =+SUM(M12:P12) -> 336 | M12: 336 | N12: 0 | W12: Shift B | X12: =+SUM(Y12:AB12) -> 241.4 | Y12: =+Y8-Y11 -> 235.15 | Z12: =+Z8-Z11 -> 6.25 | AI12: Shift B | AJ12: =+SUM(AK12:AN12) -> 168.2 | AK12: =+AK8-AK11 -> 168.2 | AL12: =+AL8-AL11 -> 0
K13: Shift A | L13: =+L7-L11-L12 -> 0 | M13: =+M11*M9 -> 171200 | N13: =+N11*N9 -> 0 | O13: =+O11*O9 -> 0 | P13: =+P11*P9 -> 0 | Q13: =+O13+P13+N13+M13 -> 171200 | S13: =+((60+65-19)*$BM$2)*N9*0 -> 0 | T13: =+S13+Q13 -> 171200 | W13: Shift A | X13: =+X7-X11-X12 -> 0 | Y13: =+Y11*Y9 -> 200875 | Z13: =+Z11*Z9 -> 30625 | AA13: =+AA11*AA9 -> 0 | AB13: =+AB11*AB9 -> 0 | AC13: =+AA13+AB13+Z13+Y13 -> 231500 | AE13: =+((60+65-19)*$BM$2)*Z9*0 -> 0 | AF13: =+AE13+AC13 -> 231500 | AI13: Shift A | AJ13: =+AJ7-AJ11-AJ12 -> 0 | AK13: =+AK11*AK9 -> 59660 | AL13: =+AL11*AL9 -> 0 | AM13: =+AM11*AM9 -> 0 | AN13: =+AN11*AN9 -> 0 | AO13: =+AM13+AN13+AL13+AK13 -> 59660 | AQ13: =+((60+65-19)*$BM$2)*AL9*0 -> 0 | AR13: =+AQ13+AO13 -> 59660
K14: Shift B | M14: =+M12*M9 -> 67200 | N14: =+N12*N9 -> 0 | O14: =+O12*O9 -> 0 | P14: =+P12*P9 -> 0 | Q14: =+O14+P14+N14+M14 -> 67200 | S14: =+((19)*$BM$2)*N9*0 -> 0 | T14: =+S14+Q14 -> 67200 | W14: Shift B | Y14: =+Y12*Y9 -> 117575 | Z14: =+Z12*Z9 -> 4375 | AA14: =+AA12*AA9 -> 0 | AB14: =+AB12*AB9 -> 0 | AC14: =+AA14+AB14+Z14+Y14 -> 121950 | AE14: =+((19)*$BM$2)*Z9*0 -> 0 | AF14: =+AE14+AC14 -> 121950 | AI14: Shift B | AK14: =+AK12*AK9 -> 33640 | AL14: =+AL12*AL9 -> 0 | AM14: =+AM12*AM9 -> 0 | AN14: =+AN12*AN9 -> 0 | AO14: =+AM14+AN14+AL14+AK14 -> 33640 | AQ14: =+((19)*$BM$2)*AL9*0 -> 0 | AR14: =+AQ14+AO14 -> 33640
L15: 0 | M15: Validación | Q15: =+Q10-(Q13+Q14) -> 0 | T15: =+T10-(T13+T14) -> 0 | X15: 0 | Y15: Validación | AC15: =+AC10-(AC13+AC14) -> 0 | AF15: =+AF10-(AF13+AF14) -> 0 | AJ15: 0 | AK15: Validación | AO15: =+AO10-(AO13+AO14) -> 0 | AR15: =+AR10-(AR13+AR14) -> 0
L17: Total Meters | M17: =+M6 -> 0-500 | N17: =+N6 -> 0-500 | O17: =+O6 -> 1000-1500 | P17: =+P6 -> 1500-2000 | X17: Total Meters | Y17: =+Y6 -> 0-500 | Z17: =+Z6 -> 0-500 | AA17: =+AA6 -> 1000-1500 | AB17: =+AB6 -> 1500-2000 | AJ17: Total Meters | AK17: =+AK6 -> 0-500 | AL17: =+AL6 -> 0-500 | AM17: =+AM6 -> 1000-1500 | AN17: =+AN6 -> 1500-2000
K18: =+K6 -> 1200-2 | L18: =+L7 -> 1192 | M18: NQ | W18: =+W6 -> 740-14 | X18: =+X7 -> 686.9 | Y18: NQ | AI18: =+AI6 -> 740-7 | AJ18: =+AJ7 -> 466.5 | AK18: NQ
K19: Metros | L19: =+L18-(M19+P19+N19+O19+S19) -> 0 | M19: =+M8 -> 1192 | N19: =+N8 -> 0 | O19: =+O8 -> 0 | P19: =+P8 -> 0 | S19: =+S8 -> 0 | W19: Metros | X19: =+X18-(Y19+AB19+Z19+AA19+AE19) -> 0 | Y19: =+Y8 -> 636.9 | Z19: =+Z8 -> 50 | AA19: =+AA8 -> 0 | AB19: =+AB8 -> 0 | AE19: =+AE8 -> 0 | AI19: Metros | AJ19: =+AJ18-(AK19+AN19+AL19+AM19+AQ19) -> 0 | AK19: =+AK8 -> 466.5 | AL19: =+AL8 -> 0 | AM19: =+AM8 -> 0 | AN19: =+AN8 -> 0 | AQ19: =+AQ8 -> 0
K20: TARIFA PERFORISTA | M20: =+L33 -> 300 | N20: 700 | O20: =+P29 -> 1200 | P20: =+Q29 -> 1600 | W20: TARIFA PERFORISTA | Y20: =+Z29 -> 750 | Z20: =+AA29 -> 900 | AA20: =+AB29 -> 1200 | AB20: =+AC29 -> 1600 | AI20: TARIFA PERFORISTA | AK20: =+AJ33 -> 300 | AL20: 700 | AM20: =+AN29 -> 1200 | AN20: =+AO29 -> 1600
K21: Perforista | M21: =+M19*M20 -> 357600 | N21: =+N19*N20 -> 0 | O21: =+O19*O20 -> 0 | P21: =+P19*P20 -> 0 | Q21: =+O21+P21+N21+M21 -> 357600 | S21: =+((60+65)*$BM$2)*N20*0 -> 0 | T21: =+S21+Q21 -> 357600 | W21: Perforista | Y21: =+Y19*Y20 -> 477675 | Z21: =+Z19*Z20 -> 45000 | AA21: =+AA19*AA20 -> 0 | AB21: =+AB19*AB20 -> 0 | AC21: =+AA21+AB21+Z21+Y21 -> 522675 | AE21: =+((60+65)*$BM$2)*Z20*0 -> 0 | AF21: =+AE21+AC21 -> 522675 | AI21: Perforista | AK21: =+AK19*AK20 -> 139950 | AL21: =+AL19*AL20 -> 0 | AM21: =+AM19*AM20 -> 0 | AN21: =+AN19*AN20 -> 0 | AO21: =+AM21+AN21+AL21+AK21 -> 139950 | AQ21: =+((60+65)*$BM$2)*AL20*0 -> 0 | AR21: =+AQ21+AO21 -> 139950
K22: Shift A | M22: =+M11 -> 856 | N22: =+N11 -> 0 | O22: =+O11 -> 0 | P22: =+P11 -> 0 | W22: Shift A | Y22: =+Y11 -> 401.75 | Z22: =+Z11 -> 43.75 | AA22: =+AA11 -> 0 | AB22: =+AB11 -> 0 | AI22: Shift A | AK22: =+AK11 -> 298.3 | AL22: =+AL11 -> 0 | AM22: =+AM11 -> 0 | AN22: =+AN11 -> 0
K23: Shift B | M23: =+M12 -> 336 | N23: =+N12 -> 0 | O23: =+O12 -> 0 | P23: =+P12 -> 0 | W23: Shift B | Y23: =+Y12 -> 235.15 | Z23: =+Z12 -> 6.25 | AA23: =+AA12 -> 0 | AB23: =+AB12 -> 0 | AI23: Shift B | AK23: =+AK12 -> 168.2 | AL23: =+AL12 -> 0 | AM23: =+AM12 -> 0 | AN23: =+AN12 -> 0
K24: Shift A | M24: =+M22*M20 -> 256800 | N24: =+N22*N20 -> 0 | O24: =+O22*O20 -> 0 | P24: =+P22*P20 -> 0 | Q24: =+O24+P24+N24+M24 -> 256800 | S24: =+((60+65-19)*$BM$2)*N20*0 -> 0 | T24: =+S24+Q24 -> 256800 | W24: Shift A | Y24: =+Y22*Y20 -> 301312.5 | Z24: =+Z22*Z20 -> 39375 | AA24: =+AA22*AA20 -> 0 | AB24: =+AB22*AB20 -> 0 | AC24: =+AA24+AB24+Z24+Y24 -> 340687.5 | AE24: =+((60+65-19)*$BM$2)*Z20*0 -> 0 | AF24: =+AE24+AC24 -> 340687.5 | AI24: Shift A | AK24: =+AK22*AK20 -> 89490 | AL24: =+AL22*AL20 -> 0 | AM24: =+AM22*AM20 -> 0 | AN24: =+AN22*AN20 -> 0 | AO24: =+AM24+AN24+AL24+AK24 -> 89490 | AQ24: =+((60+65-19)*$BM$2)*AL20*0 -> 0 | AR24: =+AQ24+AO24 -> 89490
K25: Shift B | M25: =+M23*M20 -> 100800 | N25: =+N23*N20 -> 0 | O25: =+O23*O20 -> 0 | P25: =+P23*P20 -> 0 | Q25: =+O25+P25+N25+M25 -> 100800 | S25: =+((19)*$BM$2)*N20*0 -> 0 | T25: =+S25+Q25 -> 100800 | W25: Shift B | Y25: =+Y23*Y20 -> 176362.5 | Z25: =+Z23*Z20 -> 5625 | AA25: =+AA23*AA20 -> 0 | AB25: =+AB23*AB20 -> 0 | AC25: =+AA25+AB25+Z25+Y25 -> 181987.5 | AE25: =+((19)*$BM$2)*Z20*0 -> 0 | AF25: =+AE25+AC25 -> 181987.5 | AI25: Shift B | AK25: =+AK23*AK20 -> 50460 | AL25: =+AL23*AL20 -> 0 | AM25: =+AM23*AM20 -> 0 | AN25: =+AN23*AN20 -> 0 | AO25: =+AM25+AN25+AL25+AK25 -> 50460 | AQ25: =+((19)*$BM$2)*AL20*0 -> 0 | AR25: =+AQ25+AO25 -> 50460
M26: Validación | Q26: =+Q21-(Q24+Q25) -> 0 | T26: =+T21-(T24+T25) -> 0 | Y26: Validación | AC26: =+AC21-(AC24+AC25) -> 0 | AF26: =+AF21-(AF24+AF25) -> 0 | AK26: Validación | AO26: =+AO21-(AO24+AO25) -> 0 | AR26: =+AR21-(AR24+AR25) -> 0
K29: Driller | L29: 1000 | M29: 1400 | N29: 750 | O29: 900 | P29: 1200 | Q29: 1600 | R29: 1900 | W29: Driller | X29: 1000 | Y29: 1400 | Z29: 750 | AA29: 900 | AB29: 1200 | AC29: 1600 | AD29: 1900 | AI29: Driller | AJ29: 1000 | AK29: 1400 | AL29: 750 | AM29: 900 | AN29: 1200 | AO29: 1600 | AP29: 1900
K30: Others | L30: 1000 | M30: 1000 | N30: 500 | O30: 700 | P30: 900 | Q30: 1200 | R30: 1500 | W30: Others | X30: 1000 | Y30: 1000 | Z30: 500 | AA30: 700 | AB30: 900 | AC30: 1200 | AD30: 1500 | AI30: Others | AJ30: 1000 | AK30: 1000 | AL30: 500 | AM30: 700 | AN30: 900 | AO30: 1200 | AP30: 1500
K31: Diameter | L31: PQ 0 - 500 | M31: PQ 500-1000 | N31: HQ/NQ 0-500 | O31: HQ/NQ 500-1000 | P31: HQ/NQ 1000-1500 | Q31: HQ/NQ 1500-2000 | R31: HQ/NQ 2000-2500 | W31: Diameter | X31: PQ 0 - 500 | Y31: PQ 500-1000 | Z31: HQ/NQ 0-500 | AA31: HQ/NQ 500-1000 | AB31: HQ/NQ 1000-1500 | AC31: HQ/NQ 1500-2000 | AD31: HQ/NQ 2000-2500 | AI31: Diameter | AJ31: PQ 0 - 500 | AK31: PQ 500-1000 | AL31: HQ/NQ 0-500 | AM31: HQ/NQ 500-1000 | AN31: HQ/NQ 1000-1500 | AO31: HQ/NQ 1500-2000 | AP31: HQ/NQ 2000-2500
K32: RC | L32: 200 | W32: RC | X32: 200 | AI32: RC | AJ32: 200
L33: 300 | X33: 300 | AJ33: 300
K34: Resumen a Pago Junio | W34: Resumen a Pago Junio | AI34: Resumen a Pago Junio
K36: Total a Pago Ayudantes | L36: Metros | M36: Devico | N36: Total | P36: Total a Pago Operadores | R36: Metros | S36: Devico | T36: Total | W36: Total a Pago Ayudantes | X36: Metros | Y36: Devico | Z36: Total | AB36: Total a Pago Operadores | AD36: Metros | AE36: Devico | AF36: Total | AI36: Total a Pago Ayudantes | AJ36: Metros | AK36: Devico | AL36: Total | AN36: Total a Pago Operadores | AP36: Metros | AQ36: Devico | AR36: Total
K37: Ayudantes turno A | L37: =+Q13 -> 171200 | M37: =+S13 -> 0 | N37: =+L37+M37 -> 171200 | P37: Operadores Turno A | R37: =+Q24 -> 256800 | S37: =+S24 -> 0 | T37: =+R37+S37 -> 256800 | W37: Ayudantes turno A | X37: =+AC13 -> 231500 | Y37: =+AE13 -> 0 | Z37: =+X37+Y37 -> 231500 | AB37: Operadores Turno A | AD37: =+AC24 -> 340687.5 | AE37: =+AE24 -> 0 | AF37: =+AD37+AE37 -> 340687.5 | AI37: Ayudantes turno A | AJ37: =+AO13 -> 59660 | AK37: =+AQ13 -> 0 | AL37: =+AJ37+AK37 -> 59660 | AN37: Operadores Turno A | AP37: =+AO24 -> 89490 | AQ37: =+AQ24 -> 0 | AR37: =+AP37+AQ37 -> 89490
K38: Ayudanntes Turno B | L38: =+Q14 -> 67200 | M38: =+S14 -> 0 | N38: =+L38+M38 -> 67200 | P38: Operadores Turno B | R38: =+Q25 -> 100800 | S38: =+S25 -> 0 | T38: =+R38+S38 -> 100800 | W38: Ayudanntes Turno B | X38: =+AC14 -> 121950 | Y38: =+AE14 -> 0 | Z38: =+X38+Y38 -> 121950 | AB38: Operadores Turno B | AD38: =+AC25 -> 181987.5 | AE38: =+AE25 -> 0 | AF38: =+AD38+AE38 -> 181987.5 | AI38: Ayudanntes Turno B | AJ38: =+AO14 -> 33640 | AK38: =+AQ14 -> 0 | AL38: =+AJ38+AK38 -> 33640 | AN38: Operadores Turno B | AP38: =+AO25 -> 50460 | AQ38: =+AQ25 -> 0 | AR38: =+AP38+AQ38 -> 50460

Sheet BONO EXTRA
F1: AYUDANTE | H1: 0-500 | I1: 501-1000 | K1: PERFORISTA | M1: 0-500 | N1: 501-1000 | P1: AYUDANTE | R1: 0-600 | T1: PERFORISTA | V1: 0-600
F2: VALOR | H2: 500 | I2: 700 | K2: VALOR | M2: 750 | N2: 900 | P2: VALOR | R2: 200 | T2: VALOR | V2: 300
F3: 0.5 | H3: 250 | I3: 350 | K3: 0.5 | M3: 375 | N3: 450 | P3: 0.5 | R3: 100 | T3: 0.5 | V3: 150
D4: 1 | E4: 0-500 | H4: 1 | I4: 500-1000 | L4: 1 | M4: RC
C5: JULIO | D5: 46204 | E5: 46205 | F5: 46206 | G5: 46207 | H5: 46208 | I5: 46209 | J5: 46210 | K5: 46211 | L5: 46212 | M5: 46213 | N5: 46214 | O5: 46215 | P5: 46216 | Q5: 46217 | R5: 46218 | S5: 46219 | T5: 46220 | U5: 46221 | V5: 46222 | W5: 46223 | X5: 46224 | Y5: 46225 | Z5: 46226 | AA5: 46227 | AB5: 46228 | AC5: 46229 | AD5: 46230 | AE5: 46231 | AF5: 46232 | AG5: 46233 | AH5: 46234 | AI5: 0-500 | AJ5: 501-1000 | AK5: RC | AL5: 0-500 +50% | AM5: 501-1000 +50% | AN5: 0-300 +50% | AO5: TOTAL
A6: RUT | B6: NOMBRE | C6: CARGO
A7: 21236457-6 | B7: ANGEL MUNITA DIANA CATALINA | C7: AYUDANTE DE PERFORISTA | D7: 0 | E7: 0 | F7: 0 | G7: 0 | H7: 0 | I7: 10.1 | J7: 14 | K7: 11 | L7: 0 | M7: 5 | N7: 0 | O7: 0 | P7: 0 | Q7: 0 | R7: 0 | S7: 0 | T7: 0 | U7: 0 | V7: 0 | W7: 0 | X7: 0 | Y7: 0 | Z7: 0 | AA7: 0 | AB7: 0 | AC7: 0 | AD7: 0 | AE7: 0 | AF7: 0 | AG7: 0 | AH7: 0 | AI7: 40.1 | AJ7: 0 | AK7: 0 | AL7: =AI7*$H$3 -> 10025 | AM7: =AJ7*$I$3 -> 0 | AN7: =AK7*$R$3 -> 0 | AO7: =AL7+AM7+AN7 -> 10025
A8: 21637836-9 | B8: AQUEA GONZALEZ MARIO ALBERTO | C8: AYUDANTE DE PERFORISTA | D8: 0 | E8: 0 | F8: 0 | G8: 0 | H8: 0 | I8: 0 | J8: 52 | K8: 0 | L8: 78 | M8: 0 | N8: 0 | O8: 0 | P8: 0 | Q8: 0 | R8: 0 | S8: 0 | T8: 0 | U8: 0 | V8: 0 | W8: 0 | X8: 0 | Y8: 0 | Z8: 0 | AA8: 0 | AB8: 0 | AC8: 0 | AD8: 0 | AE8: 0 | AF8: 0 | AG8: 0 | AH8: 0 | AI8: 0 | AJ8: 0 | AK8: 130 | AL8: =AI8*$H$3 -> 0 | AM8: =AJ8*$I$3 -> 0 | AN8: =AK8*$R$3 -> 13000 | AO8: =AL8+AM8+AN8 -> 13000
A9: 13173870-6 | B9: ARAYA REYES DANIEL OSVALDO | C9: PERFORISTA | D9: 0 | E9: 0 | F9: 0 | G9: 0 | H9: 0 | I9: 0 | J9: 0 | K9: 0 | L9: 0 | M9: 0 | N9: 0 | O9: 0 | P9: 0 | Q9: 0 | R9: 0 | S9: 0 | T9: 0 | U9: 0 | V9: 0 | W9: 0 | X9: 0 | Y9: 0 | Z9: 0 | AA9: 0 | AB9: 0 | AC9: 0 | AD9: 0 | AE9: 0 | AF9: 0 | AG9: 0 | AH9: 0 | AI9: 0 | AJ9: 0 | AK9: 0 | AL9: =AI9*$M$3 -> 0 | AM9: =AJ9*$N$3 -> 0 | AN9: =AK9*$V$3 -> 0 | AO9: =AL9+AM9+AN9 -> 0
A10: 17939732-3 | B10: CASSRA ORELLANA DAVID JESUS | C10: AYUDANTE DE PERFORISTA | D10: 0 | E10: 0 | F10: 0 | G10: 0 | H10: 0 | I10: 0 | J10: 20 | K10: 8 | L10: 0 | M10: 0 | N10: 0 | O10: 0 | P10: 0 | Q10: 0 | R10: 0 | S10: 0 | T10: 0 | U10: 0 | V10: 0 | W10: 0 | X10: 0 | Y10: 0 | Z10: 0 | AA10: 0 | AB10: 0 | AC10: 0 | AD10: 0 | AE10: 0 | AF10: 0 | AG10: 0 | AH10: 0 | AI10: 28 | AJ10: 0 | AK10: 0 | AL10: =AI10*$H$3 -> 7000 | AM10: =AJ10*$I$3 -> 0 | AN10: =AK10*$R$3 -> 0 | AO10: =AL10+AM10+AN10 -> 7000
A11: 17624527-1 | B11: CASTRO AVALOS NELSON ANDRES | C11: PERFORISTA | D11: 0 | E11: 0 | F11: 0 | G11: 17.8 | H11: 5 | I11: 0.6 | J11: 0 | K11: 0 | L11: 0 | M11: 0 | N11: 0 | O11: 8 | P11: 0 | Q11: 0 | R11: 0 | S11: 0 | T11: 0 | U11: 0 | V11: 0 | W11: 0 | X11: 0 | Y11: 0 | Z11: 0 | AA11: 0 | AB11: 0 | AC11: 0 | AD11: 0 | AE11: 0 | AF11: 0 | AG11: 0 | AH11: 0 | AI11: 31.4 | AJ11: 0 | AK11: 0 | AL11: =AI11*$M$3 -> 11775 | AM11: =AJ11*$N$3 -> 0 | AN11: =AK11*$V$3 -> 0 | AO11: =AL11+AM11+AN11 -> 11775
A12: 19454353-0 | B12: CASTRO HOHMANN KAZUKI | C12: AYUDANTE DE PERFORISTA | D12: 0 | E12: 0 | F12: 0 | G12: 6.65 | H12: 4.2 | I12: 0 | J12: 0 | K12: 0 | L12: 0 | M12: 0 | N12: 0 | O12: 0 | P12: 0 | Q12: 0 | R12: 0 | S12: 0 | T12: 0 | U12: 0 | V12: 0 | W12: 0 | X12: 0 | Y12: 0 | Z12: 0 | AA12: 0 | AB12: 0 | AC12: 0 | AD12: 0 | AE12: 0 | AF12: 0 | AG12: 0 | AH12: 0 | AI12: 10.85 | AJ12: 0 | AK12: 0 | AL12: =AI12*$H$3 -> 2712.5 | AM12: =AJ12*$I$3 -> 0 | AN12: =AK12*$R$3 -> 0 | AO12: =AL12+AM12+AN12 -> 2712.5
A13: 17014579-8 | B13: CASTRO VARAS JOSUE SALOMON | C13: PERFORISTA | D13: 0 | E13: 0 | F13: 0 | G13: 0 | H13: 0 | I13: 0 | J13: 0 | K13: 0 | L13: 0 | M13: 0 | N13: 0 | O13: 0 | P13: 0 | Q13: 0 | R13: 0 | S13: 0 | T13: 0 | U13: 0 | V13: 0 | W13: 0 | X13: 0 | Y13: 0 | Z13: 0 | AA13: 0 | AB13: 0 | AC13: 0 | AD13: 0 | AE13: 0 | AF13: 0 | AG13: 0 | AH13: 0 | AI13: 0 | AJ13: 0 | AK13: 0 | AL13: =AI13*$M$3 -> 0 | AM13: =AJ13*$N$3 -> 0 | AN13: =AK13*$V$3 -> 0 | AO13: =AL13+AM13+AN13 -> 0
A14: 13425369-K | B14: CONTRERAS FLORES RICHARD FERNANDO | C14: AYUDANTE DE PERFORISTA | D14: 0 | E14: 0 | F14: 0 | G14: 0 | H14: 0 | I14: 0 | J14: 52 | K14: 0 | L14: 78 | M14: 0 | N14: 0 | O14: 0 | P14: 0 | Q14: 0 | R14: 0 | S14: 0 | T14: 0 | U14: 0 | V14: 0 | W14: 0 | X14: 0 | Y14: 0 | Z14: 0 | AA14: 0 | AB14: 0 | AC14: 0 | AD14: 0 | AE14: 0 | AF14: 0 | AG14: 0 | AH14: 0 | AI14: 0 | AJ14: 0 | AK14: 130 | AL14: =AI14*$H$3 -> 0 | AM14: =AJ14*$I$3 -> 0 | AN14: =AK14*$R$3 -> 13000 | AO14: =AL14+AM14+AN14 -> 13000
A15: 11778172-0 | B15: CONTRERAS RIOS ORLANDO | C15: PERFORISTA | D15: 0 | E15: 0 | F15: 0 | G15: 0 | H15: 0 | I15: 0 | J15: 0 | K15: 0 | L15: 0 | M15: 0 | N15: 0 | O15: 0 | P15: 0 | Q15: 0 | R15: 0 | S15: 0 | T15: 0 | U15: 0 | V15: 0 | W15: 0 | X15: 0 | Y15: 0 | Z15: 0 | AA15: 0 | AB15: 0 | AC15: 0 | AD15: 0 | AE15: 0 | AF15: 0 | AG15: 0 | AH15: 0 | AI15: 0 | AJ15: 0 | AK15: 0 | AL15: =AI15*$M$3 -> 0 | AM15: =AJ15*$N$3 -> 0 | AN15: =AK15*$V$3 -> 0 | AO15: =AL15+AM15+AN15 -> 0
A16: 16280454-5 | B16: ESCALONA VERA MANUEL ANTONIO | C16: PERFORISTA | D16: 0 | E16: 0 | F16: 0 | G16: 0 | H16: 0 | I16: 0 | J16: 20 | K16: 8 | L16: 0 | M16: 0 | N16: 0 | O16: 0 | P16: 0 | Q16: 0 | R16: 0 | S16: 0 | T16: 0 | U16: 0 | V16: 0 | W16: 0 | X16: 0 | Y16: 0 | Z16: 0 | AA16: 0 | AB16: 0 | AC16: 0 | AD16: 0 | AE16: 0 | AF16: 0 | AG16: 0 | AH16: 0 | AI16: 28 | AJ16: 0 | AK16: 0 | AL16: =AI16*$M$3 -> 10500 | AM16: =AJ16*$N$3 -> 0 | AN16: =AK16*$V$3 -> 0 | AO16: =AL16+AM16+AN16 -> 10500
A17: 19214178-8 | B17: GAETE PAZ GERARDO ANTONIO | C17: AYUDANTE DE PERFORISTA | D17: 0 | E17: 0 | F17: 8 | G17: 0 | H17: 0 | I17: 10.1 | J17: 14 | K17: 11 | L17: 0 | M17: 5 | N17: 0 | O17: 0 | P17: 0 | Q17: 0 | R17: 0 | S17: 0 | T17: 0 | U17: 0 | V17: 0 | W17: 0 | X17: 0 | Y17: 0 | Z17: 0 | AA17: 0 | AB17: 0 | AC17: 0 | AD17: 0 | AE17: 0 | AF17: 0 | AG17: 0 | AH17: 0 | AI17: 48.1 | AJ17: 0 | AK17: 0 | AL17: =AI17*$H$3 -> 12025 | AM17: =AJ17*$I$3 -> 0 | AN17: =AK17*$R$3 -> 0 | AO17: =AL17+AM17+AN17 -> 12025
A18: 16892590-5 | B18: GALLEGUILLOS DIAZ ERIC ALFONSO | C18: AYUDANTE DE PERFORISTA | D18: 0 | E18: 0 | F18: 0 | G18: 0 | H18: 0 | I18: 0 | J18: 0 | K18: 0 | L18: 0 | M18: 0 | N18: 0 | O18: 0 | P18: 0 | Q18: 0 | R18: 0 | S18: 0 | T18: 0 | U18: 0 | V18: 0 | W18: 0 | X18: 0 | Y18: 0 | Z18: 0 | AA18: 0 | AB18: 0 | AC18: 0 | AD18: 0 | AE18: 0 | AF18: 0 | AG18: 0 | AH18: 0 | AI18: 0 | AJ18: 0 | AK18: 0 | AL18: =AI18*$H$3 -> 0 | AM18: =AJ18*$I$3 -> 0 | AN18: =AK18*$R$3 -> 0 | AO18: =AL18+AM18+AN18 -> 0
A19: 17293946-5 | B19: GONZALEZ JERALDO HAMIR ALONSO | C19: PERFORISTA | D19: 0 | E19: 0 | F19: 0 | G19: 0 | H19: 0 | I19: 0 | J19: 0 | K19: 0 | L19: 0 | M19: 0 | N19: 0 | O19: 0 | P19: 0 | Q19: 0 | R19: 0 | S19: 0 | T19: 0 | U19: 0 | V19: 0 | W19: 0 | X19: 0 | Y19: 0 | Z19: 0 | AA19: 0 | AB19: 0 | AC19: 0 | AD19: 0 | AE19: 0 | AF19: 0 | AG19: 0 | AH19: 0 | AI19: 0 | AJ19: 0 | AK19: 0 | AL19: =AI19*$M$3 -> 0 | AM19: =AJ19*$N$3 -> 0 | AN19: =AK19*$V$3 -> 0 | AO19: =AL19+AM19+AN19 -> 0
A20: 17827549-6 | B20: GONZALEZ ROMERO JUAN EDUARDO | C20: AYUDANTE DE PERFORISTA | D20: 0 | E20: 0 | F20: 4 | G20: 0 | H20: 0 | I20: 0 | J20: 0 | K20: 0 | L20: 0 | M20: 0 | N20: 0 | O20: 22 | P20: 0 | Q20: 0 | R20: 0 | S20: 0 | T20: 0 | U20: 0 | V20: 0 | W20: 0 | X20: 0 | Y20: 0 | Z20: 0 | AA20: 0 | AB20: 0 | AC20: 0 | AD20: 0 | AE20: 0 | AF20: 22 | AG20: 0 | AH20: 28 | AI20: 0 | AJ20: 0 | AK20: 76 | AL20: =AI20*$H$3 -> 0 | AM20: =AJ20*$I$3 -> 0 | AN20: =AK20*$R$3 -> 7600 | AO20: =AL20+AM20+AN20 -> 7600
A21: 13424843-2 | B21: ITER LAZO JOAN ALEJANDRO | C21: AYUDANTE DE PERFORISTA | D21: 0 | E21: 0 | F21: 0 | G21: 0 | H21: 0 | I21: 0 | J21: 0 | K21: 0 | L21: 0 | M21: 0 | N21: 0 | O21: 0 | P21: 0 | Q21: 0 | R21: 0 | S21: 0 | T21: 0 | U21: 0 | V21: 0 | W21: 0 | X21: 0 | Y21: 0 | Z21: 0 | AA21: 0 | AB21: 0 | AC21: 0 | AD21: 0 | AE21: 0 | AF21: 0 | AG21: 0 | AH21: 0 | AI21: 0 | AJ21: 0 | AK21: 0 | AL21: =AI21*$H$3 -> 0 | AM21: =AJ21*$I$3 -> 0 | AN21: =AK21*$R$3 -> 0 | AO21: =AL21+AM21+AN21 -> 0
A22: 17294242-3 | B22: JERALDO CORTES DANIEL EDUARDO | C22: PERFORISTA | D22: 0 | E22: 0 | F22: 8 | G22: 0 | H22: 0 | I22: 10.1 | J22: 14 | K22: 11 | L22: 0 | M22: 5 | N22: 0 | O22: 0 | P22: 0 | Q22: 0 | R22: 0 | S22: 0 | T22: 0 | U22: 0 | V22: 0 | W22: 0 | X22: 0 | Y22: 0 | Z22: 0 | AA22: 0 | AB22: 0 | AC22: 0 | AD22: 0 | AE22: 0 | AF22: 0 | AG22: 0 | AH22: 0 | AI22: 48.1 | AJ22: 0 | AK22: 0 | AL22: =AI22*$M$3 -> 18037.5 | AM22: =AJ22*$N$3 -> 0 | AN22: =AK22*$V$3 -> 0 | AO22: =AL22+AM22+AN22 -> 18037.5
A23: 12115176-6 | B23: LEIVA LEIVA FRANCISCO JAVIER | C23: PERFORISTA | D23: 0 | E23: 0 | F23: 20 | G23: 0 | H23: 0 | I23: 0 | J23: 20 | K23: 8 | L23: 0 | M23: 0 | N23: 0 | O23: 0 | P23: 0 | Q23: 0 | R23: 0 | S23: 0 | T23: 0 | U23: 0 | V23: 0 | W23: 0 | X23: 0 | Y23: 0 | Z23: 0 | AA23: 0 | AB23: 0 | AC23: 0 | AD23: 0 | AE23: 0 | AF23: 0 | AG23: 0 | AH23: 0 | AI23: 48 | AJ23: 0 | AK23: 0 | AL23: =AI23*$M$3 -> 18000 | AM23: =AJ23*$N$3 -> 0 | AN23: =AK23*$V$3 -> 0 | AO23: =AL23+AM23+AN23 -> 18000
A24: 17818652-3 | B24: MILLA PALACIOS JAVIER ANDRES | C24: PERFORISTA | D24: 0 | E24: 0 | F24: 4 | G24: 0 | H24: 0 | I24: 0 | J24: 0 | K24: 0 | L24: 0 | M24: 0 | N24: 0 | O24: 22 | P24: 0 | Q24: 0 | R24: 0 | S24: 0 | T24: 0 | U24: 0 | V24: 0 | W24: 0 | X24: 0 | Y24: 0 | Z24: 0 | AA24: 0 | AB24: 0 | AC24: 0 | AD24: 0 | AE24: 0 | AF24: 22 | AG24: 0 | AH24: 28 | AI24: 0 | AJ24: 0 | AK24: 76 | AL24: =AI24*$M$3 -> 0 | AM24: =AJ24*$N$3 -> 0 | AN24: =AK24*$V$3 -> 11400 | AO24: =AL24+AM24+AN24 -> 11400
A25: 17713235-7 | B25: NETTLE MALUENDA JAMIS ALONSO | C25: PERFORISTA | D25: 0 | E25: 0 | F25: 0 | G25: 0 | H25: 0 | I25: 0 | J25: 0 | K25: 0 | L25: 0 | M25: 0 | N25: 0 | O25: 0 | P25: 0 | Q25: 0 | R25: 0 | S25: 0 | T25: 0 | U25: 0 | V25: 0 | W25: 0 | X25: 0 | Y25: 0 | Z25: 0 | AA25: 0 | AB25: 0 | AC25: 0 | AD25: 0 | AE25: 0 | AF25: 0 | AG25: 0 | AH25: 0 | AI25: 0 | AJ25: 0 | AK25: 0 | AL25: =AI25*$M$3 -> 0 | AM25: =AJ25*$N$3 -> 0 | AN25: =AK25*$V$3 -> 0 | AO25: =AL25+AM25+AN25 -> 0
A26: 20111998-7 | B26: NOVOA TORO BORIS ALEXIS | C26: AYUDANTE DE PERFORISTA | D26: 0 | E26: 0 | F26: 4 | G26: 0 | H26: 0 | I26: 0 | J26: 0 | K26: 0 | L26: 0 | M26: 0 | N26: 0 | O26: 22 | P26: 0 | Q26: 0 | R26: 0 | S26: 0 | T26: 0 | U26: 0 | V26: 0 | W26: 0 | X26: 0 | Y26: 0 | Z26: 0 | AA26: 0 | AB26: 0 | AC26: 0 | AD26: 0 | AE26: 0 | AF26: 22 | AG26: 0 | AH26: 28 | AI26: 0 | AJ26: 0 | AK26: 76 | AL26: =AI26*$H$3 -> 0 | AM26: =AJ26*$I$3 -> 0 | AN26: =AK26*$R$3 -> 7600 | AO26: =AL26+AM26+AN26 -> 7600
A27: 13176765-K | B27: OLIVARES ALVAREZ PEDRO OCTAVIO | C27: PERFORISTA | D27: 0 | E27: 0 | F27: 0 | G27: 6.65 | H27: 4.2 | I27: 0 | J27: 0 | K27: 0 | L27: 0 | M27: 0 | N27: 0 | O27: 0 | P27: 0 | Q27: 0 | R27: 0 | S27: 0 | T27: 0 | U27: 0 | V27: 0 | W27: 0 | X27: 0 | Y27: 0 | Z27: 0 | AA27: 0 | AB27: 0 | AC27: 0 | AD27: 0 | AE27: 0 | AF27: 0 | AG27: 0 | AH27: 0 | AI27: 10.85 | AJ27: 0 | AK27: 0 | AL27: =AI27*$M$3 -> 4068.75 | AM27: =AJ27*$N$3 -> 0 | AN27: =AK27*$V$3 -> 0 | AO27: =AL27+AM27+AN27 -> 4068.75
A28: 21303273-9 | B28: PEREZ LORCA VICTOR IGNACIO | C28: AYUDANTE DE PERFORISTA | D28: 0 | E28: 0 | F28: 4 | G28: 0 | H28: 0 | I28: 0 | J28: 0 | K28: 0 | L28: 0 | M28: 0 | N28: 0 | O28: 22 | P28: 0 | Q28: 0 | R28: 0 | S28: 0 | T28: 0 | U28: 0 | V28: 0 | W28: 0 | X28: 0 | Y28: 0 | Z28: 0 | AA28: 0 | AB28: 0 | AC28: 0 | AD28: 0 | AE28: 0 | AF28: 22 | AG28: 0 | AH28: 28 | AI28: 0 | AJ28: 0 | AK28: 76 | AL28: =AI28*$H$3 -> 0 | AM28: =AJ28*$I$3 -> 0 | AN28: =AK28*$R$3 -> 7600 | AO28: =AL28+AM28+AN28 -> 7600
A29: 18011716-4 | B29: RAMIREZ RAMIREZ RICHARD FABIAN | C29: AYUDANTE DE PERFORISTA | D29: 0 | E29: 0 | F29: 0 | G29: 6.65 | H29: 4.2 | I29: 0 | J29: 0 | K29: 0 | L29: 0 | M29: 0 | N29: 0 | O29: 0 | P29: 0 | Q29: 0 | R29: 0 | S29: 0 | T29: 0 | U29: 0 | V29: 0 | W29: 0 | X29: 0 | Y29: 0 | Z29: 0 | AA29: 0 | AB29: 0 | AC29: 0 | AD29: 0 | AE29: 0 | AF29: 0 | AG29: 0 | AH29: 0 | AI29: 10.85 | AJ29: 0 | AK29: 0 | AL29: =AI29*$H$3 -> 2712.5 | AM29: =AJ29*$I$3 -> 0 | AN29: =AK29*$R$3 -> 0 | AO29: =AL29+AM29+AN29 -> 2712.5
A30: 17605585-5 | B30: RODRIGUEZ LUNA JOSE ANTONIO | C30: AYUDANTE DE PERFORISTA | D30: 0 | E30: 0 | F30: 0 | G30: 0 | H30: 0 | I30: 0 | J30: 0 | K30: 0 | L30: 0 | M30: 0 | N30: 0 | O30: 0 | P30: 0 | Q30: 0 | R30: 0 | S30: 0 | T30: 0 | U30: 0 | V30: 0 | W30: 0 | X30: 0 | Y30: 0 | Z30: 0 | AA30: 0 | AB30: 0 | AC30: 0 | AD30: 0 | AE30: 0 | AF30: 0 | AG30: 0 | AH30: 0 | AI30: 0 | AJ30: 0 | AK30: 0 | AL30: =AI30*$H$3 -> 0 | AM30: =AJ30*$I$3 -> 0 | AN30: =AK30*$R$3 -> 0 | AO30: =AL30+AM30+AN30 -> 0
A31: 14401561-4 | B31: RODRIGUEZ OPAZO PAULO ANDRES | C31: AYUDANTE DE PERFORISTA | D31: 0 | E31: 0 | F31: 0 | G31: 17.8 | H31: 5 | I31: 0.6 | J31: 0 | K31: 0 | L31: 0 | M31: 0 | N31: 0 | O31: 8 | P31: 0 | Q31: 0 | R31: 0 | S31: 0 | T31: 0 | U31: 0 | V31: 0 | W31: 0 | X31: 0 | Y31: 0 | Z31: 0 | AA31: 0 | AB31: 0 | AC31: 0 | AD31: 0 | AE31: 0 | AF31: 0 | AG31: 0 | AH31: 0 | AI31: 31.4 | AJ31: 0 | AK31: 0 | AL31: =AI31*$H$3 -> 7850 | AM31: =AJ31*$I$3 -> 0 | AN31: =AK31*$R$3 -> 0 | AO31: =AL31+AM31+AN31 -> 7850
A32: 15521744-8 | B32: ROJAS FERNANDEZ JILBERTO FRANCISCO | C32: AYUDANTE DE PERFORISTA | D32: 0 | E32: 0 | F32: 8 | G32: 0 | H32: 0 | I32: 10.1 | J32: 14 | K32: 11 | L32: 0 | M32: 5 | N32: 0 | O32: 0 | P32: 0 | Q32: 0 | R32: 0 | S32: 0 | T32: 0 | U32: 0 | V32: 0 | W32: 0 | X32: 0 | Y32: 0 | Z32: 0 | AA32: 0 | AB32: 0 | AC32: 0 | AD32: 0 | AE32: 0 | AF32: 0 | AG32: 0 | AH32: 0 | AI32: 48.1 | AJ32: 0 | AK32: 0 | AL32: =AI32*$H$3 -> 12025 | AM32: =AJ32*$I$3 -> 0 | AN32: =AK32*$R$3 -> 0 | AO32: =AL32+AM32+AN32 -> 12025
A33: 17015514-9 | B33: ROJAS IRIARTE JUAN CARLOS | C33: AYUDANTE DE PERFORISTA | D33: 0 | E33: 0 | F33: 0 | G33: 0 | H33: 0 | I33: 0 | J33: 0 | K33: 0 | L33: 0 | M33: 0 | N33: 0 | O33: 0 | P33: 0 | Q33: 0 | R33: 0 | S33: 0 | T33: 0 | U33: 0 | V33: 0 | W33: 0 | X33: 0 | Y33: 0 | Z33: 0 | AA33: 0 | AB33: 0 | AC33: 0 | AD33: 0 | AE33: 0 | AF33: 0 | AG33: 0 | AH33: 0 | AI33: 0 | AJ33: 0 | AK33: 0 | AL33: =AI33*$H$3 -> 0 | AM33: =AJ33*$I$3 -> 0 | AN33: =AK33*$R$3 -> 0 | AO33: =AL33+AM33+AN33 -> 0
A34: 17295192-9 | B34: SAN FRANCISCO ARDILES IVAN ALEJANDRO | C34: AYUDANTE DE PERFORISTA | D34: 0 | E34: 0 | F34: 0 | G34: 17.8 | H34: 5 | I34: 0.6 | J34: 0 | K34: 0 | L34: 0 | M34: 0 | N34: 0 | O34: 8 | P34: 0 | Q34: 0 | R34: 0 | S34: 0 | T34: 0 | U34: 0 | V34: 0 | W34: 0 | X34: 0 | Y34: 0 | Z34: 0 | AA34: 0 | AB34: 0 | AC34: 0 | AD34: 0 | AE34: 0 | AF34: 0 | AG34: 0 | AH34: 0 | AI34: 31.4 | AJ34: 0 | AK34: 0 | AL34: =AI34*$H$3 -> 7850 | AM34: =AJ34*$I$3 -> 0 | AN34: =AK34*$R$3 -> 0 | AO34: =AL34+AM34+AN34 -> 7850
A35: 19167554-1 | B35: THOMPSON DIAZ FREDDY IGNACIO | C35: AYUDANTE DE PERFORISTA | D35: 0 | E35: 0 | F35: 20 | G35: 0 | H35: 0 | I35: 0 | J35: 20 | K35: 8 | L35: 0 | M35: 0 | N35: 0 | O35: 0 | P35: 0 | Q35: 0 | R35: 0 | S35: 0 | T35: 0 | U35: 0 | V35: 0 | W35: 0 | X35: 0 | Y35: 0 | Z35: 0 | AA35: 0 | AB35: 0 | AC35: 0 | AD35: 0 | AE35: 0 | AF35: 0 | AG35: 0 | AH35: 0 | AI35: 48 | AJ35: 0 | AK35: 0 | AL35: =AI35*$H$3 -> 12000 | AM35: =AJ35*$I$3 -> 0 | AN35: =AK35*$R$3 -> 0 | AO35: =AL35+AM35+AN35 -> 12000
A36: 15038779-5 | B36: TRIGO TRIGO JORGE GREGORY | C36: PERFORISTA | D36: 0 | E36: 0 | F36: 0 | G36: 0 | H36: 0 | I36: 0 | J36: 0 | K36: 0 | L36: 0 | M36: 0 | N36: 0 | O36: 0 | P36: 0 | Q36: 0 | R36: 0 | S36: 0 | T36: 0 | U36: 0 | V36: 0 | W36: 0 | X36: 0 | Y36: 0 | Z36: 0 | AA36: 0 | AB36: 0 | AC36: 0 | AD36: 0 | AE36: 0 | AF36: 0 | AG36: 0 | AH36: 0 | AI36: 0 | AJ36: 0 | AK36: 0 | AL36: =AI36*$M$3 -> 0 | AM36: =AJ36*$N$3 -> 0 | AN36: =AK36*$V$3 -> 0 | AO36: =AL36+AM36+AN36 -> 0
A37: 13743972-7 | B37: VEGA GONZALEZ PATRICIO COLLO | C37: AYUDANTE DE PERFORISTA | D37: 0 | E37: 0 | F37: 0 | G37: 0 | H37: 0 | I37: 0 | J37: 0 | K37: 0 | L37: 0 | M37: 0 | N37: 0 | O37: 0 | P37: 0 | Q37: 0 | R37: 0 | S37: 0 | T37: 0 | U37: 0 | V37: 0 | W37: 0 | X37: 0 | Y37: 0 | Z37: 0 | AA37: 0 | AB37: 0 | AC37: 0 | AD37: 0 | AE37: 0 | AF37: 0 | AG37: 0 | AH37: 0 | AI37: 0 | AJ37: 0 | AK37: 0 | AL37: =AI37*$H$3 -> 0 | AM37: =AJ37*$I$3 -> 0 | AN37: =AK37*$R$3 -> 0 | AO37: =AL37+AM37+AN37 -> 0
A38: 17775054-9 | B38: ZAPATA SEGUEL CARLOS ANDRES | C38: AYUDANTE DE PERFORISTA | D38: 0 | E38: 0 | F38: 20 | G38: 0 | H38: 0 | I38: 0 | J38: 20 | K38: 8 | L38: 0 | M38: 0 | N38: 0 | O38: 0 | P38: 0 | Q38: 0 | R38: 0 | S38: 0 | T38: 0 | U38: 0 | V38: 0 | W38: 0 | X38: 0 | Y38: 0 | Z38: 0 | AA38: 0 | AB38: 0 | AC38: 0 | AD38: 0 | AE38: 0 | AF38: 0 | AG38: 0 | AH38: 0 | AI38: 48 | AJ38: 0 | AK38: 0 | AL38: =AI38*$H$3 -> 12000 | AM38: =AJ38*$I$3 -> 0 | AN38: =AK38*$R$3 -> 0 | AO38: =AL38+AM38+AN38 -> 12000
A39: 25606451-0 | B39: MUJICA MENDEZ ENDER ALEXANDER | C39: AYUDANTE DE PERFORISTA | D39: 0 | E39: 0 | F39: 0 | G39: 0 | H39: 0 | I39: 0 | J39: 52 | K39: 0 | L39: 78 | M39: 0 | N39: 0 | O39: 0 | P39: 0 | Q39: 0 | R39: 0 | S39: 0 | T39: 0 | U39: 0 | V39: 0 | W39: 0 | X39: 0 | Y39: 0 | Z39: 0 | AA39: 0 | AB39: 0 | AC39: 0 | AD39: 0 | AE39: 0 | AF39: 0 | AG39: 0 | AH39: 0 | AI39: 0 | AJ39: 0 | AK39: 130 | AL39: =AI39*$H$3 -> 0 | AM39: =AJ39*$I$3 -> 0 | AN39: =AK39*$R$3 -> 13000 | AO39: =AL39+AM39+AN39 -> 13000
A40: 13802507-1 | B40: TORRES NAVARRO ANCHELO JAVIER | C40: AYUDANTE DE PERFORISTA | D40: 0 | E40: 0 | F40: 0 | G40: 0 | H40: 0 | I40: 0 | J40: 0 | K40: 0 | L40: 0 | M40: 0 | N40: 0 | O40: 0 | P40: 0 | Q40: 0 | R40: 0 | S40: 0 | T40: 0 | U40: 0 | V40: 0 | W40: 0 | X40: 0 | Y40: 0 | Z40: 0 | AA40: 0 | AB40: 0 | AC40: 0 | AD40: 0 | AE40: 0 | AF40: 0 | AG40: 0 | AH40: 0 | AI40: 0 | AJ40: 0 | AK40: 0 | AL40: =AI40*$H$3 -> 0 | AM40: =AJ40*$I$3 -> 0 | AN40: =AK40*$R$3 -> 0 | AO40: =AL40+AM40+AN40 -> 0
A41: 16914867-8 | B41: SEPULVEDA MORENO HERNAN | C41: AYUDANTE DE PERFORISTA | D41: 0 | E41: 0 | F41: 0 | G41: 0 | H41: 0 | I41: 0 | J41: 0 | K41: 0 | L41: 0 | M41: 0 | N41: 0 | O41: 0 | P41: 0 | Q41: 0 | R41: 0 | S41: 0 | T41: 0 | U41: 0 | V41: 0 | W41: 0 | X41: 0 | Y41: 0 | Z41: 0 | AA41: 0 | AB41: 0 | AC41: 0 | AD41: 0 | AE41: 0 | AF41: 0 | AG41: 0 | AH41: 0 | AI41: 0 | AJ41: 0 | AK41: 0 | AL41: =AI41*$H$3 -> 0 | AM41: =AJ41*$I$3 -> 0 | AN41: =AK41*$R$3 -> 0 | AO41: 0
A42: 15061835-5 | B42: SUAREZ MORALES NESTOR RENE | C42: PERFORISTA | D42: 0 | E42: 0 | F42: 0 | G42: 0 | H42: 0 | I42: 0 | J42: 52 | K42: 0 | L42: 78 | M42: 0 | N42: 0 | O42: 0 | P42: 0 | Q42: 0 | R42: 0 | S42: 0 | T42: 0 | U42: 0 | V42: 0 | W42: 0 | X42: 0 | Y42: 0 | Z42: 0 | AA42: 0 | AB42: 0 | AC42: 0 | AD42: 0 | AE42: 0 | AF42: 0 | AG42: 0 | AH42: 0 | AI42: 0 | AJ42: 0 | AK42: 130 | AL42: =AI42*$H$3 -> 0 | AM42: =AJ42*$N$3 -> 0 | AN42: =AK42*$V$3 -> 19500 | AO42: =AL42+AM42+AN42 -> 19500
D43: 0 | E43: 0 | F43: 0 | G43: 0 | H43: 0 | I43: 0 | J43: 0 | K43: 0 | L43: 0 | M43: 0 | N43: 0 | O43: 0 | P43: 0 | Q43: 0 | R43: 0 | S43: 0 | T43: 0 | U43: 0 | V43: 0 | W43: 0 | X43: 0 | Y43: 0 | Z43: 0 | AA43: 0 | AB43: 0 | AC43: 0 | AD43: 0 | AE43: 0 | AF43: 0 | AG43: 0 | AH43: 0 | AI43: 0 | AJ43: 0 | AK43: 0 | AL43: =AI43*$H$3 -> 0 | AM43: =AJ43*$I$3 -> 0 | AN43: =AK43*$AQ$6 -> 0 | AO43: =AL43+AM43+AN43 -> 0
D44: 0 | E44: 0 | F44: 0 | G44: 0 | H44: 0 | I44: 0 | J44: 0 | K44: 0 | L44: 0 | M44: 0 | N44: 0 | O44: 0 | P44: 0 | Q44: 0 | R44: 0 | S44: 0 | T44: 0 | U44: 0 | V44: 0 | W44: 0 | X44: 0 | Y44: 0 | Z44: 0 | AA44: 0 | AB44: 0 | AC44: 0 | AD44: 0 | AE44: 0 | AF44: 0 | AG44: 0 | AH44: 0 | AI44: 0 | AJ44: 0 | AK44: 0 | AL44: =AI44*$H$3 -> 0 | AM44: =AJ44*$I$3 -> 0 | AN44: =AK44*$AQ$6 -> 0 | AO44: =AL44+AM44+AN44 -> 0
D45: 0 | E45: 0 | F45: 0 | G45: 0 | H45: 0 | I45: 0 | J45: 0 | K45: 0 | L45: 0 | M45: 0 | N45: 0 | O45: 0 | P45: 0 | Q45: 0 | R45: 0 | S45: 0 | T45: 0 | U45: 0 | V45: 0 | W45: 0 | X45: 0 | Y45: 0 | Z45: 0 | AA45: 0 | AB45: 0 | AC45: 0 | AD45: 0 | AE45: 0 | AF45: 0 | AG45: 0 | AH45: 0 | AI45: 0 | AJ45: 0 | AK45: 0 | AL45: =AI45*$H$3 -> 0 | AM45: =AJ45*$I$3 -> 0 | AN45: =AK45*$AQ$6 -> 0 | AO45: =AL45+AM45+AN45 -> 0
D46: 0 | E46: 0 | F46: 0 | G46: 0 | H46: 0 | I46: 0 | J46: 0 | K46: 0 | L46: 0 | M46: 0 | N46: 0 | O46: 0 | P46: 0 | Q46: 0 | R46: 0 | S46: 0 | T46: 0 | U46: 0 | V46: 0 | W46: 0 | X46: 0 | Y46: 0 | Z46: 0 | AA46: 0 | AB46: 0 | AC46: 0 | AD46: 0 | AE46: 0 | AF46: 0 | AG46: 0 | AH46: 0 | AI46: 0 | AJ46: 0 | AK46: 0 | AL46: =AI46*$M$3 -> 0 | AM46: =AJ46*$N$3 -> 0 | AN46: =AK46*$AS$6 -> 0 | AO46: =AL46+AM46+AN46 -> 0
A47: 18710376-2 | B47: ALVAREZ RIVERA CARLOS JAVIER | C47: AYUDANTE DE PERFORISTA | D47: 3.7 | E47: 0 | F47: 0 | G47: 0 | H47: 0 | I47: 0 | J47: 0 | K47: 0 | L47: 0 | M47: 0 | N47: 0 | O47: 0 | P47: 0 | Q47: 2.2 | R47: 0 | S47: 0 | T47: 0 | U47: 0 | V47: 0 | W47: 0 | X47: 0 | Y47: 0 | Z47: 0 | AA47: 0 | AB47: 0 | AC47: 0 | AD47: 0 | AE47: 0 | AF47: 0 | AG47: 0 | AH47: 0 | AI47: 5.9 | AJ47: 0 | AK47: 0 | AL47: =AI47*$H$3 -> 1475 | AM47: =AJ47*$I$3 -> 0 | AN47: =AK47*$R$3 -> 0 | AO47: =AL47+AM47+AN47 -> 1475
A48: 18755121-8 | B48: ARANCIBIA LEDEZMA JORGE ANDRES | C48: AYUDANTE DE PERFORISTA | D48: 0 | E48: 0 | F48: 0 | G48: 0 | H48: 0 | I48: 0 | J48: 0 | K48: 0 | L48: 0 | M48: 0 | N48: 0 | O48: 0 | P48: 0 | Q48: 0 | R48: 0 | S48: 0 | T48: 0 | U48: 0 | V48: 0 | W48: 0 | X48: 0 | Y48: 0 | Z48: 0 | AA48: 0 | AB48: 0 | AC48: 0 | AD48: 0 | AE48: 0 | AF48: 0 | AG48: 0 | AH48: 0 | AI48: 0 | AJ48: 0 | AK48: 0 | AL48: =AI48*$M$3 -> 0 | AM48: =AJ48*$N$3 -> 0 | AN48: =AK48*$R$3 -> 0 | AO48: =AL48+AM48+AN48 -> 0
A49: 15785558-1 | B49: ARAYA GALLARDO DANIEL SEBASTIAN | C49: AYUDANTE DE PERFORISTA | D49: 3.7 | E49: 0 | F49: 0 | G49: 0 | H49: 0 | I49: 0 | J49: 0 | K49: 0 | L49: 0 | M49: 0 | N49: 0 | O49: 0 | P49: 0 | Q49: 0 | R49: 0 | S49: 0 | T49: 0 | U49: 0 | V49: 0 | W49: 0 | X49: 0 | Y49: 0 | Z49: 0 | AA49: 0 | AB49: 0 | AC49: 0 | AD49: 0 | AE49: 0 | AF49: 0 | AG49: 0 | AH49: 0 | AI49: 3.7 | AJ49: 0 | AK49: 0 | AL49: =AI49*$M$3 -> 1387.5 | AM49: =AJ49*$N$3 -> 0 | AN49: =AK49*$R$3 -> 0 | AO49: =AL49+AM49+AN49 -> 1387.5
A50: 17626566-3 | B50: BRIONES BRIONES PAUL GIOVANNI | C50: PERFORISTA | D50: 4.4 | E50: 5 | F50: 0 | G50: 0 | H50: 0 | I50: 0 | J50: 0 | K50: 0 | L50: 0 | M50: 0 | N50: 0 | O50: 0 | P50: 0 | Q50: 0 | R50: 0 | S50: 0 | T50: 0 | U50: 0 | V50: 0 | W50: 0 | X50: 0 | Y50: 0 | Z50: 0 | AA50: 0 | AB50: 0 | AC50: 0 | AD50: 0 | AE50: 0 | AF50: 0 | AG50: 0 | AH50: 0 | AI50: 9.4 | AJ50: 0 | AK50: 0 | AL50: =AI50*$H$3 -> 2350 | AM50: =AJ50*$I$3 -> 0 | AN50: =AK50*$V$3 -> 0 | AO50: =AL50+AM50+AN50 -> 2350
A51: 19911323-2 | B51: CARVAJAL ALVARADO JAIME NICOLAS | C51: AYUDANTE DE PERFORISTA | D51: 0.6 | E51: 0 | F51: 0 | G51: 0 | H51: 0 | I51: 0 | J51: 0 | K51: 0 | L51: 0 | M51: 0 | N51: 0 | O51: 0 | P51: 0 | Q51: 0.5 | R51: 0.8 | S51: 0 | T51: 0 | U51: 0 | V51: 0 | W51: 0 | X51: 0 | Y51: 6 | Z51: 0 | AA51: 0 | AB51: 0 | AC51: 0 | AD51: 0 | AE51: 0 | AF51: 0 | AG51: 0 | AH51: 0 | AI51: 1.9 | AJ51: 0 | AK51: 6 | AL51: =AI51*$H$3 -> 475 | AM51: =AJ51*$I$3 -> 0 | AN51: =AK51*$R$3 -> 600 | AO51: =AL51+AM51+AN51 -> 1075
A52: 17629034-K | B52: CORTES GONZALEZ JUAN IGNACIO | C52: PERFORISTA | D52: 0 | E52: 0 | F52: 0 | G52: 0 | H52: 0 | I52: 0 | J52: 0 | K52: 0 | L52: 0 | M52: 0 | N52: 0 | O52: 8 | P52: 0 | Q52: 0 | R52: 0 | S52: 0 | T52: 0 | U52: 0 | V52: 0 | W52: 0 | X52: 0 | Y52: 0 | Z52: 0 | AA52: 0 | AB52: 0 | AC52: 0 | AD52: 0 | AE52: 0 | AF52: 0 | AG52: 0 | AH52: 0 | AI52: 8 | AJ52: 0 | AK52: 0 | AL52: =AI52*$M$3 -> 3000 | AM52: =AJ52*$N$3 -> 0 | AN52: =AK52*$V$3 -> 0 | AO52: =AL52+AM52+AN52 -> 3000
A53: 19041873-1 | B53: CORTES OLIVARES MAIKOL MANUEL | C53: PERFORISTA | D53: 0 | E53: 0 | F53: 0 | G53: 0 | H53: 0 | I53: 0 | J53: 0 | K53: 0 | L53: 0 | M53: 0 | N53: 0 | O53: 0 | P53: 0 | Q53: 2.2 | R53: 0 | S53: 0 | T53: 0 | U53: 0 | V53: 0 | W53: 0 | X53: 0 | Y53: 0 | Z53: 0 | AA53: 0 | AB53: 0 | AC53: 0 | AD53: 0 | AE53: 0 | AF53: 0 | AG53: 0 | AH53: 0 | AI53: 2.2 | AJ53: 0 | AK53: 0 | AL53: =AI53*$H$3 -> 550 | AM53: =AJ53*$I$3 -> 0 | AN53: =AK53*$V$3 -> 0 | AO53: =AL53+AM53+AN53 -> 550
A54: 16400165-2 | B54: DIAZ GUAJARDO CRISTIAN ESTEBAN | C54: AYUDANTE DE PERFORISTA | D54: 0 | E54: 0 | F54: 0 | G54: 0 | H54: 0 | I54: 0 | J54: 0 | K54: 0 | L54: 0 | M54: 0 | N54: 0 | O54: 0 | P54: 0 | Q54: 0.5 | R54: 0.8 | S54: 0 | T54: 0 | U54: 0 | V54: 0 | W54: 0 | X54: 0 | Y54: 0 | Z54: 0 | AA54: 0 | AB54: 0 | AC54: 0 | AD54: 0 | AE54: 0 | AF54: 0 | AG54: 0 | AH54: 0 | AI54: 1.3 | AJ54: 0 | AK54: 0 | AL54: =AI54*$H$3 -> 325 | AM54: =AJ54*$I$3 -> 0 | AN54: =AK54*$R$3 -> 0 | AO54: =AL54+AM54+AN54 -> 325
A55: 15494173-8 | B55: FLORES FLORES JOSE LUIS | C55: AYUDANTE DE PERFORISTA | D55: 0 | E55: 0 | F55: 0 | G55: 0 | H55: 0 | I55: 0 | J55: 0 | K55: 0 | L55: 0 | M55: 0 | N55: 0 | O55: 0 | P55: 0 | Q55: 0 | R55: 0 | S55: 0 | T55: 0 | U55: 0 | V55: 0 | W55: 0 | X55: 0 | Y55: 0 | Z55: 0 | AA55: 0 | AB55: 0 | AC55: 0 | AD55: 0 | AE55: 0 | AF55: 0 | AG55: 0 | AH55: 0 | AI55: 0 | AJ55: 0 | AK55: 0 | AL55: =AI55*$H$3 -> 0 | AM55: =AJ55*$I$3 -> 0 | AN55: =AK55*$R$3 -> 0 | AO55: =AL55+AM55+AN55 -> 0
A56: 13424802-5 | B56: FUENTES ROBLEDO JORGE CRISTIAN | C56: PERFORISTA | D56: 0 | E56: 0 | F56: 0 | G56: 0 | H56: 0 | I56: 0 | J56: 0 | K56: 0 | L56: 0 | M56: 0 | N56: 0 | O56: 0 | P56: 0 | Q56: 0 | R56: 0 | S56: 0 | T56: 0 | U56: 0 | V56: 0 | W56: 0 | X56: 0 | Y56: 0 | Z56: 0 | AA56: 0 | AB56: 0 | AC56: 0 | AD56: 0 | AE56: 0 | AF56: 0 | AG56: 0 | AH56: 0 | AI56: 0 | AJ56: 0 | AK56: 0 | AL56: =AI56*$H$3 -> 0 | AM56: =AJ56*$I$3 -> 0 | AN56: =AK56*$V$3 -> 0 | AO56: =AL56+AM56+AN56 -> 0
A57: 17016281-1 | B57: GALLARDO VERGARA JOSE LUIS | C57: AYUDANTE DE PERFORISTA | D57: 0 | E57: 0 | F57: 0 | G57: 0 | H57: 0 | I57: 0 | J57: 0 | K57: 0 | L57: 0 | M57: 0 | N57: 0 | O57: 0 | P57: 0 | Q57: 0 | R57: 0 | S57: 0 | T57: 0 | U57: 0 | V57: 0 | W57: 0 | X57: 0 | Y57: 0 | Z57: 0 | AA57: 0 | AB57: 0 | AC57: 0 | AD57: 0 | AE57: 0 | AF57: 0 | AG57: 0 | AH57: 0 | AI57: 0 | AJ57: 0 | AK57: 0 | AL57: =AI57*$H$3 -> 0 | AM57: =AJ57*$I$3 -> 0 | AN57: =AK57*$R$3 -> 0 | AO57: =AL57+AM57+AN57 -> 0
A58: 19662114-8 | B58: GALVEZ ABALOS BRAHYAN SCARLY | C58: AYUDANTE DE PERFORISTA | D58: 0 | E58: 0 | F58: 0 | G58: 0 | H58: 0 | I58: 0 | J58: 0 | K58: 0 | L58: 0 | M58: 0 | N58: 0 | O58: 0 | P58: 0 | Q58: 0 | R58: 0 | S58: 0 | T58: 0 | U58: 0 | V58: 0 | W58: 0 | X58: 0 | Y58: 0 | Z58: 0 | AA58: 0 | AB58: 0 | AC58: 0 | AD58: 0 | AE58: 0 | AF58: 0 | AG58: 0 | AH58: 0 | AI58: 0 | AJ58: 0 | AK58: 0 | AL58: =AI58*$H$3 -> 0 | AM58: =AJ58*$I$3 -> 0 | AN58: =AK58*$R$3 -> 0 | AO58: =AL58+AM58+AN58 -> 0
A59: 17015679-K | B59: GONZALEZ RODRIGUEZ RODRIGO ALEJANDRO | C59: AYUDANTE DE PERFORISTA | D59: 0.6 | E59: 0 | F59: 0 | G59: 0 | H59: 0 | I59: 0 | J59: 0 | K59: 0 | L59: 0 | M59: 0 | N59: 0 | O59: 0 | P59: 0 | Q59: 0 | R59: 0 | S59: 0 | T59: 0 | U59: 0 | V59: 0 | W59: 0 | X59: 0 | Y59: 0 | Z59: 0 | AA59: 0 | AB59: 0 | AC59: 0 | AD59: 0 | AE59: 0 | AF59: 0 | AG59: 0 | AH59: 0 | AI59: 0.6 | AJ59: 0 | AK59: 0 | AL59: =AI59*$H$3 -> 150 | AM59: =AJ59*$I$3 -> 0 | AN59: =AK59*$R$3 -> 0 | AO59: =AL59+AM59+AN59 -> 150
A60: 19347572-8 | B60: HENRIQUEZ VARGAS VICTOR IGNACIO | C60: AYUDANTE DE PERFORISTA | D60: 0.6 | E60: 0 | F60: 0 | G60: 0 | H60: 0 | I60: 0 | J60: 0 | K60: 0 | L60: 0 | M60: 0 | N60: 0 | O60: 0 | P60: 0 | Q60: 0 | R60: 0 | S60: 0 | T60: 0 | U60: 0 | V60: 0 | W60: 0 | X60: 0 | Y60: 0 | Z60: 0 | AA60: 0 | AB60: 0 | AC60: 0 | AD60: 0 | AE60: 0 | AF60: 0 | AG60: 0 | AH60: 0 | AI60: 0.6 | AJ60: 0 | AK60: 0 | AL60: =AI60*$M$3 -> 225 | AM60: =AJ60*$N$3 -> 0 | AN60: =AK60*$R$3 -> 0 | AO60: =AL60+AM60+AN60 -> 225
A61: 25073481-6 | B61: LEON AVELLA BRENDA LIZETH | C61: AYUDANTE DE PERFORISTA | D61: 4.4 | E61: 5 | F61: 0 | G61: 0 | H61: 0 | I61: 0 | J61: 0 | K61: 0 | L61: 0 | M61: 0 | N61: 0 | O61: 0 | P61: 0 | Q61: 2.2 | R61: 0 | S61: 0 | T61: 0 | U61: 0 | V61: 0 | W61: 0 | X61: 0 | Y61: 0 | Z61: 0 | AA61: 0 | AB61: 0 | AC61: 0 | AD61: 0 | AE61: 0 | AF61: 0 | AG61: 0 | AH61: 0 | AI61: 11.6 | AJ61: 0 | AK61: 0 | AL61: =AI61*$H$3 -> 2900 | AM61: =AJ61*$I$3 -> 0 | AN61: =AK61*$R$3 -> 0 | AO61: =AL61+AM61+AN61 -> 2900
A62: 18139820-5 | B62: MALDONADO OLIVARES GUSTAVO ADOLFO | C62: AYUDANTE DE PERFORISTA | D62: 0 | E62: 0 | F62: 0 | G62: 0 | H62: 0 | I62: 0 | J62: 0 | K62: 0 | L62: 0 | M62: 0 | N62: 0 | O62: 0 | P62: 0 | Q62: 0 | R62: 0 | S62: 0 | T62: 0 | U62: 0 | V62: 0 | W62: 0 | X62: 0 | Y62: 0 | Z62: 0 | AA62: 0 | AB62: 0 | AC62: 0 | AD62: 0 | AE62: 0 | AF62: 0 | AG62: 0 | AH62: 0 | AI62: 0 | AJ62: 0 | AK62: 0 | AL62: =AI62*$H$3 -> 0 | AM62: =AJ62*$I$3 -> 0 | AN62: =AK62*$R$3 -> 0 | AO62: =AL62+AM62+AN62 -> 0
A63: 19349275-4 | B63: MORALES CASTILLO CLAUDIO ANDRES | C63: AYUDANTE DE PERFORISTA | D63: 0 | E63: 0 | F63: 0 | G63: 0 | H63: 0 | I63: 0 | J63: 0 | K63: 0 | L63: 0 | M63: 0 | N63: 0 | O63: 0 | P63: 0 | Q63: 0 | R63: 0 | S63: 0 | T63: 0 | U63: 0 | V63: 0 | W63: 0 | X63: 0 | Y63: 0 | Z63: 0 | AA63: 0 | AB63: 0 | AC63: 0 | AD63: 0 | AE63: 0 | AF63: 0 | AG63: 0 | AH63: 0 | AI63: 0 | AJ63: 0 | AK63: 0 | AL63: =AI63*$H$3 -> 0 | AM63: =AJ63*$I$3 -> 0 | AN63: =AK63*$R$3 -> 0 | AO63: =AL63+AM63+AN63 -> 0
A64: 16550436-4 | B64: MOYANO GUERRERO MILENCO ALEXIS | C64: PERFORISTA | D64: 0.6 | E64: 0 | F64: 0 | G64: 0 | H64: 0 | I64: 0 | J64: 0 | K64: 0 | L64: 0 | M64: 0 | N64: 0 | O64: 0 | P64: 0 | Q64: 0 | R64: 0 | S64: 0 | T64: 0 | U64: 0 | V64: 0 | W64: 0 | X64: 0 | Y64: 0 | Z64: 0 | AA64: 0 | AB64: 0 | AC64: 0 | AD64: 0 | AE64: 0 | AF64: 0 | AG64: 0 | AH64: 0 | AI64: 0.6 | AJ64: 0 | AK64: 0 | AL64: =AI64*$H$3 -> 150 | AM64: =AJ64*$I$3 -> 0 | AN64: =AK64*$V$3 -> 0 | AO64: =AL64+AM64+AN64 -> 150
A65: 20912297-9 | B65: MUÑOZ ARANDA NICOLAS NEIL | C65: AYUDANTE DE PERFORISTA | D65: 0 | E65: 0 | F65: 0 | G65: 0 | H65: 0 | I65: 0 | J65: 0 | K65: 0 | L65: 0 | M65: 0 | N65: 0 | O65: 0 | P65: 0 | Q65: 0 | R65: 0 | S65: 0 | T65: 0 | U65: 0 | V65: 0 | W65: 0 | X65: 0 | Y65: 0 | Z65: 0 | AA65: 0 | AB65: 0 | AC65: 0 | AD65: 0 | AE65: 0 | AF65: 0 | AG65: 0 | AH65: 0 | AI65: 0 | AJ65: 0 | AK65: 0 | AL65: =AI65*$H$3 -> 0 | AM65: =AJ65*$I$3 -> 0 | AN65: =AK65*$R$3 -> 0 | AO65: =AL65+AM65+AN65 -> 0
A66: 19506760-0 | B66: NEGRETE MADRID ANGELO JAVIER | C66: AYUDANTE DE PERFORISTA | D66: 4.4 | E66: 5 | F66: 0 | G66: 0 | H66: 0 | I66: 0 | J66: 0 | K66: 0 | L66: 0 | M66: 0 | N66: 0 | O66: 0 | P66: 0 | Q66: 0 | R66: 0 | S66: 0 | T66: 0 | U66: 0 | V66: 0 | W66: 0 | X66: 0 | Y66: 0 | Z66: 0 | AA66: 0 | AB66: 0 | AC66: 0 | AD66: 0 | AE66: 0 | AF66: 0 | AG66: 0 | AH66: 0 | AI66: 9.4 | AJ66: 0 | AK66: 0 | AL66: =AI66*$M$3 -> 3525 | AM66: =AJ66*$N$3 -> 0 | AN66: =AK66*$R$3 -> 0 | AO66: =AL66+AM66+AN66 -> 3525
A67: 18632466-8 | B67: OLIVA CASTILLO FRANCO HERNAN | C67: AYUDANTE DE PERFORISTA | D67: 0 | E67: 0 | F67: 0 | G67: 0 | H67: 0 | I67: 0 | J67: 0 | K67: 0 | L67: 0 | M67: 0 | N67: 0 | O67: 0 | P67: 0 | Q67: 0 | R67: 0 | S67: 0 | T67: 0 | U67: 0 | V67: 0 | W67: 0 | X67: 0 | Y67: 0 | Z67: 0 | AA67: 0 | AB67: 0 | AC67: 0 | AD67: 0 | AE67: 0 | AF67: 0 | AG67: 0 | AH67: 0 | AI67: 0 | AJ67: 0 | AK67: 0 | AL67: =AI67*$M$3 -> 0 | AM67: =AJ67*$N$3 -> 0 | AN67: =AK67*$R$3 -> 0 | AO67: =AL67+AM67+AN67 -> 0
A68: 15051336-7 | B68: ORMEÑO ARREDONDO JOSE MIGUEL | C68: AYUDANTE DE PERFORISTA | D68: 0 | E68: 0 | F68: 0 | G68: 0 | H68: 0 | I68: 0 | J68: 0 | K68: 0 | L68: 0 | M68: 0 | N68: 0 | O68: 0 | P68: 0 | Q68: 0 | R68: 0 | S68: 0 | T68: 0 | U68: 0 | V68: 0 | W68: 0 | X68: 0 | Y68: 0 | Z68: 0 | AA68: 0 | AB68: 0 | AC68: 0 | AD68: 0 | AE68: 0 | AF68: 0 | AG68: 0 | AH68: 0 | AI68: 0 | AJ68: 0 | AK68: 0 | AL68: =AI68*$H$3 -> 0 | AM68: =AJ68*$I$3 -> 0 | AN68: =AK68*$R$3 -> 0 | AO68: =AL68+AM68+AN68 -> 0
A69: 19349419-6 | B69: PERALTA CORTES SEBASTIAN ALFONSO | C69: AYUDANTE DE PERFORISTA | D69: 4.4 | E69: 5 | F69: 0 | G69: 0 | H69: 0 | I69: 0 | J69: 0 | K69: 0 | L69: 0 | M69: 0 | N69: 0 | O69: 0 | P69: 0 | Q69: 0 | R69: 0 | S69: 0 | T69: 0 | U69: 0 | V69: 0 | W69: 0 | X69: 0 | Y69: 0 | Z69: 0 | AA69: 0 | AB69: 0 | AC69: 0 | AD69: 0 | AE69: 0 | AF69: 0 | AG69: 0 | AH69: 0 | AI69: 9.4 | AJ69: 0 | AK69: 0 | AL69: =AI69*$M$3 -> 3525 | AM69: =AJ69*$N$3 -> 0 | AN69: =AK69*$R$3 -> 0 | AO69: =AL69+AM69+AN69 -> 3525
A70: 16442931-8 | B70: ROJAS JOPIA DIEGO ALEJANDRO | C70: PERFORISTA | D70: 3.7 | E70: 0 | F70: 0 | G70: 0 | H70: 0 | I70: 0 | J70: 0 | K70: 0 | L70: 0 | M70: 0 | N70: 0 | O70: 0 | P70: 0 | Q70: 0 | R70: 0 | S70: 0 | T70: 0 | U70: 0 | V70: 0 | W70: 0 | X70: 0 | Y70: 0 | Z70: 0 | AA70: 0 | AB70: 0 | AC70: 0 | AD70: 0 | AE70: 0 | AF70: 0 | AG70: 0 | AH70: 0 | AI70: 3.7 | AJ70: 0 | AK70: 0 | AL70: =AI70*$M$3 -> 1387.5 | AM70: =AJ70*$N$3 -> 0 | AN70: =AK70*$V$3 -> 0 | AO70: =AL70+AM70+AN70 -> 1387.5
A71: 16442547-9 | B71: ROJAS ROJAS MARCO ANDRES | C71: PERFORISTA | D71: 0 | E71: 0 | F71: 0 | G71: 0 | H71: 0 | I71: 0 | J71: 0 | K71: 0 | L71: 0 | M71: 0 | N71: 0 | O71: 0 | P71: 0 | Q71: 0.5 | R71: 0.8 | S71: 0 | T71: 0 | U71: 0 | V71: 0 | W71: 0 | X71: 0 | Y71: 0 | Z71: 0 | AA71: 0 | AB71: 0 | AC71: 0 | AD71: 0 | AE71: 0 | AF71: 0 | AG71: 0 | AH71: 0 | AI71: 1.3 | AJ71: 0 | AK71: 0 | AL71: =AI71*$M$3 -> 487.5 | AM71: =AJ71*$N$3 -> 0 | AN71: =AK71*$V$3 -> 0 | AO71: =AL71+AM71+AN71 -> 487.5
A72: 20962133-9 | B72: ROJO TORRES DANIEL IGNACIO | C72: AYUDANTE DE PERFORISTA | D72: 0 | E72: 0 | F72: 0 | G72: 0 | H72: 0 | I72: 0 | J72: 0 | K72: 0 | L72: 0 | M72: 0 | N72: 0 | O72: 0 | P72: 0 | Q72: 0 | R72: 0 | S72: 0 | T72: 0 | U72: 0 | V72: 0 | W72: 0 | X72: 0 | Y72: 0 | Z72: 0 | AA72: 0 | AB72: 0 | AC72: 0 | AD72: 0 | AE72: 0 | AF72: 0 | AG72: 0 | AH72: 0 | AI72: 0 | AJ72: 0 | AK72: 0 | AL72: =AI72*$H$3 -> 0 | AM72: =AJ72*$I$3 -> 0 | AN72: =AK72*$R$3 -> 0 | AO72: =AL72+AM72+AN72 -> 0
A73: 16133155-4 | B73: SASSO ARAYA SEBASTIAN ENRIQUE | C73: PERFORISTA | D73: 0 | E73: 0 | F73: 0 | G73: 0 | H73: 0 | I73: 0 | J73: 0 | K73: 0 | L73: 0 | M73: 0 | N73: 0 | O73: 0 | P73: 0 | Q73: 0 | R73: 0 | S73: 0 | T73: 0 | U73: 0 | V73: 0 | W73: 0 | X73: 0 | Y73: 6 | Z73: 0 | AA73: 0 | AB73: 0 | AC73: 0 | AD73: 0 | AE73: 0 | AF73: 0 | AG73: 0 | AH73: 0 | AI73: 0 | AJ73: 0 | AK73: 6 | AL73: =AI73*$H$3 -> 0 | AM73: =AJ73*$I$3 -> 0 | AN73: =AK73*$V$3 -> 900 | AO73: =AL73+AM73+AN73 -> 900
A74: 14117235-2 | B74: TABILO ARAYA JUAN MAURICIO | C74: PERFORISTA | D74: 0 | E74: 0 | F74: 0 | G74: 0 | H74: 0 | I74: 0 | J74: 0 | K74: 0 | L74: 0 | M74: 0 | N74: 0 | O74: 0 | P74: 0 | Q74: 0.5 | R74: 0.8 | S74: 0 | T74: 0 | U74: 0 | V74: 0 | W74: 0 | X74: 0 | Y74: 0 | Z74: 0 | AA74: 0 | AB74: 0 | AC74: 0 | AD74: 0 | AE74: 0 | AF74: 0 | AG74: 0 | AH74: 0 | AI74: 1.3 | AJ74: 0 | AK74: 0 | AL74: =AI74*$H$3 -> 325 | AM74: =AJ74*$I$3 -> 0 | AN74: =AK74*$V$3 -> 0 | AO74: =AL74+AM74+AN74 -> 325
A75: 13017660-7 | B75: VALENCIA CAMPOS ERNESTO RAMIRO | C75: PERFORISTA | D75: 0 | E75: 0 | F75: 0 | G75: 0 | H75: 0 | I75: 0 | J75: 0 | K75: 0 | L75: 0 | M75: 0 | N75: 0 | O75: 0 | P75: 0 | Q75: 0 | R75: 0 | S75: 0 | T75: 0 | U75: 0 | V75: 0 | W75: 0 | X75: 0 | Y75: 0 | Z75: 0 | AA75: 0 | AB75: 0 | AC75: 0 | AD75: 0 | AE75: 0 | AF75: 0 | AG75: 0 | AH75: 0 | AI75: 0 | AJ75: 0 | AK75: 0 | AL75: =AI75*$H$3 -> 0 | AM75: =AJ75*$I$3 -> 0 | AN75: =AK75*$V$3 -> 0 | AO75: =AL75+AM75+AN75 -> 0
A76: 16581290-5 | B76: VEGA ESPINOSA JUAN ANTONIO | C76: AYUDANTE DE PERFORISTA | D76: 3.7 | E76: 0 | F76: 0 | G76: 0 | H76: 0 | I76: 0 | J76: 0 | K76: 0 | L76: 0 | M76: 0 | N76: 0 | O76: 0 | P76: 0 | Q76: 0 | R76: 0 | S76: 0 | T76: 0 | U76: 0 | V76: 0 | W76: 0 | X76: 0 | Y76: 0 | Z76: 0 | AA76: 0 | AB76: 0 | AC76: 0 | AD76: 0 | AE76: 0 | AF76: 0 | AG76: 0 | AH76: 0 | AI76: 3.7 | AJ76: 0 | AK76: 0 | AL76: =AI76*$H$3 -> 925 | AM76: =AJ76*$I$3 -> 0 | AN76: =AK76*$R$3 -> 0 | AO76: =AL76+AM76+AN76 -> 925
A77: 12982701-7 | B77: VELASQUEZ CIFUENTES MARCO ANTONIO | C77: AYUDANTE DE PERFORISTA | D77: 0.6 | E77: 0 | F77: 0 | G77: 0 | H77: 0 | I77: 0 | J77: 0 | K77: 0 | L77: 0 | M77: 0 | N77: 0 | O77: 0 | P77: 0 | Q77: 0 | R77: 0 | S77: 0 | T77: 0 | U77: 0 | V77: 0 | W77: 0 | X77: 0 | Y77: 0 | Z77: 0 | AA77: 0 | AB77: 0 | AC77: 0 | AD77: 0 | AE77: 0 | AF77: 0 | AG77: 0 | AH77: 0 | AI77: 0.6 | AJ77: 0 | AK77: 0 | AL77: =AI77*$H$3 -> 150 | AM77: =AJ77*$N$3 -> 0 | AN77: =AK77*$R$3 -> 0 | AO77: =AL77+AM77+AN77 -> 150
A78: 16772735-2 | B78: YAÑEZ VARAS DANIEL ALEJANDRO | C78: AYUDANTE DE PERFORISTA | D78: 0 | E78: 0 | F78: 0 | G78: 0 | H78: 0 | I78: 0 | J78: 0 | K78: 0 | L78: 0 | M78: 0 | N78: 0 | O78: 0 | P78: 0 | Q78: 0.5 | R78: 0.8 | S78: 0 | T78: 0 | U78: 0 | V78: 0 | W78: 0 | X78: 0 | Y78: 0 | Z78: 0 | AA78: 0 | AB78: 0 | AC78: 0 | AD78: 0 | AE78: 0 | AF78: 0 | AG78: 0 | AH78: 0 | AI78: 1.3 | AJ78: 0 | AK78: 0 | AL78: =AI78*$H$3 -> 325 | AM78: =AJ78*$I$3 -> 0 | AN78: =AK78*$R$3 -> 0 | AO78: =AL78+AM78+AN78 -> 325
A79: 17293877-9 | B79: ZEPEDA SOTO ERNESTO ALIRO | C79: AYUDANTE DE PERFORISTA | D79: 3.7 | E79: 0 | F79: 0 | G79: 0 | H79: 0 | I79: 0 | J79: 0 | K79: 0 | L79: 0 | M79: 0 | N79: 0 | O79: 0 | P79: 0 | Q79: 2.2 | R79: 0 | S79: 0 | T79: 0 | U79: 0 | V79: 0 | W79: 0 | X79: 0 | Y79: 0 | Z79: 0 | AA79: 0 | AB79: 0 | AC79: 0 | AD79: 0 | AE79: 0 | AF79: 0 | AG79: 0 | AH79: 0 | AI79: 5.9 | AJ79: 0 | AK79: 0 | AL79: =AI79*$H$3 -> 1475 | AM79: =AJ79*$I$3 -> 0 | AN79: =AK79*$R$3 -> 0 | AO79: =AL79+AM79+AN79 -> 1475
A80: 13748728-4 | B80: ALFARO CASTELLANOS CARLOS JAVIER | C80: AYUDANTE DE PERFORISTA | D80: 0 | E80: 0 | F80: 0 | G80: 0 | H80: 0 | I80: 0 | J80: 0 | K80: 0 | L80: 0 | M80: 0 | N80: 0 | O80: 0 | P80: 0 | Q80: 0 | R80: 0 | S80: 0 | T80: 0 | U80: 0 | V80: 0 | W80: 0 | X80: 0 | Y80: 0 | Z80: 0 | AA80: 0 | AB80: 0 | AC80: 0 | AD80: 0 | AE80: 0 | AF80: 0 | AG80: 0 | AH80: 0 | AI80: 0 | AJ80: 0 | AK80: 0 | AL80: =AI80*$H$3 -> 0 | AM80: =AJ80*$I$3 -> 0 | AN80: =AK80*$R$3 -> 0 | AO80: =AL80+AM80+AN80 -> 0
A81: 15232639-4 | B81: AVILES VERGARA RODRIGO ALEJANDRO | C81: PERFORISTA | D81: 0 | E81: 0 | F81: 0 | G81: 0 | H81: 0 | I81: 0 | J81: 0 | K81: 0 | L81: 0 | M81: 0 | N81: 0 | O81: 0 | P81: 0 | Q81: 0 | R81: 0 | S81: 0 | T81: 0 | U81: 0 | V81: 0 | W81: 0 | X81: 0 | Y81: 0 | Z81: 0 | AA81: 0 | AB81: 0 | AC81: 0 | AD81: 0 | AE81: 0 | AF81: 0 | AG81: 0 | AH81: 0 | AI81: 0 | AJ81: 0 | AK81: 0 | AL81: =AI81*$H$3 -> 0 | AM81: =AJ81*$N$3 -> 0 | AN81: =AK81*$V$3 -> 0 | AO81: =AL81+AM81+AN81 -> 0
A82: 19662155-5 | B82: GOMEZ PIZARRO ANGELO IGNACIO | C82: AYUDANTE DE PERFORISTA | D82: 0 | E82: 0 | F82: 0 | G82: 0 | H82: 0 | I82: 0 | J82: 0 | K82: 0 | L82: 0 | M82: 0 | N82: 0 | O82: 0 | P82: 0 | Q82: 0 | R82: 0 | S82: 0 | T82: 0 | U82: 0 | V82: 0 | W82: 0 | X82: 0 | Y82: 0 | Z82: 0 | AA82: 0 | AB82: 0 | AC82: 0 | AD82: 0 | AE82: 0 | AF82: 0 | AG82: 0 | AH82: 0 | AI82: 0 | AJ82: 0 | AK82: 0 | AL82: =AI82*$H$3 -> 0 | AM82: =AJ82*$I$3 -> 0 | AN82: =AK82*$R$3 -> 0 | AO82: =AL82+AM82+AN82 -> 0
A83: 16058317-7 | B83: FERNANDEZ BRICEÑO RODRIGO ARMANDO | C83: AYUDANTE DE PERFORISTA | D83: 0 | E83: 0 | F83: 0 | G83: 0 | H83: 0 | I83: 0 | J83: 0 | K83: 0 | L83: 0 | M83: 0 | N83: 0 | O83: 0 | P83: 0 | Q83: 0 | R83: 0 | S83: 0 | T83: 0 | U83: 0 | V83: 0 | W83: 0 | X83: 0 | Y83: 6 | Z83: 0 | AA83: 0 | AB83: 0 | AC83: 0 | AD83: 0 | AE83: 0 | AF83: 0 | AG83: 0 | AH83: 0 | AI83: 0 | AJ83: 0 | AK83: 6 | AL83: =AI83*$H$3 -> 0 | AM83: =AJ83*$I$3 -> 0 | AN83: =AK83*$R$3 -> 600 | AO83: =AL83+AM83+AN83 -> 600
A84: 17723194-0 | B84: PAZ CORTES MANUEL SEBASTIAN | C84: AYUDANTE DE PERFORISTA | D84: 0 | E84: 0 | F84: 0 | G84: 0 | H84: 0 | I84: 0 | J84: 0 | K84: 0 | L84: 0 | M84: 0 | N84: 0 | O84: 0 | P84: 0 | Q84: 0 | R84: 0 | S84: 0 | T84: 0 | U84: 0 | V84: 0 | W84: 0 | X84: 0 | Y84: 0 | Z84: 0 | AA84: 0 | AB84: 0 | AC84: 0 | AD84: 0 | AE84: 0 | AF84: 0 | AG84: 0 | AH84: 0 | AI84: 0 | AJ84: 0 | AK84: 0 | AL84: =AI84*$H$3 -> 0 | AM84: =AJ84*$I$3 -> 0 | AN84: =AK84*$R$3 -> 0 | AO84: =AL84+AM84+AN84 -> 0
A85: 19690710-6 | B85: DONAIRE VADULLI EMERSON GIOVANNY | C85: AYUDANTE DE PERFORISTA | D85: 0 | E85: 0 | F85: 0 | G85: 0 | H85: 0 | I85: 0 | J85: 0 | K85: 0 | L85: 0 | M85: 0 | N85: 0 | O85: 0 | P85: 0 | Q85: 0 | R85: 0 | S85: 0 | T85: 0 | U85: 0 | V85: 0 | W85: 0 | X85: 0 | Y85: 0 | Z85: 0 | AA85: 0 | AB85: 0 | AC85: 0 | AD85: 0 | AE85: 0 | AF85: 0 | AG85: 0 | AH85: 0 | AI85: 0 | AJ85: 0 | AK85: 0 | AL85: =AI85*$H$3 -> 0 | AM85: =AJ85*$N$3 -> 0 | AN85: =AK85*$R$3 -> 0 | AO85: =AL85+AM85+AN85 -> 0
AO86: =SUM(AO7:AO85) -> 268493.75

Sheet Hoja2
B2: 21236457-6 | C2: ANGEL MUNITA DIANA CATALINA | D2: AYUDANTE DE PERFORISTA
B3: 21637836-9 | C3: AQUEA GONZALEZ MARIO ALBERTO | D3: AYUDANTE DE PERFORISTA
B4: 15232639-4 | C4: AVILES VERGARA RODRIGO ALEJANDRO | D4: PERFORISTA
B5: 17939732-3 | C5: CASSRA ORELLANA DAVID JESUS | D5: AYUDANTE DE PERFORISTA
B6: 17624527-1 | C6: CASTRO AVALOS NELSON ANDRES | D6: PERFORISTA
B7: 19454353-0 | C7: CASTRO HOHMANN KASUKI | D7: AYUDANTE DE PERFORISTA
B8: 17014579-8 | C8: CASTRO VARAS JOSUE SALOMON | D8: PERFORISTA
B9: 13425369-K | C9: CONTRERAS FLORES RICHARD FERNANDO | D9: AYUDANTE DE PERFORISTA
B10: 11778172-0 | C10: CONTRERAS RIOS ORLANDO | D10: PERFORISTA
B11: 16280454-5 | C11: ESCALONA VERA MANUEL ANTONIO | D11: PERFORISTA
B12: 19214178-8 | C12: GAETE PAZ GERARDO ANTONIO | D12: AYUDANTE DE PERFORISTA
B13: 17293946-5 | C13: GONZALEZ JERALDO HAMIR ALONSO | D13: PERFORISTA
... B72: 17293877-9 | C72: ZEPEDA SOTO ERNESTO ALIRO | D72: AYUDANTE DE PERFORISTA

Sheet 740-7
D1: 740/07 | AN1: TOTAL TURNO A | AP1: TOTAL TURNO B
D2: JULIO | E2: 46204 | F2: 46205 | G2: 46206 | H2: 46207 | I2: 46208 | J2: 46209 | K2: 46210 | L2: 46211 | M2: 46212 | N2: 46213 | O2: 46214 | P2: 46215 | Q2: 46216 | R2: 46217 | S2: 46218 | T2: 46219 | U2: 46220 | V2: 46221 | W2: 46222 | X2: 46223 | Y2: 46224 | Z2: 46225 | AA2: 46226 | AB2: 46227 | AC2: 46228 | AD2: 46229 | AE2: 46230 | AF2: 46231 | AG2: 46232 | AH2: 46233 | AI2: 46234 | AK2: TOTAL TURNO A | AL2: TOTAL TURNO B | AM2: TOTAL MES | AN2: 0-500 | AO2: 500-1000 | AP2: 0-500 | AQ2: 500-1000
C3: TURNO DIA | D3: FONDO INICIO | E3: 105.5 | F3: =E7 -> 156.5 | G3: 150 | H3: =G7 -> 151.65 | I3: =H7 -> 220.1 | J3: =I7 -> 273.3 | K3: =J7 -> 313.9 | L3: =K7 -> 313.9 | M3: =L7 -> 313.9 | N3: =M7 -> 313.9 | O3: =N7 -> 313.9 | ... AE3: =AD7 -> 460 | AF3: 0 | AG3: =AF7 -> 0 | AH3: =AG7 -> 17.5 | AI3: =AH7 -> 29.8 | AK3: =SUM(AA5:AI5,G5:P5) -> 136.75 | AL3: =SUM(E5:F5,Q5:Z5) -> 98.8 | AM3: =SUM(E5:AI5) -> 235.55 | AN3: =SUM(G5:P5,AA5:AI5) -> 136.75 | AP3: =SUM(E5:F5,Q5:Z5) -> 98.8
D4: FONDO FINAL | E4: 131.9 | F4: 183.5 | G4: 150 | H4: 180.3 | I4: 246.3 | J4: 291.3 | K4: 313.9 | L4: 313.9 | M4: 313.9 | N4: 313.9 | O4: 313.9 | P4: 330.3 | Q4: 368.2 | R4: 368.4 | S4: 368.4 | T4: 368.4 | U4: 375.2 | V4: 402.2 | W4: 432.2 | X4: 434 | Y4: 434 | Z4: 434 | AA4: 434 | AB4: 434 | AC4: 434 | AD4: 445.6 | AE4: 474.2 | AF4: 0 | AG4: 16.6 | AH4: 27 | AI4: 29.8
D5: TOTAL | E5: =E4-E3 -> 26.4 | F5: =F4-F3 -> 27 | G5: =G4-G3 -> 0 | H5: =H4-H3 -> 28.65 | I5: =I4-I3 -> 26.2 | J5: =J4-J3 -> 18 | K5: =K4-K3 -> 0 | L5: =L4-L3 -> 0 | ... AI5: =AI4-AI3 -> 0
C6: TURNO NOCHE | D6: FONDO INICIO | E6: =E4 -> 131.9 | F6: =F4 -> 183.5 | G6: =G4 -> 150 | H6: =H4 -> 180.3 | I6: =I4 -> 246.3 | J6: =J4 -> 291.3 | K6: =K4 -> 313.9 | L6: =L4 -> 313.9 | ... AI6: =AI4 -> 29.8 | AK6: =SUM(G8:P8,AA8:AI8) -> 161.55 | AL6: =SUM(G8:P8,AA8:AH8) -> 149.35 | AM6: =SUM(E8:AI8) -> 230.95 | AN6: =SUM(G8:P8,AA8:AI8) -> 161.55 | AP6: =SUM(E8:F8,Q8:Z8) -> 69.4
D7: FONDO FINAL | E7: 156.5 | F7: 200 | G7: 151.65 | H7: 220.1 | I7: 273.3 | J7: 313.9 | K7: 313.9 | L7: 313.9 | M7: 313.9 | N7: 313.9 | O7: 318.3 | P7: 360.3 | Q7: 368.4 | R7: 368.4 | S7: 368.4 | T7: 368.4 | U7: 385.3 | V7: 420.2 | W7: 432.2 | X7: 434 | Y7: 434 | Z7: 434 | AA7: 434 | AB7: 434 | AC7: 434 | AD7: 460 | AE7: 480 | AF7: 0 | AG7: 17.5 | AH7: 29.8 | AI7: 42
D8: TOTAL | E8: =E7-E6 -> 24.6 | F8: =F7-F6 -> 16.5 | G8: =G7-G6 -> 1.65 | H8: =H7-H6 -> 39.8 | I8: =I7-I6 -> 27 | J8: =J7-J6 -> 22.6 | K8: =K7-K6 -> 0 | L8: =L7-L6 -> 0 | ... AI8: =AI7-AI6 -> 12.2
D9: TOTAL TURNO | E9: =E5+E8 -> 51 | F9: =F5+F8 -> 43.5 | G9: =G5+G8 -> 1.65 | H9: =H5+H8 -> 68.45 | I9: =I5+I8 -> 53.2 | J9: =J5+J8 -> 40.6 | K9: =K5+K8 -> 0 | L9: =L5+L8 -> 0 | ... AI9: =AI5+AI8 -> 12.2 | AK9: =AK3+AK6 -> 298.3 | AL9: =AL3+AL6 -> 248.15 | AM9: =AM3+AM6 -> 466.5 | AN9: =SUM(AN3:AN8) -> 298.3 | AO9: =SUM(AO3:AO8) -> 0 | AP9: =AP3+AP6 -> 168.2 | AQ9: =AQ3+AQ6 -> 0
B10: RUT | C10: NOMBRE | D10: CARGO | AL10: 0-500 | AM10: 501-1000 | AN10: 1001-1500
A11: A | B11: 21236457-6 | C11: ANGEL MUNITA DIANA CATALINA | D11: AYUDANTE DE PERFORISTA | E11: 0 | F11: 0 | G11: =G9 -> 1.65 | H11: 0 | I11: 0 | J11: 0 | K11: 0 | L11: 0 | M11: 0 | N11: 0 | O11: 0 | P11: 0 | Q11: 0 | R11: 0 | S11: 0 | T11: 0 | U11: 0 | V11: 0 | W11: 0 | X11: 0 | Y11: 0 | Z11: 0 | AA11: 0 | AB11: 0 | AC11: 0 | AD11: 0 | AE11: 0 | AF11: 0 | AG11: 0 | AH11: 0 | AI11: 0 | AK11: =SUM(E11:AI11) -> 1.65 | AL11: =SUM(E11:AI11) -> 1.65 | AM11: 0 | AO11: =AL11+AM11+AN11 -> 1.65 | AP11: =IF(AO11=AK11,"V","F") -> V
A12: A | B12: 21637836-9 | C12: AQUEA GONZALEZ MARIO ALBERTO | D12: AYUDANTE DE PERFORISTA | E12: 0 | F12: 0 | G12: 0 | H12: 0 | I12: 0 | J12: 0 | K12: 0 | L12: 0 | M12: 0 | N12: 0 | O12: 0 | P12: 0 | Q12: 0 | R12: 0 | S12: 0 | T12: 0 | U12: 0 | V12: 0 | W12: 0 | X12: 0 | Y12: 0 | Z12: 0 | AA12: 0 | AB12: 0 | AC12: 0 | AD12: 0 | AE12: 0 | AF12: 0 | AG12: 0 | AH12: 0 | AI12: 0 | AK12: =SUM(E12:AI12) -> 0 | AL12: =SUM(E12:AI12) -> 0 | AM12: 0 | AO12: =AL12+AM12+AN12 -> 0 | AP12: =IF(AO12=AK12,"V","F") -> V
A13: A | B13: 13173870-6 | C13: ARAYA REYES DANIEL OSVALDO | D13: PERFORISTA | E13: 0 | F13: 0 | G13: 0 | H13: 0 | I13: 0 | J13: 0 | K13: 0 | L13: 0 | M13: 0 | N13: 0 | O13: 0 | P13: 0 | Q13: 0 | R13: 0 | S13: 0 | T13: 0 | U13: 0 | V13: 0 | W13: 0 | X13: 0 | Y13: 0 | Z13: 0 | AA13: 0 | AB13: 0 | AC13: 0 | AD13: 0 | AE13: 0 | AF13: 0 | AG13: 0 | AH13: 0 | AI13: 0 | AK13: =SUM(E13:AI13) -> 0 | AL13: =SUM(E13:AI13) -> 0 | AM13: 0 | AO13: =AL13+AM13+AN13 -> 0 | AP13: =IF(AO13=AK13,"V","F") -> V
A14: A | B14: 17939732-3 | C14: CASSRA ORELLANA DAVID JESUS | D14: AYUDANTE DE PERFORISTA | E14: 0 | F14: 0 | G14: 0 | H14: 0 | I14: 0 | J14: 0 | K14: 0 | L14: 0 | M14: 0 | N14: 0 | O14: 0 | P14: 0 | Q14: 0 | R14: 0 | S14: 0 | T14: 0 | U14: 0 | V14: 0 | W14: 0 | X14: 0 | Y14: 0 | Z14: 0 | AA14: 0 | AB14: 0 | AC14: 0 | AD14: 0 | AE14: 0 | AF14: 0 | AG14: 0 | AH14: 0 | AI14: 0 | AK14: =SUM(E14:AI14) -> 0 | AL14: =SUM(E14:AI14) -> 0 | AM14: 0 | AO14: =AL14+AM14+AN14 -> 0 | AP14: =IF(AO14=AK14,"V","F") -> V
A15: A | B15: 17624527-1 | C15: CASTRO AVALOS NELSON ANDRES | D15: PERFORISTA | E15: 0 | F15: 0 | G15: =G9 -> 1.65 | H15: =H9 -> 68.45 | I15: =I9 -> 53.2 | J15: =J9 -> 40.6 | K15: =K9 -> 0 | L15: =L9 -> 0 | M15: =M9 -> 0 | N15: =N9 -> 0 | ... P15: =P9 -> 42 | Q15: 0 | R15: 0 | S15: 0 | T15: 0 | U15: 0 | V15: 0 | W15: 0 | X15: 0 | Y15: 0 | Z15: 0 | AA15: 0 | AB15: 0 | AC15: 0 | AD15: =AD9 -> 26 | AE15: =AE9 -> 20 | AF15: =AF9 -> 0 | AG15: =AG9 -> 17.5 | AH15: =AH9 -> 12.3 | AI15: =AI9 -> 12.2 | AK15: =SUM(E15:AI15) -> 298.3 | AL15: =SUM(E15:AI15) -> 298.3 | AM15: 0 | AO15: =AL15+AM15+AN15 -> 298.3 | AP15: =IF(AO15=AK15,"V","F") -> V
A16: A | B16: 19454353-0 | C16: CASTRO HOHMANN KAZUKI | D16: AYUDANTE DE PERFORISTA | E16: 0 | F16: 0 | G16: =G9 -> 1.65 | H16: =H9 -> 68.45 | I16: =I9 -> 53.2 | J16: =J9 -> 40.6 | K16: =K9 -> 0 | L16: =L9 -> 0 | M16: =M9 -> 0 | N16: =N9 -> 0 | ... P16: =P9 -> 42 | Q16: 0 | R16: 0 | S16: 0 | T16: 0 | U16: 0 | V16: 0 | W16: 0 | X16: 0 | Y16: 0 | Z16: 0 | AA16: 0 | AB16: 0 | AC16: 0 | AD16: =AD9 -> 26 | AE16: =AE9 -> 20 | AF16: =AF9 -> 0 | AG16: =AG9 -> 17.5 | AH16: =AH9 -> 12.3 | AI16: =AI9 -> 12.2 | AK16: =SUM(E16:AI16) -> 298.3 | AL16: =SUM(E16:AI16) -> 298.3 | AM16: 0 | AO16: =AL16+AM16+AN16 -> 298.3 | AP16: =IF(AO16=AK16,"V","F") -> V
A17: A | B17: 17014579-8 | C17: CASTRO VARAS JOSUE SALOMON | D17: PERFORISTA | E17: 0 | F17: 0 | G17: 0 | H17: 0 | I17: 0 | J17: 0 | K17: 0 | L17: 0 | M17: 0 | N17: 0 | O17: 0 | P17: 0 | Q17: 0 | R17: 0 | S17: 0 | T17: 0 | U17: 0 | V17: 0 | W17: 0 | X17: 0 | Y17: 0 | Z17: 0 | AA17: 0 | AB17: 0 | AC17: 0 | AD17: 0 | AE17: 0 | AF17: 0 | AG17: 0 | AH17: 0 | AI17: 0 | AK17: =SUM(E17:AI17) -> 0 | AL17: =SUM(E17:AI17) -> 0 | AM17: 0 | AO17: =AL17+AM17+AN17 -> 0 | AP17: =IF(AO17=AK17,"V","F") -> V
A18: A | B18: 13425369-K | C18: CONTRERAS FLORES RICHARD FERNANDO | D18: AYUDANTE DE PERFORISTA | E18: 0 | F18: 0 | G18: 0 | H18: 0 | I18: 0 | J18: 0 | K18: 0 | L18: 0 | M18: 0 | N18: 0 | O18: 0 | P18: 0 | Q18: 0 | R18: 0 | S18: 0 | T18: 0 | U18: 0 | V18: 0 | W18: 0 | X18: 0 | Y18: 0 | Z18: 0 | AA18: 0 | AB18: 0 | AC18: 0 | AD18: 0 | AE18: 0 | AF18: 0 | AG18: 0 | AH18: 0 | AI18: 0 | AK18: =SUM(E18:AI18) -> 0 | AL18: =SUM(E18:AI18) -> 0 | AM18: 0 | AO18: =AL18+AM18+AN18 -> 0 | AP18: =IF(AO18=AK18,"V","F") -> V
A19: A | B19: 11778172-0 | C19: CONTRERAS RIOS ORLANDO PATRICIO | D19: PERFORISTA | E19: 0 | F19: 0 | G19: 0 | H19: 0 | I19: 0 | J19: 0 | K19: 0 | L19: 0 | M19: 0 | N19: 0 | O19: 0 | P19: 0 | Q19: 0 | R19: 0 | S19: 0 | T19: 0 | U19: 0 | V19: 0 | W19: 0 | X19: 0 | Y19: 0 | Z19: 0 | AA19: 0 | AB19: 0 | AC19: 0 | AD19: 0 | AE19: 0 | AF19: 0 | AG19: 0 | AH19: 0 | AI19: 0 | AK19: =SUM(E19:AI19) -> 0 | AL19: =SUM(E19:AI19) -> 0 | AM19: 0 | AO19: =AL19+AM19+AN19 -> 0 | AP19: =IF(AO19=AK19,"V","F") -> V
A20: A | B20: 17629034-K | C20: CORTES GONZALEZ JUAN IGNACIO | D20: PERFORISTA | E20: 0 | F20: 0 | G20: 0 | H20: 0 | I20: 0 | J20: 0 | K20: 0 | L20: 0 | M20: 0 | N20: 0 | O20: =O9 -> 4.4 | P20: =P9 -> 42 | Q20: 0 | R20: 0 | S20: 0 | T20: 0 | U20: 0 | V20: 0 | W20: 0 | X20: 0 | Y20: 0 | Z20: 0 | AA20: 0 | AB20: 0 | AC20: 0 | AD20: =AD9 -> 26 | AE20: =AE9 -> 20 | AF20: =AF9 -> 0 | AG20: =AG9 -> 17.5 | AH20: =AH9 -> 12.3 | AI20: =AI9 -> 12.2 | AK20: =SUM(E20:AI20) -> 134.4 | AL20: =SUM(E20:AI20) -> 134.4 | AM20: 0 | AO20: =AL20+AM20+AN20 -> 134.4 | AP20: =IF(AO20=AK20,"V","F") -> V
A21: A | B21: 16280454-5 | C21: ESCALONA VERA MANUEL ANTONIO | D21: PERFORISTA | E21: 0 | F21: 0 | G21: =G9 -> 1.65 | H21: =H9 -> 68.45 | I21: =I9 -> 53.2 | J21: =J9 -> 40.6 | K21: =K9 -> 0 | L21: =L9 -> 0 | M21: =M9 -> 0 | N21: =N9 -> 0 | ... P21: =P9 -> 42 | Q21: 0 | R21: 0 | S21: 0 | T21: 0 | U21: 0 | V21: 0 | W21: 0 | X21: 0 | Y21: 0 | Z21: 0 | AA21: 0 | AB21: 0 | AC21: 0 | AD21: 0 | AE21: 0 | AF21: 0 | AG21: 0 | AH21: =AH9 -> 12.3 | AI21: =AI9 -> 12.2 | AK21: =SUM(E21:AI21) -> 234.8 | AL21: =SUM(E21:AI21) -> 234.8 | AM21: 0 | AO21: =AL21+AM21+AN21 -> 234.8 | AP21: =IF(AO21=AK21,"V","F") -> V
A22: A | B22: 19214178-8 | C22: GAETE PAZ GERARDO ANTONIO | D22: AYUDANTE DE PERFORISTA | E22: 0 | F22: 0 | G22: 0 | H22: 0 | I22: 0 | J22: 0 | K22: 0 | L22: 0 | M22: 0 | N22: 0 | O22: 0 | P22: 0 | Q22: 0 | R22: 0 | S22: 0 | T22: 0 | U22: 0 | V22: 0 | W22: 0 | X22: 0 | Y22: 0 | Z22: 0 | AA22: 0 | AB22: 0 | AC22: 0 | AD22: 0 | AE22: 0 | AF22: 0 | AG22: 0 | AH22: 0 | AI22: 0 | AK22: =SUM(E22:AI22) -> 0 | AL22: =SUM(E22:AI22) -> 0 | AM22: 0 | AO22: =AL22+AM22+AN22 -> 0 | AP22: =IF(AO22=AK22,"V","F") -> V
A23: A | B23: 16892590-5 | C23: GALLEGUILLOS DIAZ ERIC ALFONSO | D23: AYUDANTE DE PERFORISTA | E23: 0 | F23: 0 | G23: 0 | H23: 0 | I23: 0 | J23: 0 | K23: 0 | L23: 0 | M23: 0 | N23: 0 | O23: 0 | P23: 0 | Q23: 0 | R23: 0 | S23: 0 | T23: 0 | U23: 0 | V23: 0 | W23: 0 | X23: 0 | Y23: 0 | Z23: 0 | AA23: =AA9 -> 0 | AB23: =AB9 -> 0 | AC23: =AC9 -> 0 | AD23: =AD9 -> 26 | AE23: =AE9 -> 20 | AF23: =AF9 -> 0 | AG23: =AG9 -> 17.5 | AH23: =AH9 -> 12.3 | AI23: =AI9 -> 12.2 | AK23: =SUM(E23:AI23) -> 88 | AL23: =SUM(E23:AI23) -> 88 | AM23: 0 | AO23: =AL23+AM23+AN23 -> 88 | AP23: =IF(AO23=AK23,"V","F") -> V
A24: A | B24: 19662114-8 | C24: GALVEZ ABALOS BRAHYAN SCARLY | D24: AYUDANTE DE PERFORISTA | E24: 0 | F24: 0 | G24: 0 | H24: 0 | I24: 0 | J24: 0 | K24: 0 | L24: 0 | M24: 0 | N24: 0 | O24: 0 | P24: 0 | Q24: 0 | R24: 0 | S24: 0 | T24: 0 | U24: 0 | V24: 0 | W24: 0 | X24: 0 | Y24: 0 | Z24: 0 | AA24: 0 | AB24: 0 | AC24: 0 | AD24: 0 | AE24: 0 | AF24: 0 | AG24: 0 | AH24: 0 | AI24: 0 | AK24: =SUM(E24:AI24) -> 0 | AL24: =SUM(E24:AI24) -> 0 | AM24: 0 | AO24: =AL24+AM24+AN24 -> 0 | AP24: =IF(AO24=AK24,"V","F") -> V
A25: A | B25: 17827549-6 | C25: GONZALEZ ROMERO JUAN EDUARDO | D25: AYUDANTE DE PERFORISTA | E25: 0 | F25: 0 | G25: 0 | H25: 0 | I25: 0 | J25: 0 | K25: 0 | L25: 0 | M25: 0 | N25: 0 | O25: 0 | P25: 0 | Q25: 0 | R25: 0 | S25: 0 | T25: 0 | U25: 0 | V25: 0 | W25: 0 | X25: 0 | Y25: 0 | Z25: 0 | AA25: 0 | AB25: 0 | AC25: 0 | AD25: 0 | AE25: 0 | AF25: 0 | AG25: 0 | AH25: 0 | AI25: 0 | AK25: =SUM(E25:AI25) -> 0 | AL25: =SUM(E25:AI25) -> 0 | AM25: 0 | AO25: =AL25+AM25+AN25 -> 0 | AP25: =IF(AO25=AK25,"V","F") -> V
A26: A | B26: 17294242-3 | C26: JERALDO CORTES DANIEL EDUARDO | D26: PERFORISTA | E26: 0 | F26: 0 | G26: 0 | H26: 0 | I26: 0 | J26: 0 | K26: 0 | L26: 0 | M26: 0 | N26: 0 | O26: 0 | P26: 0 | Q26: 0 | R26: 0 | S26: 0 | T26: 0 | U26: 0 | V26: 0 | W26: 0 | X26: 0 | Y26: 0 | Z26: 0 | AA26: 0 | AB26: 0 | AC26: 0 | AD26: 0 | AE26: 0 | AF26: 0 | AG26: 0 | AH26: 0 | AI26: 0 | AK26: =SUM(E26:AI26) -> 0 | AL26: =SUM(E26:AI26) -> 0 | AM26: 0 | AO26: =AL26+AM26+AN26 -> 0 | AP26: =IF(AO26=AK26,"V","F") -> V
A27: A | B27: 12115176-6 | C27: LEIVA LEIVA FRANCISCO JAVIER | D27: PERFORISTA | E27: 0 | F27: 0 | G27: 0 | H27: 0 | I27: 0 | J27: 0 | K27: 0 | L27: 0 | M27: 0 | N27: 0 | O27: 0 | P27: 0 | Q27: 0 | R27: 0 | S27: 0 | T27: 0 | U27: 0 | V27: 0 | W27: 0 | X27: 0 | Y27: 0 | Z27: 0 | AA27: 0 | AB27: 0 | AC27: 0 | AD27: 0 | AE27: 0 | AF27: 0 | AG27: 0 | AH27: 0 | AI27: 0 | AK27: =SUM(E27:AI27) -> 0 | AL27: =SUM(E27:AI27) -> 0 | AM27: 0 | AO27: =AL27+AM27+AN27 -> 0 | AP27: =IF(AO27=AK27,"V","F") -> V
A28: A | B28: 17818652-3 | C28: MILLA PALACIOS JAVIER ANDRES | D28: PERFORISTA | E28: 0 | F28: 0 | G28: 0 | H28: 0 | I28: 0 | J28: 0 | K28: 0 | L28: 0 | M28: 0 | N28: 0 | O28: 0 | P28: 0 | Q28: 0 | R28: 0 | S28: 0 | T28: 0 | U28: 0 | V28: 0 | W28: 0 | X28: 0 | Y28: 0 | Z28: 0 | AA28: 0 | AB28: 0 | AC28: 0 | AD28: 0 | AE28: 0 | AF28: 0 | AG28: 0 | AH28: 0 | AI28: 0 | AK28: =SUM(E28:AI28) -> 0 | AL28: =SUM(E28:AI28) -> 0 | AM28: 0 | AO28: =AL28+AM28+AN28 -> 0 | AP28: =IF(AO28=AK28,"V","F") -> V
A29: A | B29: 25606451-0 | C29: MUJICA MENDEZ ENDER ALEXANDER | D29: AYUDANTE DE PERFORISTA | E29: 0 | F29: 0 | G29: 0 | H29: 0 | I29: 0 | J29: 0 | K29: 0 | L29: 0 | M29: 0 | N29: 0 | O29: 0 | P29: 0 | Q29: 0 | R29: 0 | S29: 0 | T29: 0 | U29: 0 | V29: 0 | W29: 0 | X29: 0 | Y29: 0 | Z29: 0 | AA29: 0 | AB29: 0 | AC29: 0 | AD29: 0 | AE29: 0 | AF29: 0 | AG29: 0 | AH29: 0 | AI29: 0 | AK29: =SUM(E29:AI29) -> 0 | AL29: =SUM(E29:AI29) -> 0 | AM29: 0 | AO29: =AL29+AM29+AN29 -> 0 | AP29: =IF(AO29=AK29,"V","F") -> V
A30: A | B30: 20111998-7 | C30: NOVOA TORO BORIS ALEXIS | D30: AYUDANTE DE PERFORISTA | E30: 0 | F30: 0 | G30: 0 | H30: 0 | I30: 0 | J30: 0 | K30: 0 | L30: 0 | M30: 0 | N30: 0 | O30: 0 | P30: 0 | Q30: 0 | R30: 0 | S30: 0 | T30: 0 | U30: 0 | V30: 0 | W30: 0 | X30: 0 | Y30: 0 | Z30: 0 | AA30: 0 | AB30: 0 | AC30: 0 | AD30: 0 | AE30: 0 | AF30: 0 | AG30: 0 | AH30: 0 | AI30: 0 | AK30: =SUM(E30:AI30) -> 0 | AL30: =SUM(E30:AI30) -> 0 | AM30: 0 | AO30: =AL30+AM30+AN30 -> 0 | AP30: =IF(AO30=AK30,"V","F") -> V
A31: A | B31: 13176765-K | C31: OLIVARES ALVAREZ PEDRO OCTAVIO | D31: PERFORISTA | E31: 0 | F31: 0 | G31: =G9 -> 1.65 | H31: =H9 -> 68.45 | I31: =I9 -> 53.2 | J31: =J9 -> 40.6 | K31: =K9 -> 0 | L31: =L9 -> 0 | M31: =M9 -> 0 | N31: =N9 -> 0 | ... P31: =P9 -> 42 | Q31: 0 | R31: 0 | S31: 0 | T31: 0 | U31: 0 | V31: 0 | W31: 0 | X31: 0 | Y31: 0 | Z31: 0 | AA31: 0 | AB31: 0 | AC31: 0 | AD31: =AD9 -> 26 | AE31: =AE9 -> 20 | AF31: =AF9 -> 0 | AG31: =AG9 -> 17.5 | AH31: =AH9 -> 12.3 | AI31: =AI9 -> 12.2 | AK31: =SUM(E31:AI31) -> 298.3 | AL31: =SUM(E31:AI31) -> 298.3 | AM31: 0 | AO31: =AL31+AM31+AN31 -> 298.3 | AP31: =IF(AO31=AK31,"V","F") -> V
A32: A | B32: 21303273-9 | C32: PEREZ LORCA VICTOR IGNACIO | D32: AYUDANTE DE PERFORISTA | E32: 0 | F32: 0 | G32: 0 | H32: 0 | I32: 0 | J32: 0 | K32: 0 | L32: 0 | M32: 0 | N32: 0 | O32: 0 | P32: 0 | Q32: 0 | R32: 0 | S32: 0 | T32: 0 | U32: 0 | V32: 0 | W32: 0 | X32: 0 | Y32: 0 | Z32: 0 | AA32: 0 | AB32: 0 | AC32: 0 | AD32: 0 | AE32: 0 | AF32: 0 | AG32: 0 | AH32: 0 | AI32: 0 | AK32: =SUM(E32:AI32) -> 0 | AL32: =SUM(E32:AI32) -> 0 | AM32: 0 | AO32: =AL32+AM32+AN32 -> 0 | AP32: =IF(AO32=AK32,"V","F") -> V
A33: A | B33: 18011716-4 | C33: RAMIREZ RAMIREZ RICHARD FABIAN | D33: AYUDANTE DE PERFORISTA | E33: 0 | F33: 0 | G33: =G9 -> 1.65 | H33: =H9 -> 68.45 | I33: =I9 -> 53.2 | J33: =J9 -> 40.6 | K33: =K9 -> 0 | L33: =L9 -> 0 | M33: =M9 -> 0 | N33: =N9 -> 0 | ... P33: =P9 -> 42 | Q33: 0 | R33: 0 | S33: 0 | T33: 0 | U33: 0 | V33: 0 | W33: 0 | X33: 0 | Y33: 0 | Z33: 0 | AA33: 0 | AB33: 0 | AC33: 0 | AD33: =AD9 -> 26 | AE33: =AE9 -> 20 | AF33: =AF9 -> 0 | AG33: =AG9 -> 17.5 | AH33: =AH9 -> 12.3 | AI33: =AI9 -> 12.2 | AK33: =SUM(E33:AI33) -> 298.3 | AL33: =SUM(E33:AI33) -> 298.3 | AM33: 0 | AO33: =AL33+AM33+AN33 -> 298.3 | AP33: =IF(AO33=AK33,"V","F") -> V
A34: A | B34: 14401561-4 | C34: RODRIGUEZ OPAZO PAULO ANDRES | D34: AYUDANTE DE PERFORISTA | E34: 0 | F34: 0 | G34: =G9 -> 1.65 | H34: =H9 -> 68.45 | I34: =I9 -> 53.2 | J34: =J9 -> 40.6 | K34: =K9 -> 0 | L34: =L9 -> 0 | M34: =M9 -> 0 | N34: =N9 -> 0 | ... P34: =P9 -> 42 | Q34: 0 | R34: 0 | S34: 0 | T34: 0 | U34: 0 | V34: 0 | W34: 0 | X34: 0 | Y34: 0 | Z34: 0 | AA34: 0 | AB34: 0 | AC34: 0 | AD34: =AD9 -> 26 | AE34: =AE9 -> 20 | AF34: =AF9 -> 0 | AG34: =AG9 -> 17.5 | AH34: =AH9 -> 12.3 | AI34: =AI9 -> 12.2 | AK34: =SUM(E34:AI34) -> 298.3 | AL34: =SUM(E34:AI34) -> 298.3 | AM34: 0 | AO34: =AL34+AM34+AN34 -> 298.3 | AP34: =IF(AO34=AK34,"V","F") -> V
A35: A | B35: 15521744-8 | C35: ROJAS FERNANDEZ JILBERTO FRANCISCO | D35: AYUDANTE DE PERFORISTA | E35: 0 | F35: 0 | G35: 0 | H35: 0 | I35: 0 | J35: 0 | K35: 0 | L35: 0 | M35: 0 | N35: 0 | O35: 0 | P35: 0 | Q35: 0 | R35: 0 | S35: 0 | T35: 0 | U35: 0 | V35: 0 | W35: 0 | X35: 0 | Y35: 0 | Z35: 0 | AA35: 0 | AB35: 0 | AC35: 0 | AD35: 0 | AE35: 0 | AF35: 0 | AG35: 0 | AH35: 0 | AI35: 0 | AK35: =SUM(E35:AI35) -> 0 | AL35: =SUM(E35:AI35) -> 0 | AM35: 0 | AO35: =AL35+AM35+AN35 -> 0 | AP35: =IF(AO35=AK35,"V","F") -> V
A36: A | B36: 17015514-9 | C36: ROJAS IRIARTE JUAN CARLOS | D36: AYUDANTE DE PERFORISTA | E36: 0 | F36: 0 | G36: 0 | H36: 0 | I36: 0 | J36: 0 | K36: 0 | L36: 0 | M36: 0 | N36: 0 | O36: 0 | P36: 0 | Q36: 0 | R36: 0 | S36: 0 | T36: 0 | U36: 0 | V36: 0 | W36: 0 | X36: 0 | Y36: 0 | Z36: 0 | AA36: 0 | AB36: 0 | AC36: 0 | AD36: 0 | AE36: 0 | AF36: 0 | AG36: 0 | AH36: 0 | AI36: 0 | AK36: =SUM(E36:AI36) -> 0 | AL36: =SUM(E36:AI36) -> 0 | AM36: 0 | AO36: =AL36+AM36+AN36 -> 0 | AP36: =IF(AO36=AK36,"V","F") -> V
A37: A | B37: 17295192-9 | C37: SAN FRANCISCO ARDILES IVAN ALEJANDRO | D37: AYUDANTE DE PERFORISTA | E37: 0 | F37: 0 | G37: =G9 -> 1.65 | H37: =H9 -> 68.45 | I37: =I9 -> 53.2 | J37: =J9 -> 40.6 | K37: =K9 -> 0 | L37: =L9 -> 0 | M37: =M9 -> 0 | N37: =N9 -> 0 | ... P37: =P9 -> 42 | Q37: 0 | R37: 0 | S37: 0 | T37: 0 | U37: 0 | V37: 0 | W37: 0 | X37: 0 | Y37: 0 | Z37: 0 | AA37: 0 | AB37: 0 | AC37: 0 | AD37: =AD9 -> 26 | AE37: =AE9 -> 20 | AF37: =AF9 -> 0 | AG37: =AG9 -> 17.5 | AH37: =AH9 -> 12.3 | AI37: =AI9 -> 12.2 | AK37: =SUM(E37:AI37) -> 298.3 | AL37: =SUM(E37:AI37) -> 298.3 | AM37: 0 | AO37: =AL37+AM37+AN37 -> 298.3 | AP37: =IF(AO37=AK37,"V","F") -> V
A38: A | B38: 15061835-5 | C38: SUAREZ MORALES NESTOR RENE | D38: PERFORISTA | E38: 0 | F38: 0 | G38: 0 | H38: 0 | I38: 0 | J38: 0 | K38: 0 | L38: 0 | M38: 0 | N38: 0 | O38: 0 | P38: 0 | Q38: 0 | R38: 0 | S38: 0 | T38: 0 | U38: 0 | V38: 0 | W38: 0 | X38: 0 | Y38: 0 | Z38: 0 | AA38: 0 | AB38: 0 | AC38: 0 | AD38: 0 | AE38: 0 | AF38: 0 | AG38: 0 | AH38: 0 | AI38: 0 | AK38: =SUM(E38:AI38) -> 0 | AL38: =SUM(E38:AI38) -> 0 | AM38: 0 | AO38: =AL38+AM38+AN38 -> 0 | AP38: =IF(AO38=AK38,"V","F") -> V
A39: A | B39: 19167554-1 | C39: THOMPSON DIAZ FREDDY IGNACIO | D39: AYUDANTE DE PERFORISTA | E39: 0 | F39: 0 | G39: 0 | H39: 0 | I39: 0 | J39: 0 | K39: 0 | L39: 0 | M39: 0 | N39: 0 | O39: 0 | P39: 0 | Q39: 0 | R39: 0 | S39: 0 | T39: 0 | U39: 0 | V39: 0 | W39: 0 | X39: 0 | Y39: 0 | Z39: 0 | AA39: 0 | AB39: 0 | AC39: 0 | AD39: 0 | AE39: 0 | AF39: 0 | AG39: 0 | AH39: 0 | AI39: 0 | AK39: =SUM(E39:AI39) -> 0 | AL39: =SUM(E39:AI39) -> 0 | AM39: 0 | AO39: =AL39+AM39+AN39 -> 0 | AP39: =IF(AO39=AK39,"V","F") -> V
A40: A | B40: 13743972-7 | C40: VEGA GONZALEZ PATRICIO COLLO | D40: AYUDANTE DE PERFORISTA | E40: 0 | F40: 0 | G40: 0 | H40: 0 | I40: 0 | J40: 0 | K40: 0 | L40: 0 | M40: 0 | N40: 0 | O40: 0 | P40: 0 | Q40: 0 | R40: 0 | S40: 0 | T40: 0 | U40: 0 | V40: 0 | W40: 0 | X40: 0 | Y40: 0 | Z40: 0 | AA40: 0 | AB40: 0 | AC40: 0 | AD40: 0 | AE40: 0 | AF40: 0 | AG40: 0 | AH40: 0 | AI40: 0 | AK40: =SUM(E40:AI40) -> 0 | AL40: =SUM(E40:AI40) -> 0 | AM40: 0 | AO40: =AL40+AM40+AN40 -> 0 | AP40: =IF(AO40=AK40,"V","F") -> V
A41: A | B41: 17775054-9 | C41: ZAPATA SEGUEL CARLOS ANDRES | D41: AYUDANTE DE PERFORISTA | E41: 0 | F41: 0 | G41: 0 | H41: 0 | I41: 0 | J41: 0 | K41: 0 | L41: 0 | M41: 0 | N41: 0 | O41: 0 | P41: 0 | Q41: 0 | R41: 0 | S41: 0 | T41: 0 | U41: 0 | V41: 0 | W41: 0 | X41: 0 | Y41: 0 | Z41: 0 | AA41: 0 | AB41: 0 | AC41: 0 | AD41: 0 | AE41: 0 | AF41: 0 | AG41: 0 | AH41: 0 | AI41: 0 | AK41: =SUM(E41:AI41) -> 0 | AL41: =SUM(E41:AI41) -> 0 | AM41: 0 | AO41: =AL41+AM41+AN41 -> 0 | AP41: =IF(AO41=AK41,"V","F") -> V
A42: A | B42: 13802507-1 | C42: TORRES NAVARRO ANCHELO JAVIER | D42: AYUDANTE DE PERFORISTA | E42: 0 | F42: 0 | G42: 0 | H42: 0 | I42: 0 | J42: 0 | K42: 0 | L42: 0 | M42: 0 | N42: 0 | O42: 0 | P42: 0 | Q42: 0 | R42: 0 | S42: 0 | T42: 0 | U42: 0 | V42: 0 | W42: 0 | X42: 0 | Y42: 0 | Z42: 0 | AA42: 0 | AB42: 0 | AC42: 0 | AD42: 0 | AE42: 0 | AF42: 0 | AG42: 0 | AH42: 0 | AI42: 0 | AK42: =SUM(E42:AI42) -> 0 | AL42: =SUM(E42:AI42) -> 0 | AM42: 0 | AO42: =AL42+AM42+AN42 -> 0 | AP42: =IF(AO42=AK42,"V","F") -> V
A43: A | B43: 16914867-8 | C43: SEPULVEDA MORENO HERNAN | D43: AYUDANTE DE PERFORISTA | E43: 0 | F43: 0 | G43: 0 | H43: 0 | I43: 0 | J43: 0 | K43: 0 | L43: 0 | M43: 0 | N43: 0 | O43: 0 | P43: 0 | Q43: 0 | R43: 0 | S43: 0 | T43: 0 | U43: 0 | V43: 0 | W43: 0 | X43: 0 | Y43: 0 | Z43: 0 | AA43: 0 | AB43: 0 | AC43: 0 | AD43: 0 | AE43: 0 | AF43: 0 | AG43: 0 | AH43: 0 | AI43: 0 | AK43: =SUM(E43:AI43) -> 0 | AL43: =SUM(E43:AI43) -> 0 | AM43: 0 | AO43: =AL43+AM43+AN43 -> 0 | AP43: =IF(AO43=AK43,"V","F") -> V
A44: A | E44: 0 | F44: 0 | G44: 0 | H44: 0 | I44: 0 | J44: 0 | K44: 0 | L44: 0 | M44: 0 | N44: 0 | O44: 0 | P44: 0 | Q44: 0 | R44: 0 | S44: 0 | T44: 0 | U44: 0 | V44: 0 | W44: 0 | X44: 0 | Y44: 0 | Z44: 0 | AA44: 0 | AB44: 0 | AC44: 0 | AD44: 0 | AE44: 0 | AF44: 0 | AG44: 0 | AH44: 0 | AI44: 0 | AK44: =SUM(E44:AI44) -> 0 | AL44: =SUM(E44:AI44) -> 0 | AM44: 0 | AO44: =AL44+AM44+AN44 -> 0 | AP44: =IF(AO44=AK44,"V","F") -> V
A45: A | E45: 0 | F45: 0 | G45: 0 | H45: 0 | I45: 0 | J45: 0 | K45: 0 | L45: 0 | M45: 0 | N45: 0 | O45: 0 | P45: 0 | Q45: 0 | R45: 0 | S45: 0 | T45: 0 | U45: 0 | V45: 0 | W45: 0 | X45: 0 | Y45: 0 | Z45: 0 | AA45: 0 | AB45: 0 | AC45: 0 | AD45: 0 | AE45: 0 | AF45: 0 | AG45: 0 | AH45: 0 | AI45: 0 | AK45: =SUM(E45:AI45) -> 0 | AL45: =SUM(E45:AI45) -> 0 | AM45: 0 | AO45: =AL45+AM45+AN45 -> 0 | AP45: =IF(AO45=AK45,"V","F") -> V
A46: A | E46: 0 | F46: 0 | G46: 0 | H46: 0 | I46: 0 | J46: 0 | K46: 0 | L46: 0 | M46: 0 | N46: 0 | O46: 0 | P46: 0 | Q46: 0 | R46: 0 | S46: 0 | T46: 0 | U46: 0 | V46: 0 | W46: 0 | X46: 0 | Y46: 0 | Z46: 0 | AA46: 0 | AB46: 0 | AC46: 0 | AD46: 0 | AE46: 0 | AF46: 0 | AG46: 0 | AH46: 0 | AI46: 0 | AK46: =SUM(E46:AI46) -> 0 | AL46: =SUM(E46:AI46) -> 0 | AM46: 0 | AO46: =AL46+AM46+AN46 -> 0 | AP46: =IF(AO46=AK46,"V","F") -> V
E47: 0 | F47: 0 | G47: 0 | H47: 0 | I47: 0 | J47: 0 | K47: 0 | L47: 0 | M47: 0 | N47: 0 | O47: 0 | P47: 0 | Q47: 0 | R47: 0 | S47: 0 | T47: 0 | U47: 0 | V47: 0 | W47: 0 | X47: 0 | Y47: 0 | Z47: 0 | AA47: 0 | AB47: 0 | AC47: 0 | AD47: 0 | AE47: 0 | AF47: 0 | AG47: 0 | AH47: 0 | AI47: 0 | AK47: =SUM(E47:AI47) -> 0 | AL47: =SUM(E47:AI47) -> 0 | AM47: 0 | AO47: =AL47+AM47+AN47 -> 0 | AP47: =IF(AO47=AK47,"V","F") -> V
