Workbook

Sheet Lista desplegable
B1: RUT | C1: NOMBRES Y APELLIDOS | D1: PUESTO | F1: MAQUINAS | H1: TIPOS DE PERFORACIÓN | J1: TRAMOS | L1: WORKERA | N1: ASISTENCIA
B2: 19353203-9 | C2: ABRAHAM NATANAEL MORALES ARANEDA | D2: ASISTENTE LOGISTICO | F2: EDM47K-2 | H2: PQ | J2: 0-500 | L2: SI | N2: PRESENTE
B3: 11345634-5 | C3: ALBERTO PATRICIO CALDERON CALDERON | D3: SUPERVISOR DE OPERACIONES | F3: EDM47K-1 | H3: HQ | J3: 500-1000 | L3: NO | N3: DESCANSO
B4: 16250239-5 | C4: ALBERTO SEGUNDO CALLPA NUÑEZ | D4: AYUDANTE DE PERFORISTA | F4: EDMGH40K | H4: NQ | J4: 1000-1500 | N4: AUSENTE
B5: 29067753-K | C5: ALDWIN CALAMBA REBUYA | D5: CONTADOR | F5: 200-11 | H5: NAVI | J5: 1500-2000 | N5: OBSERVACIÓN
B6: 13412582-9 | C6: ALEJANDRO ALBERTO CAMPILLAY RUIZ | D6: MECANICO | F6: 200-13 | H6: DEVICO | J6: 2000-2500
B7: 11819748-8 | C7: ALEJANDRO ANTONIO ZEPEDA CHACC | D7: SUPERVISOR DE OPERACIONES | F7: 200-12 | H7: AIRE REVERSO | J7: 0-600
B8: 12951196-6 | C8: ALEJANDRO MIGUEL APABLAZA GUZMAN | D8: SUPERVISOR DE OPERACIONES | F8: 200-7 | J8: 0-200
B9: 14313865-8 | C9: ALEX EDUARDO TABILO RIVERA | D9: PERFORISTA | F9: 650-14 | J9: 200-400
B10: 17364005-6 | C10: ALEXIS RUBEN ARAYA JULIO | D10: AYUDANTE DE PERFORISTA | F10: 740-3 | J10: 400-600
B11: 12732008-K | C11: ALEX ROBINSON VEJAR LOPEZ | D11: AYUDANTE DE PERFORISTA | F11: 740-5
B12: 18919440-4 | C12: ALISSON AYLEEN VILLAGRA CABALLERO | D12: CHOFER | F12: 740-6
B13: 22565722-K | C13: ALONSO EDUARDO SANCHEZ PINOCHET | D13: AYUDANTE MECANICO | F13: 740-7
B14: 44592663-9 | C14: ALTANKHUNDAGA SUGLEGMAA . | D14: PERFORISTA | F14: 740-9
B15: 12842966-2 | C15: ALVARO ANDRES CONTRERAS MUNIZAGA | D15: SOLDADOR | F15: 740-10
B16: 20168605-9 | C16: ALVARO IGNACIO GODOY BRUNA | D16: PERFORISTA | F16: 740-11
B17: 14903561-3 | C17: ANDRES ALEJANDRO VALENCIA CAMPOS | D17: SUPERVISOR DE OPERACIONES | F17: 740-14
B18: 18287449-3 | C18: ANDRES MISAEL CARVAJAL CAMUS | D18: CHOFER | F18: 1200-1
B19: 19668391-7 | C19: ANDRES ORLANDO VELIZ OLIVARES | D19: ASISTENTE DE RECURSOS HUMANOS | F19: 1200-2
B20: 15885524-0 | C20: ANDRES SEBASTIAN CASTILLO ENCINA | D20: CHOFER | F20: LM110-6
B21: 44632507-8 | C21: ANDREW JAMES WILSON . | D21: PERFORISTA
B22: 20037472-K | C22: ANGELO GIOVANNI BIZAMA ORELLANA | D22: AYUDANTE DE PERFORISTA
B23: 19662155-5 | C23: ANGELO IGNACIO GOMEZ PIZARRO | D23: AYUDANTE DE PERFORISTA
B24: 17998731-7 | C24: ANGELO PATRICIO RIVERA HERRERA | D24: MECANICO
B25: 13973699-0 | C25: ANGELO SEBASTIAN ROJAS GARCIA | D25: GERENTE DE HSEC
B26: 16442692-0 | C26: ANITA FERNANDA AGUIRRE CASTILLO | D26: PREVENCIONISTA DE RIESGOS
B27: 17453602-3 | C27: ANTONIO ALEJANDRO SEPULVEDA QUIROZ | D27: AYUDANTE DE PERFORISTA
B28: 44601894-9 | C28: ANTONIO HIPOLITO OTINIANO RUIZ | D28: PERFORISTA
B29: 15613806-1 | C29: ARIEL ANDRES SILVA RIQUELME | D29: SUPERVISOR DE OPERACIONES
B30: 14156135-9 | C30: ARIEL BENEDICTO LISBOA CASTRO | D30: CHOFER
B31: 28683244-K | C31: ARIUNBOLD TSOGKHORKHOI . | D31: PERFORISTA
B32: 17277089-4 | C32: ASTRY ROCIO TAPIA ALLENDES | D32: SUPERINTENDENTE DE RECURSOS HUMANOS
... B436: 20804293-9 | C436: YULISA NATALY DIAZ TORO | D436: ADMINISTRATIVO DE FAENA

Sheet 01-09
G2: DIA
D3: PROYECTO: | E3: CERRO BAYO / CHILE CHICO | G3: 46031
C6: TURNO DIA - B
B7: N° | C7: RUT | D7: NOMBRES Y APELLIDOS | E7: CARGO | F7: MAQUINA | G7: DIAMETRO | H7: ESCALA | I7: METROS | J7: ASISTENCIA | K7: WORKERA ENTRADA | L7: WORKERA SALIDA | M7: OBSERVACIONES
B8: 1 | C8: 44632507-8 | D8: =IFERROR(VLOOKUP(C8,'Lista desplegable'!B$1:C$436,2,FALSE),"") -> ANDREW JAMES WILSON . | E8: =IFERROR(VLOOKUP(D8,'Lista desplegable'!C$1:D$436,2,FALSE),"") -> PERFORISTA | F8: 200-13 | G8: HQ | H8: 0-200 | I8: 51,00 | J8: PRESENTE | M8: NO APLICA FIRMA, EXPATRIADO
B9: 2 | C9: 28935989-3 | D9: =IFERROR(VLOOKUP(C9,'Lista desplegable'!B$1:C$436,2,FALSE),"") -> STEWART PHILLIP WHITEHURST MEJIA | E9: =IFERROR(VLOOKUP(D9,'Lista desplegable'!C$1:D$436,2,FALSE),"") -> PERFORISTA | F9: 200-13 | G9: HQ | H9: 0-200 | I9: 51,00 | J9: PRESENTE | M9: NO APLICA FIRMA, EXPATRIADO
B10: 3 | C10: 13745724-5 | D10: =IFERROR(VLOOKUP(C10,'Lista desplegable'!B$1:C$436,2,FALSE),"") -> JOSE MANUEL CASTILLO GARCIA | E10: =IFERROR(VLOOKUP(D10,'Lista desplegable'!C$1:D$436,2,FALSE),"") -> INSTRUCTOR DE OPERACIONES | F10: 200-13 | G10: HQ | H10: 0-200 | I10: 51,00 | J10: PRESENTE | K10: SI | L10: SI
B11: 4 | C11: 18490734-8 | D11: =IFERROR(VLOOKUP(C11,'Lista desplegable'!B$1:C$436,2,FALSE),"") -> SIMONNE DE LA PAZ REYES BATLLE | E11: =IFERROR(VLOOKUP(D11,'Lista desplegable'!C$1:D$436,2,FALSE),"") -> ADMINISTRATIVO DE FAENA | F11: 200-13 | G11: HQ | H11: 0-200 | I11: 51,00 | J11: PRESENTE | K11: SI | L11: SI
B12: 5 | C12: 16892085-7 | D12: =IFERROR(VLOOKUP(C12,'Lista desplegable'!B$1:C$436,2,FALSE),"") -> MANUEL ALEJANDRO LISAMBARTH CARABANTES | E12: =IFERROR(VLOOKUP(D12,'Lista desplegable'!C$1:D$436,2,FALSE),"") -> ADMINISTRATIVO DE FAENA | F12: 200-13 | G12: HQ | H12: 0-200 | I12: 51,00 | J12: PRESENTE | K12: SI | L12: SI
B13: 6 | C13: 17697158-4 | D13: =IFERROR(VLOOKUP(C13,'Lista desplegable'!B$1:C$436,2,FALSE),"") -> RODRIGO ANDRES DIAZ INOSTROZA | E13: =IFERROR(VLOOKUP(D13,'Lista desplegable'!C$1:D$436,2,FALSE),"") -> BODEGUERO | F13: 200-13 | G13: HQ | H13: 0-200 | I13: 51,00 | J13: PRESENTE | K13: SI | L13: SI
B14: 7 | C14: 20456853-7 | D14: =IFERROR(VLOOKUP(C14,'Lista desplegable'!B$1:C$436,2,FALSE),"") -> CHRISTIAN DARIEM PIZARRO MUÑOZ | E14: =IFERROR(VLOOKUP(D14,'Lista desplegable'!C$1:D$436,2,FALSE),"") -> SOLDADOR | F14: 200-13 | G14: HQ | H14: 0-200 | I14: 51,00 | J14: PRESENTE | K14: SI | L14: SI
B15: 8 | C15: 17169171-0 | D15: =IFERROR(VLOOKUP(C15,'Lista desplegable'!B$1:C$436,2,FALSE),"") -> LUIS GERARDO LOPEZ OLAVE | E15: =IFERROR(VLOOKUP(D15,'Lista desplegable'!C$1:D$436,2,FALSE),"") -> MECANICO | F15: 200-13 | G15: HQ | H15: 0-200 | I15: 51,00 | J15: PRESENTE | K15: SI | L15: SI
B16: 9 | C16: 19506189-0 | D16: =IFERROR(VLOOKUP(C16,'Lista desplegable'!B$1:C$436,2,FALSE),"") -> DIEGO NICOLAS GONZALEZ OLIVARES | E16: =IFERROR(VLOOKUP(D16,'Lista desplegable'!C$1:D$436,2,FALSE),"") -> MECANICO | F16: 200-13 | G16: HQ | H16: 0-200 | I16: 51,00 | J16: PRESENTE | K16: SI | L16: SI
B17: 10 | C17: 19518296-5 | D17: =IFERROR(VLOOKUP(C17,'Lista desplegable'!B$1:C$436,2,FALSE),"") -> JORGE ANDRES LICANQUEO PEREZ | E17: =IFERROR(VLOOKUP(D17,'Lista desplegable'!C$1:D$436,2,FALSE),"") -> MECANICO | F17: 200-13 | G17: HQ | H17: 0-200 | I17: 51,00 | J17: PRESENTE | K17: SI | L17: SI
B18: 11 | C18: 16981319-1 | D18: =IFERROR(VLOOKUP(C18,'Lista desplegable'!B$1:C$436,2,FALSE),"") -> MARCOS ANTONIO ALDEA BEROIZA | E18: =IFERROR(VLOOKUP(D18,'Lista desplegable'!C$1:D$436,2,FALSE),"") -> CHOFER | F18: 200-13 | G18: HQ | H18: 0-200 | I18: 51,00 | J18: PRESENTE | K18: SI | L18: SI
B19: 12 | C19: 14400090-0 | D19: =IFERROR(VLOOKUP(C19,'Lista desplegable'!B$1:C$436,2,FALSE),"") -> CARLOS ALBERTO RAMOS VELASQUEZ | E19: =IFERROR(VLOOKUP(D19,'Lista desplegable'!C$1:D$436,2,FALSE),"") -> SUPERVISOR DE OPERACIONES | F19: 200-13 | G19: HQ | H19: 0-200 | I19: 51,00 | J19: PRESENTE | K19: SI | L19: SI
B20: 13 | C20: 15196627-6 | D20: =IFERROR(VLOOKUP(C20,'Lista desplegable'!B$1:C$436,2,FALSE),"") -> NELSON PATRICIO FLORES SANHUEZA | E20: =IFERROR(VLOOKUP(D20,'Lista desplegable'!C$1:D$436,2,FALSE),"") -> PREVENCIONISTA DE RIESGOS | F20: 200-13 | G20: HQ | H20: 0-200 | I20: 51,00 | J20: PRESENTE | K20: SI | L20: SI
B21: 14 | C21: 12218170-7 | D21: =IFERROR(VLOOKUP(C21,'Lista desplegable'!B$1:C$436,2,FALSE),"") -> EDUARDO ANTONIO CASTILLO VALENZUELA | E21: =IFERROR(VLOOKUP(D21,'Lista desplegable'!C$1:D$436,2,FALSE),"") -> PERFORISTA | F21: 200-11 | G21: HQ | H21: 0-200 | I21: 42,00 | J21: PRESENTE | K21: SI | L21: SI
... B29: 22 | C29: 44601894-9 | D29: =IFERROR(VLOOKUP(C29,'Lista desplegable'!B$1:C$436,2,FALSE),"") -> ANTONIO HIPOLITO OTINIANO RUIZ | E29: =IFERROR(VLOOKUP(D29,'Lista desplegable'!C$1:D$436,2,FALSE),"") -> PERFORISTA | F29: 200-11 | G29: HQ | H29: 0-200 | I29: 42,00 | J29: PRESENTE | K29: SI | L29: SI
B30: 23 | D30: =IFERROR(VLOOKUP(C30,'Lista desplegable'!B$1:C$436,2,FALSE),"") | E30: =IFERROR(VLOOKUP(D30,'Lista desplegable'!C$1:D$436,2,FALSE),"")
B31: 24 | D31: =IFERROR(VLOOKUP(C31,'Lista desplegable'!B$1:C$436,2,FALSE),"") | E31: =IFERROR(VLOOKUP(D31,'Lista desplegable'!C$1:D$436,2,FALSE),"")
B32: 25 | D32: =IFERROR(VLOOKUP(C32,'Lista desplegable'!B$1:C$436,2,FALSE),"") | E32: =IFERROR(VLOOKUP(D32,'Lista desplegable'!C$1:D$436,2,FALSE),"")
B33: 26 | D33: =IFERROR(VLOOKUP(C33,'Lista desplegable'!B$1:C$436,2,FALSE),"") | E33: =IFERROR(VLOOKUP(D33,'Lista desplegable'!C$1:D$436,2,FALSE),"")
B34: 27 | D34: =IFERROR(VLOOKUP(C34,'Lista desplegable'!B$1:C$436,2,FALSE),"") | E34: =IFERROR(VLOOKUP(D34,'Lista desplegable'!C$1:D$436,2,FALSE),"")
B35: 28 | D35: =IFERROR(VLOOKUP(C35,'Lista desplegable'!B$1:C$436,2,FALSE),"") | E35: =IFERROR(VLOOKUP(D35,'Lista desplegable'!C$1:D$436,2,FALSE),"")
B36: 29 | D36: =IFERROR(VLOOKUP(C36,'Lista desplegable'!B$1:C$436,2,FALSE),"") | E36: =IFERROR(VLOOKUP(D36,'Lista desplegable'!C$1:D$436,2,FALSE),"")
B37: 30 | D37: =IFERROR(VLOOKUP(C37,'Lista desplegable'!B$1:C$436,2,FALSE),"") | E37: =IFERROR(VLOOKUP(D37,'Lista desplegable'!C$1:D$436,2,FALSE),"")
C40: TURNO NOCHE - B
B41: N° | C41: RUT | D41: NOMBRES Y APELLIDOS | E41: CARGO | F41: MAQUINA | G41: DIAMETRO | H41: ESCALA | I41: METROS | J41: ASISTENCIA | K41: WORKERA ENTRADA | L41: WORKERA SALIDA | M41: OBSERVACIONES
B42: 1 | C42: 18494463-4 | D42: =IFERROR(VLOOKUP(C42,'Lista desplegable'!B$1:C$436,2,FALSE),"") -> RAUL ESTEBAN HERNANDEZ PIZARRO | E42: =IFERROR(VLOOKUP(D42,'Lista desplegable'!C$1:D$436,2,FALSE),"") -> PREVENCIONISTA DE RIESGOS | F42: 200-13 | G42: HQ | H42: 0-200 | I42: 51,00 | J42: PRESENTE | K42: SI | L42: SI
B43: 2 | C43: 44599978-4 | D43: =IFERROR(VLOOKUP(C43,'Lista desplegable'!B$1:C$436,2,FALSE),"") -> FRANCISCO PEDRO BORNAZ DELGADO | E43: =IFERROR(VLOOKUP(D43,'Lista desplegable'!C$1:D$436,2,FALSE),"") -> SUPERVISOR DE OPERACIONES | J43: DESCANSO
B44: 3 | C44: 17580584-2 | D44: =IFERROR(VLOOKUP(C44,'Lista desplegable'!B$1:C$436,2,FALSE),"") -> CAMILO FELIPE CRUZ MOLINA | E44: =IFERROR(VLOOKUP(D44,'Lista desplegable'!C$1:D$436,2,FALSE),"") -> SUPERVISOR DE OPERACIONES | F44: 200-13 | G44: HQ | H44: 0-200 | I44: 51,00 | J44: PRESENTE | K44: SI | L44: SI
B45: 4 | C45: 12707776-2 | D45: =IFERROR(VLOOKUP(C45,'Lista desplegable'!B$1:C$436,2,FALSE),"") -> RICARDO DE LAS NIEVES GUTIERREZ FUENTES | E45: =IFERROR(VLOOKUP(D45,'Lista desplegable'!C$1:D$436,2,FALSE),"") -> CHOFER | F45: 200-13 | G45: HQ | H45: 0-200 | I45: 51,00 | J45: PRESENTE | K45: SI | L45: SI
B46: 5 | C46: 26931695-0 | D46: =IFERROR(VLOOKUP(C46,'Lista desplegable'!B$1:C$436,2,FALSE),"") -> SEBASTIAN GONZALO ROJAS CLARO | E46: =IFERROR(VLOOKUP(D46,'Lista desplegable'!C$1:D$436,2,FALSE),"") -> MECANICO | F46: 200-13 | G46: HQ | H46: 0-200 | I46: 51,00 | J46: PRESENTE | K46: SI | L46: SI
B47: 6 | C47: 18665544-3 | D47: =IFERROR(VLOOKUP(C47,'Lista desplegable'!B$1:C$436,2,FALSE),"") -> DANIEL ANDRES VENEGAS CARRASCO | E47: =IFERROR(VLOOKUP(D47,'Lista desplegable'!C$1:D$436,2,FALSE),"") -> PERFORISTA | F47: 200-11 | G47: HQ | H47: 0-200 | I47: 37,80 | J47: PRESENTE | K47: SI | L47: SI
B48: 7 | C48: 19189343-3 | D48: =IFERROR(VLOOKUP(C48,'Lista desplegable'!B$1:C$436,2,FALSE),"") -> JOAQUIN IGNACIO TORO ALCAYAGA | E48: =IFERROR(VLOOKUP(D48,'Lista desplegable'!C$1:D$436,2,FALSE),"") -> AYUDANTE DE PERFORISTA | F48: 200-11 | G48: HQ | H48: 0-200 | I48: 37,80 | J48: PRESENTE | K48: SI | L48: SI
B49: 8 | C49: 12982701-7 | D49: =IFERROR(VLOOKUP(C49,'Lista desplegable'!B$1:C$436,2,FALSE),"") -> MARCO ANTONIO VELASQUEZ CIFUENTES | E49: =IFERROR(VLOOKUP(D49,'Lista desplegable'!C$1:D$436,2,FALSE),"") -> AYUDANTE DE PERFORISTA | F49: 200-11 | G49: HQ | H49: 0-200 | I49: 37,80 | J49: PRESENTE | K49: SI | L49: SI
B50: 9 | C50: 20168605-9 | D50: =IFERROR(VLOOKUP(C50,'Lista desplegable'!B$1:C$436,2,FALSE),"") -> ALVARO IGNACIO GODOY BRUNA | E50: =IFERROR(VLOOKUP(D50,'Lista desplegable'!C$1:D$436,2,FALSE),"") -> PERFORISTA | F50: 200-13 | G50: HQ | H50: 0-200 | I50: 51,00 | J50: PRESENTE | K50: SI | L50: SI
B51: 10 | C51: 15969452-6 | D51: =IFERROR(VLOOKUP(C51,'Lista desplegable'!B$1:C$436,2,FALSE),"") -> RICARDO ALEXIS LEMUS LOPEZ | E51: =IFERROR(VLOOKUP(D51,'Lista desplegable'!C$1:D$436,2,FALSE),"") -> AYUDANTE DE PERFORISTA | F51: 200-13 | G51: HQ | H51: 0-200 | I51: 51,00 | J51: PRESENTE | K51: SI | L51: SI
B52: 11 | C52: 18403269-4 | D52: =IFERROR(VLOOKUP(C52,'Lista desplegable'!B$1:C$436,2,FALSE),"") -> SEBASTIAN ANTONIO VALDERRAMA HERRERA | E52: =IFERROR(VLOOKUP(D52,'Lista desplegable'!C$1:D$436,2,FALSE),"") -> AYUDANTE DE PERFORISTA | F52: 200-13 | G52: HQ | H52: 0-200 | I52: 51,00 | J52: PRESENTE | K52: SI | L52: SI
B53: 12 | C53: 18012671-6 | D53: =IFERROR(VLOOKUP(C53,'Lista desplegable'!B$1:C$436,2,FALSE),"") -> GUILLERMO NICOLAS GODOY CARVAJAL | E53: =IFERROR(VLOOKUP(D53,'Lista desplegable'!C$1:D$436,2,FALSE),"") -> AYUDANTE DE PERFORISTA | F53: 200-13 | G53: HQ | H53: 0-200 | I53: 51,00 | J53: PRESENTE | K53: SI | L53: SI
B54: 13
B55: 14
B56: 15
B57: 16
B58: 17 | D58: =IFERROR(VLOOKUP(C58,'Lista desplegable'!B$1:C$436,2,FALSE),"") | E58: =IFERROR(VLOOKUP(D58,'Lista desplegable'!C$1:D$436,2,FALSE),"")
B59: 18 | D59: =IFERROR(VLOOKUP(C59,'Lista desplegable'!B$1:C$436,2,FALSE),"") | E59: =IFERROR(VLOOKUP(D59,'Lista desplegable'!C$1:D$436,2,FALSE),"")
B60: 19 | D60: =IFERROR(VLOOKUP(C60,'Lista desplegable'!B$1:C$436,2,FALSE),"") | E60: =IFERROR(VLOOKUP(D60,'Lista desplegable'!C$1:D$436,2,FALSE),"")
B61: 20 | D61: =IFERROR(VLOOKUP(C61,'Lista desplegable'!B$1:C$436,2,FALSE),"") | E61: =IFERROR(VLOOKUP(D61,'Lista desplegable'!C$1:D$436,2,FALSE),"")

Sheet 02-09
G2: DIA
D3: PROYECTO: | E3: CERRO BAYO / CHILE CHICO | G3: 46062
C6: TURNO DIA - B
B7: N° | C7: RUT | D7: NOMBRES Y APELLIDOS | E7: CARGO | F7: MAQUINA | G7: DIAMETRO | H7: ESCALA | I7: METROS | J7: ASISTENCIA | K7: WORKERA ENTRADA | L7: WORKERA SALIDA | M7: OBSERVACIONES
B8: 1 | C8: 44632507-8 | D8: =IFERROR(VLOOKUP(C8,'Lista desplegable'!B$1:C$436,2,FALSE),"") -> ANDREW JAMES WILSON . | E8: =IFERROR(VLOOKUP(D8,'Lista desplegable'!C$1:D$436,2,FALSE),"") -> PERFORISTA | F8: 200-13 | G8: HQ | H8: 0-200 | I8: 33,0 | J8: PRESENTE | M8: NO APLICA FIRMA, EXPATRIADO
B9: 2 | C9: 28935989-3 | D9: =IFERROR(VLOOKUP(C9,'Lista desplegable'!B$1:C$436,2,FALSE),"") -> STEWART PHILLIP WHITEHURST MEJIA | E9: =IFERROR(VLOOKUP(D9,'Lista desplegable'!C$1:D$436,2,FALSE),"") -> PERFORISTA | F9: 200-13 | G9: HQ | H9: 0-200 | I9: 33,0 | J9: PRESENTE | M9: NO APLICA FIRMA, EXPATRIADO
B10: 3 | C10: 13745724-5 | D10: =IFERROR(VLOOKUP(C10,'Lista desplegable'!B$1:C$436,2,FALSE),"") -> JOSE MANUEL CASTILLO GARCIA | E10: =IFERROR(VLOOKUP(D10,'Lista desplegable'!C$1:D$436,2,FALSE),"") -> INSTRUCTOR DE OPERACIONES | F10: 200-13 | G10: HQ | H10: 0-200 | I10: 33,0 | J10: PRESENTE | K10: SI | L10: SI
B11: 4 | C11: 18490734-8 | D11: =IFERROR(VLOOKUP(C11,'Lista desplegable'!B$1:C$436,2,FALSE),"") -> SIMONNE DE LA PAZ REYES BATLLE | E11: =IFERROR(VLOOKUP(D11,'Lista desplegable'!C$1:D$436,2,FALSE),"") -> ADMINISTRATIVO DE FAENA | F11: 200-13 | G11: HQ | H11: 0-200 | I11: 33,0 | J11: PRESENTE | K11: SI | L11: SI
B12: 5 | C12: 16892085-7 | D12: =IFERROR(VLOOKUP(C12,'Lista desplegable'!B$1:C$436,2,FALSE),"") -> MANUEL ALEJANDRO LISAMBARTH CARABANTES | E12: =IFERROR(VLOOKUP(D12,'Lista desplegable'!C$1:D$436,2,FALSE),"") -> ADMINISTRATIVO DE FAENA | F12: 200-13 | G12: HQ | H12: 0-200 | I12: 33,0 | J12: PRESENTE | K12: SI | L12: SI
B13: 6 | C13: 17697158-4 | D13: =IFERROR(VLOOKUP(C13,'Lista desplegable'!B$1:C$436,2,FALSE),"") -> RODRIGO ANDRES DIAZ INOSTROZA | E13: =IFERROR(VLOOKUP(D13,'Lista desplegable'!C$1:D$436,2,FALSE),"") -> BODEGUERO | F13: 200-13 | G13: HQ | H13: 0-200 | I13: 33,0 | J13: PRESENTE | K13: SI | L13: SI
B14: 7 | C14: 20456853-7 | D14: =IFERROR(VLOOKUP(C14,'Lista desplegable'!B$1:C$436,2,FALSE),"") -> CHRISTIAN DARIEM PIZARRO MUÑOZ | E14: =IFERROR(VLOOKUP(D14,'Lista desplegable'!C$1:D$436,2,FALSE),"") -> SOLDADOR | F14: 200-13 | G14: HQ | H14: 0-200 | I14: 33,0 | J14: PRESENTE | K14: SI | L14: SI
B15: 8 | C15: 17169171-0 | D15: =IFERROR(VLOOKUP(C15,'Lista desplegable'!B$1:C$436,2,FALSE),"") -> LUIS GERARDO LOPEZ OLAVE | E15: =IFERROR(VLOOKUP(D15,'Lista desplegable'!C$1:D$436,2,FALSE),"") -> MECANICO | F15: 200-13 | G15: HQ | H15: 0-200 | I15: 33,0 | J15: PRESENTE | K15: SI | L15: SI
B16: 9 | C16: 19506189-0 | D16: =IFERROR(VLOOKUP(C16,'Lista desplegable'!B$1:C$436,2,FALSE),"") -> DIEGO NICOLAS GONZALEZ OLIVARES | E16: =IFERROR(VLOOKUP(D16,'Lista desplegable'!C$1:D$436,2,FALSE),"") -> MECANICO | F16: 200-13 | G16: HQ | H16: 0-200 | I16: 33,0 | J16: PRESENTE | K16: SI | L16: SI
B17: 10 | C17: 19518296-5 | D17: =IFERROR(VLOOKUP(C17,'Lista desplegable'!B$1:C$436,2,FALSE),"") -> JORGE ANDRES LICANQUEO PEREZ | E17: =IFERROR(VLOOKUP(D17,'Lista desplegable'!C$1:D$436,2,FALSE),"") -> MECANICO | F17: 200-13 | G17: HQ | H17: 0-200 | I17: 33,0 | J17: PRESENTE | K17: SI | L17: SI
B18: 11 | C18: 16981319-1 | D18: =IFERROR(VLOOKUP(C18,'Lista desplegable'!B$1:C$436,2,FALSE),"") -> MARCOS ANTONIO ALDEA BEROIZA | E18: =IFERROR(VLOOKUP(D18,'Lista desplegable'!C$1:D$436,2,FALSE),"") -> CHOFER | F18: 200-13 | G18: HQ | H18: 0-200 | I18: 33,0 | J18: PRESENTE | K18: SI | L18: SI
B19: 12 | C19: 14400090-0 | D19: =IFERROR(VLOOKUP(C19,'Lista desplegable'!B$1:C$436,2,FALSE),"") -> CARLOS ALBERTO RAMOS VELASQUEZ | E19: =IFERROR(VLOOKUP(D19,'Lista desplegable'!C$1:D$436,2,FALSE),"") -> SUPERVISOR DE OPERACIONES | F19: 200-13 | G19: HQ | H19: 0-200 | I19: 33,0 | J19: PRESENTE | K19: SI | L19: SI
B20: 13 | C20: 15196627-6 | D20: =IFERROR(VLOOKUP(C20,'Lista desplegable'!B$1:C$436,2,FALSE),"") -> NELSON PATRICIO FLORES SANHUEZA | E20: =IFERROR(VLOOKUP(D20,'Lista desplegable'!C$1:D$436,2,FALSE),"") -> PREVENCIONISTA DE RIESGOS | F20: 200-13 | G20: HQ | H20: 0-200 | I20: 33,0 | J20: PRESENTE | K20: SI | L20: SI
B21: 14 | C21: 12218170-7 | D21: =IFERROR(VLOOKUP(C21,'Lista desplegable'!B$1:C$436,2,FALSE),"") -> EDUARDO ANTONIO CASTILLO VALENZUELA | E21: =IFERROR(VLOOKUP(D21,'Lista desplegable'!C$1:D$436,2,FALSE),"") -> PERFORISTA | F21: 200-11 | G21: HQ | H21: 0-200 | I21: 20,70 | J21: PRESENTE | K21: SI | L21: SI
... B29: 22 | C29: 44601894-9 | D29: =IFERROR(VLOOKUP(C29,'Lista desplegable'!B$1:C$436,2,FALSE),"") -> ANTONIO HIPOLITO OTINIANO RUIZ | E29: =IFERROR(VLOOKUP(D29,'Lista desplegable'!C$1:D$436,2,FALSE),"") -> PERFORISTA | F29: 200-11 | G29: HQ | H29: 0-200 | I29: 20,70 | J29: PRESENTE | K29: SI | L29: SI
B30: 23 | D30: =IFERROR(VLOOKUP(C30,'Lista desplegable'!B$1:C$436,2,FALSE),"") | E30: =IFERROR(VLOOKUP(D30,'Lista desplegable'!C$1:D$436,2,FALSE),"")
B31: 24 | D31: =IFERROR(VLOOKUP(C31,'Lista desplegable'!B$1:C$436,2,FALSE),"") | E31: =IFERROR(VLOOKUP(D31,'Lista desplegable'!C$1:D$436,2,FALSE),"")
B32: 25 | D32: =IFERROR(VLOOKUP(C32,'Lista desplegable'!B$1:C$436,2,FALSE),"") | E32: =IFERROR(VLOOKUP(D32,'Lista desplegable'!C$1:D$436,2,FALSE),"")
B33: 26 | D33: =IFERROR(VLOOKUP(C33,'Lista desplegable'!B$1:C$436,2,FALSE),"") | E33: =IFERROR(VLOOKUP(D33,'Lista desplegable'!C$1:D$436,2,FALSE),"")
B34: 27 | D34: =IFERROR(VLOOKUP(C34,'Lista desplegable'!B$1:C$436,2,FALSE),"") | E34: =IFERROR(VLOOKUP(D34,'Lista desplegable'!C$1:D$436,2,FALSE),"")
B35: 28 | D35: =IFERROR(VLOOKUP(C35,'Lista desplegable'!B$1:C$436,2,FALSE),"") | E35: =IFERROR(VLOOKUP(D35,'Lista desplegable'!C$1:D$436,2,FALSE),"")
B36: 29 | D36: =IFERROR(VLOOKUP(C36,'Lista desplegable'!B$1:C$436,2,FALSE),"") | E36: =IFERROR(VLOOKUP(D36,'Lista desplegable'!C$1:D$436,2,FALSE),"")
B37: 30 | D37: =IFERROR(VLOOKUP(C37,'Lista desplegable'!B$1:C$436,2,FALSE),"") | E37: =IFERROR(VLOOKUP(D37,'Lista desplegable'!C$1:D$436,2,FALSE),"")
C40: TURNO NOCHE - B
B41: N° | C41: RUT | D41: NOMBRES Y APELLIDOS | E41: CARGO | F41: MAQUINA | G41: DIAMETRO | H41: ESCALA | I41: METROS | J41: ASISTENCIA | K41: WORKERA ENTRADA | L41: WORKERA SALIDA | M41: OBSERVACIONES
B42: 1 | C42: 18494463-4 | D42: =IFERROR(VLOOKUP(C42,'Lista desplegable'!B$1:C$436,2,FALSE),"") -> RAUL ESTEBAN HERNANDEZ PIZARRO | E42: =IFERROR(VLOOKUP(D42,'Lista desplegable'!C$1:D$436,2,FALSE),"") -> PREVENCIONISTA DE RIESGOS | F42: 200-13 | G42: HQ | H42: 0-200 | I42: 10,5 | J42: PRESENTE | K42: SI | L42: SI
C43: 18494463-4 | D43: =IFERROR(VLOOKUP(C43,'Lista desplegable'!B$1:C$436,2,FALSE),"") -> RAUL ESTEBAN HERNANDEZ PIZARRO | E43: =IFERROR(VLOOKUP(D43,'Lista desplegable'!C$1:D$436,2,FALSE),"") -> PREVENCIONISTA DE RIESGOS | F43: 200-13 | G43: HQ | H43: 200-400 | I43: 5,10
B44: 2 | C44: 44599978-4 | D44: =IFERROR(VLOOKUP(C44,'Lista desplegable'!B$1:C$436,2,FALSE),"") -> FRANCISCO PEDRO BORNAZ DELGADO | E44: =IFERROR(VLOOKUP(D44,'Lista desplegable'!C$1:D$436,2,FALSE),"") -> SUPERVISOR DE OPERACIONES | F44: 200-13 | G44: HQ | H44: 0-200 | I44: 10,5 | J44: DESCANSO
C45: 44599978-4 | D45: =IFERROR(VLOOKUP(C45,'Lista desplegable'!B$1:C$436,2,FALSE),"") -> FRANCISCO PEDRO BORNAZ DELGADO | E45: =IFERROR(VLOOKUP(D45,'Lista desplegable'!C$1:D$436,2,FALSE),"") -> SUPERVISOR DE OPERACIONES | F45: 200-13 | G45: HQ | H45: 200-400 | I45: 5,10
B46: 3 | C46: 17580584-2 | D46: =IFERROR(VLOOKUP(C46,'Lista desplegable'!B$1:C$436,2,FALSE),"") -> CAMILO FELIPE CRUZ MOLINA | E46: =IFERROR(VLOOKUP(D46,'Lista desplegable'!C$1:D$436,2,FALSE),"") -> SUPERVISOR DE OPERACIONES | F46: 200-13 | G46: HQ | H46: 0-200 | I46: 10,5 | J46: PRESENTE | K46: SI | L46: SI
C47: 17580584-2 | D47: =IFERROR(VLOOKUP(C47,'Lista desplegable'!B$1:C$436,2,FALSE),"") -> CAMILO FELIPE CRUZ MOLINA | E47: =IFERROR(VLOOKUP(D47,'Lista desplegable'!C$1:D$436,2,FALSE),"") -> SUPERVISOR DE OPERACIONES | F47: 200-13 | G47: HQ | H47: 200-400 | I47: 5,10
B48: 4 | C48: 12707776-2 | D48: =IFERROR(VLOOKUP(C48,'Lista desplegable'!B$1:C$436,2,FALSE),"") -> RICARDO DE LAS NIEVES GUTIERREZ FUENTES | E48: =IFERROR(VLOOKUP(D48,'Lista desplegable'!C$1:D$436,2,FALSE),"") -> CHOFER | F48: 200-13 | G48: HQ | H48: 0-200 | I48: 10,5 | J48: PRESENTE | K48: SI | L48: SI
C49: 12707776-2 | D49: =IFERROR(VLOOKUP(C49,'Lista desplegable'!B$1:C$436,2,FALSE),"") -> RICARDO DE LAS NIEVES GUTIERREZ FUENTES | E49: =IFERROR(VLOOKUP(D49,'Lista desplegable'!C$1:D$436,2,FALSE),"") -> CHOFER | F49: 200-13 | G49: HQ | H49: 200-400 | I49: 5,10
B50: 5 | C50: 26931695-0 | D50: =IFERROR(VLOOKUP(C50,'Lista desplegable'!B$1:C$436,2,FALSE),"") -> SEBASTIAN GONZALO ROJAS CLARO | E50: =IFERROR(VLOOKUP(D50,'Lista desplegable'!C$1:D$436,2,FALSE),"") -> MECANICO | F50: 200-13 | G50: HQ | H50: 0-200 | I50: 10,5 | J50: PRESENTE | K50: SI | L50: SI
C51: 26931695-0 | D51: =IFERROR(VLOOKUP(C51,'Lista desplegable'!B$1:C$436,2,FALSE),"") -> SEBASTIAN GONZALO ROJAS CLARO | E51: =IFERROR(VLOOKUP(D51,'Lista desplegable'!C$1:D$436,2,FALSE),"") -> MECANICO | F51: 200-13 | G51: HQ | H51: 200-400 | I51: 5,10
B52: 6 | C52: 18665544-3 | D52: =IFERROR(VLOOKUP(C52,'Lista desplegable'!B$1:C$436,2,FALSE),"") -> DANIEL ANDRES VENEGAS CARRASCO | E52: =IFERROR(VLOOKUP(D52,'Lista desplegable'!C$1:D$436,2,FALSE),"") -> PERFORISTA | F52: 200-11 | G52: HQ | H52: 0-200 | I52: 0 | J52: PRESENTE | K52: SI | L52: SI | M52: CAMBIO DE POZO
B53: 7 | C53: 19189343-3 | D53: =IFERROR(VLOOKUP(C53,'Lista desplegable'!B$1:C$436,2,FALSE),"") -> JOAQUIN IGNACIO TORO ALCAYAGA | E53: =IFERROR(VLOOKUP(D53,'Lista desplegable'!C$1:D$436,2,FALSE),"") -> AYUDANTE DE PERFORISTA | F53: 200-11 | G53: HQ | H53: 0-200 | I53: 0 | J53: PRESENTE | K53: SI | L53: SI | M53: CAMBIO DE POZO
B54: 8 | C54: 12982701-7 | D54: =IFERROR(VLOOKUP(C54,'Lista desplegable'!B$1:C$436,2,FALSE),"") -> MARCO ANTONIO VELASQUEZ CIFUENTES | E54: =IFERROR(VLOOKUP(D54,'Lista desplegable'!C$1:D$436,2,FALSE),"") -> AYUDANTE DE PERFORISTA | F54: 200-11 | G54: HQ | H54: 0-200 | I54: 0 | J54: PRESENTE | K54: SI | L54: SI | M54: CAMBIO DE POZO
B55: 9 | C55: 20168605-9 | D55: =IFERROR(VLOOKUP(C55,'Lista desplegable'!B$1:C$436,2,FALSE),"") -> ALVARO IGNACIO GODOY BRUNA | E55: =IFERROR(VLOOKUP(D55,'Lista desplegable'!C$1:D$436,2,FALSE),"") -> PERFORISTA | F55: 200-13 | G55: HQ | H55: 0-200 | I55: 10,5 | J55: PRESENTE | K55: SI | L55: SI
C56: 20168605-9 | D56: =IFERROR(VLOOKUP(C56,'Lista desplegable'!B$1:C$436,2,FALSE),"") -> ALVARO IGNACIO GODOY BRUNA | E56: =IFERROR(VLOOKUP(D56,'Lista desplegable'!C$1:D$436,2,FALSE),"") -> PERFORISTA | F56: 200-13 | G56: HQ | H56: 200-400 | I56: 5,10
B57: 10 | C57: 15969452-6 | D57: =IFERROR(VLOOKUP(C57,'Lista desplegable'!B$1:C$436,2,FALSE),"") -> RICARDO ALEXIS LEMUS LOPEZ | E57: =IFERROR(VLOOKUP(D57,'Lista desplegable'!C$1:D$436,2,FALSE),"") -> AYUDANTE DE PERFORISTA | F57: 200-13 | G57: HQ | H57: 0-200 | I57: 10,5 | J57: PRESENTE | K57: SI | L57: SI
C58: 15969452-6 | D58: =IFERROR(VLOOKUP(C58,'Lista desplegable'!B$1:C$436,2,FALSE),"") -> RICARDO ALEXIS LEMUS LOPEZ | E58: =IFERROR(VLOOKUP(D58,'Lista desplegable'!C$1:D$436,2,FALSE),"") -> AYUDANTE DE PERFORISTA | F58: 200-13 | G58: HQ | H58: 200-400 | I58: 5,10
B59: 11 | C59: 18403269-4 | D59: =IFERROR(VLOOKUP(C59,'Lista desplegable'!B$1:C$436,2,FALSE),"") -> SEBASTIAN ANTONIO VALDERRAMA HERRERA | E59: =IFERROR(VLOOKUP(D59,'Lista desplegable'!C$1:D$436,2,FALSE),"") -> AYUDANTE DE PERFORISTA | F59: 200-13 | G59: HQ | H59: 0-200 | I59: 10,5 | J59: PRESENTE | K59: SI | L59: SI
C60: 18403269-4 | D60: =IFERROR(VLOOKUP(C60,'Lista desplegable'!B$1:C$436,2,FALSE),"") -> SEBASTIAN ANTONIO VALDERRAMA HERRERA | E60: =IFERROR(VLOOKUP(D60,'Lista desplegable'!C$1:D$436,2,FALSE),"") -> AYUDANTE DE PERFORISTA | F60: 200-13 | G60: HQ | H60: 200-400 | I60: 5,10
B61: 12 | C61: 18012671-6 | D61: =IFERROR(VLOOKUP(C61,'Lista desplegable'!B$1:C$436,2,FALSE),"") -> GUILLERMO NICOLAS GODOY CARVAJAL | E61: =IFERROR(VLOOKUP(D61,'Lista desplegable'!C$1:D$436,2,FALSE),"") -> AYUDANTE DE PERFORISTA | F61: 200-13 | G61: HQ | H61: 0-200 | I61: 10,5 | J61: PRESENTE | K61: SI | L61: SI
C62: 18012671-6 | D62: =IFERROR(VLOOKUP(C62,'Lista desplegable'!B$1:C$436,2,FALSE),"") -> GUILLERMO NICOLAS GODOY CARVAJAL | E62: =IFERROR(VLOOKUP(D62,'Lista desplegable'!C$1:D$436,2,FALSE),"") -> AYUDANTE DE PERFORISTA | F62: 200-13 | G62: HQ | H62: 200-400 | I62: 5,10
B63: 13 | D63: =IFERROR(VLOOKUP(C63,'Lista desplegable'!B$1:C$436,2,FALSE),"") | E63: =IFERROR(VLOOKUP(D63,'Lista desplegable'!C$1:D$436,2,FALSE),"")
B64: 14 | D64: =IFERROR(VLOOKUP(C64,'Lista desplegable'!B$1:C$436,2,FALSE),"") | E64: =IFERROR(VLOOKUP(D64,'Lista desplegable'!C$1:D$436,2,FALSE),"")
B65: 15 | D65: =IFERROR(VLOOKUP(C65,'Lista desplegable'!B$1:C$436,2,FALSE),"") | E65: =IFERROR(VLOOKUP(D65,'Lista desplegable'!C$1:D$436,2,FALSE),"")
B66: 16 | D66: =IFERROR(VLOOKUP(C66,'Lista desplegable'!B$1:C$436,2,FALSE),"") | E66: =IFERROR(VLOOKUP(D66,'Lista desplegable'!C$1:D$436,2,FALSE),"")

Sheet 03-09
G2: DIA
D3: PROYECTO: | E3: CERRO BAYO / CHILE CHICO | G3: 46090
C6: TURNO DIA - B
B7: N° | C7: RUT | D7: NOMBRES Y APELLIDOS | E7: CARGO | F7: MAQUINA | G7: DIAMETRO | H7: ESCALA | I7: METROS | J7: ASISTENCIA | K7: WORKERA ENTRADA | L7: WORKERA SALIDA | M7: OBSERVACIONES
B8: 1 | C8: 44632507-8 | D8: =IFERROR(VLOOKUP(C8,'Lista desplegable'!B$1:C$436,2,FALSE),"") -> ANDREW JAMES WILSON . | E8: =IFERROR(VLOOKUP(D8,'Lista desplegable'!C$1:D$436,2,FALSE),"") -> PERFORISTA | F8: 200-11 | G8: HQ | H8: 0-200 | I8: 13,90 | J8: PRESENTE | M8: NO APLICA FIRMA, EXPATRIADO
B9: 2 | C9: 28935989-3 | D9: =IFERROR(VLOOKUP(C9,'Lista desplegable'!B$1:C$436,2,FALSE),"") -> STEWART PHILLIP WHITEHURST MEJIA | E9: =IFERROR(VLOOKUP(D9,'Lista desplegable'!C$1:D$436,2,FALSE),"") -> PERFORISTA | F9: 200-11 | G9: HQ | H9: 0-200 | I9: 13,90 | J9: PRESENTE | M9: NO APLICA FIRMA, EXPATRIADO
B10: 3 | C10: 13745724-5 | D10: =IFERROR(VLOOKUP(C10,'Lista desplegable'!B$1:C$436,2,FALSE),"") -> JOSE MANUEL CASTILLO GARCIA | E10: =IFERROR(VLOOKUP(D10,'Lista desplegable'!C$1:D$436,2,FALSE),"") -> INSTRUCTOR DE OPERACIONES | F10: 200-11 | G10: HQ | H10: 0-200 | I10: 13,90 | J10: PRESENTE | K10: SI | L10: SI
B11: 4 | C11: 18490734-8 | D11: =IFERROR(VLOOKUP(C11,'Lista desplegable'!B$1:C$436,2,FALSE),"") -> SIMONNE DE LA PAZ REYES BATLLE | E11: =IFERROR(VLOOKUP(D11,'Lista desplegable'!C$1:D$436,2,FALSE),"") -> ADMINISTRATIVO DE FAENA | F11: 200-11 | G11: HQ | H11: 0-200 | I11: 13,90 | J11: PRESENTE | K11: SI | L11: SI
B12: 5 | C12: 16892085-7 | D12: =IFERROR(VLOOKUP(C12,'Lista desplegable'!B$1:C$436,2,FALSE),"") -> MANUEL ALEJANDRO LISAMBARTH CARABANTES | E12: =IFERROR(VLOOKUP(D12,'Lista desplegable'!C$1:D$436,2,FALSE),"") -> ADMINISTRATIVO DE FAENA | F12: 200-11 | G12: HQ | H12: 0-200 | I12: 13,90 | J12: PRESENTE | K12: SI | L12: SI
B13: 6 | C13: 17697158-4 | D13: =IFERROR(VLOOKUP(C13,'Lista desplegable'!B$1:C$436,2,FALSE),"") -> RODRIGO ANDRES DIAZ INOSTROZA | E13: =IFERROR(VLOOKUP(D13,'Lista desplegable'!C$1:D$436,2,FALSE),"") -> BODEGUERO | F13: 200-11 | G13: HQ | H13: 0-200 | I13: 13,90 | J13: PRESENTE | K13: SI | L13: SI
B14: 7 | C14: 20456853-7 | D14: =IFERROR(VLOOKUP(C14,'Lista desplegable'!B$1:C$436,2,FALSE),"") -> CHRISTIAN DARIEM PIZARRO MUÑOZ | E14: =IFERROR(VLOOKUP(D14,'Lista desplegable'!C$1:D$436,2,FALSE),"") -> SOLDADOR | F14: 200-11 | G14: HQ | H14: 0-200 | I14: 13,90 | J14: PRESENTE | K14: SI | L14: SI
B15: 8 | C15: 17169171-0 | D15: =IFERROR(VLOOKUP(C15,'Lista desplegable'!B$1:C$436,2,FALSE),"") -> LUIS GERARDO LOPEZ OLAVE | E15: =IFERROR(VLOOKUP(D15,'Lista desplegable'!C$1:D$436,2,FALSE),"") -> MECANICO | F15: 200-11 | G15: HQ | H15: 0-200 | I15: 13,90 | J15: PRESENTE | K15: SI | L15: SI
B16: 9 | C16: 19506189-0 | D16: =IFERROR(VLOOKUP(C16,'Lista desplegable'!B$1:C$436,2,FALSE),"") -> DIEGO NICOLAS GONZALEZ OLIVARES | E16: =IFERROR(VLOOKUP(D16,'Lista desplegable'!C$1:D$436,2,FALSE),"") -> MECANICO | F16: 200-11 | G16: HQ | H16: 0-200 | I16: 13,90 | J16: PRESENTE | K16: SI | L16: SI
B17: 10 | C17: 19518296-5 | D17: =IFERROR(VLOOKUP(C17,'Lista desplegable'!B$1:C$436,2,FALSE),"") -> JORGE ANDRES LICANQUEO PEREZ | E17: =IFERROR(VLOOKUP(D17,'Lista desplegable'!C$1:D$436,2,FALSE),"") -> MECANICO | F17: 200-11 | G17: HQ | H17: 0-200 | I17: 13,90 | J17: PRESENTE | K17: SI | L17: SI
B18: 11 | C18: 16981319-1 | D18: =IFERROR(VLOOKUP(C18,'Lista desplegable'!B$1:C$436,2,FALSE),"") -> MARCOS ANTONIO ALDEA BEROIZA | E18: =IFERROR(VLOOKUP(D18,'Lista desplegable'!C$1:D$436,2,FALSE),"") -> CHOFER | F18: 200-11 | G18: HQ | H18: 0-200 | I18: 13,90 | J18: PRESENTE | K18: SI | L18: SI
B19: 12 | C19: 14400090-0 | D19: =IFERROR(VLOOKUP(C19,'Lista desplegable'!B$1:C$436,2,FALSE),"") -> CARLOS ALBERTO RAMOS VELASQUEZ | E19: =IFERROR(VLOOKUP(D19,'Lista desplegable'!C$1:D$436,2,FALSE),"") -> SUPERVISOR DE OPERACIONES | F19: 200-11 | G19: HQ | H19: 0-200 | I19: 13,90 | J19: PRESENTE | K19: SI | L19: SI
B20: 13 | C20: 15196627-6 | D20: =IFERROR(VLOOKUP(C20,'Lista desplegable'!B$1:C$436,2,FALSE),"") -> NELSON PATRICIO FLORES SANHUEZA | E20: =IFERROR(VLOOKUP(D20,'Lista desplegable'!C$1:D$436,2,FALSE),"") -> PREVENCIONISTA DE RIESGOS | F20: 200-11 | G20: HQ | H20: 0-200 | I20: 13,90 | J20: PRESENTE | K20: SI | L20: SI
B21: 14 | C21: 12218170-7 | D21: =IFERROR(VLOOKUP(C21,'Lista desplegable'!B$1:C$436,2,FALSE),"") -> EDUARDO ANTONIO CASTILLO VALENZUELA | E21: =IFERROR(VLOOKUP(D21,'Lista desplegable'!C$1:D$436,2,FALSE),"") -> PERFORISTA | F21: 200-11 | G21: HQ | H21: 0-200 | I21: 13,90 | J21: PRESENTE | K21: SI | L21: SI
... B24: 17 | C24: 19983747-8 | D24: =IFERROR(VLOOKUP(C24,'Lista desplegable'!B$1:C$436,2,FALSE),"") -> RUBEN IGNACIO CORTES BORBON | E24: =IFERROR(VLOOKUP(D24,'Lista desplegable'!C$1:D$436,2,FALSE),"") -> AYUDANTE DE PERFORISTA | F24: 200-11 | G24: HQ | H24: 0-200 | I24: 13,90 | J24: PRESENTE | K24: SI | L24: SI
B25: 18 | C25: 20460401-0 | D25: =IFERROR(VLOOKUP(C25,'Lista desplegable'!B$1:C$436,2,FALSE),"") -> KEVIN ALEXIS NEYRA CORTES | E25: =IFERROR(VLOOKUP(D25,'Lista desplegable'!C$1:D$436,2,FALSE),"") -> PERFORISTA | F25: 200-13 | G25: HQ | H25: 0-200 | I25: 0 | J25: PRESENTE | K25: SI | L25: SI
B26: 19 | C26: 17980395-K | D26: =IFERROR(VLOOKUP(C26,'Lista desplegable'!B$1:C$436,2,FALSE),"") -> PATRICIO RENAN GONZALEZ CABELLO | E26: =IFERROR(VLOOKUP(D26,'Lista desplegable'!C$1:D$436,2,FALSE),"") -> AYUDANTE DE PERFORISTA | F26: 200-13 | G26: HQ | H26: 0-200 | I26: 0 | J26: PRESENTE | K26: SI | L26: SI
B27: 20 | C27: 20456931-2 | D27: =IFERROR(VLOOKUP(C27,'Lista desplegable'!B$1:C$436,2,FALSE),"") -> DIEGO BRANCO BARRAZA CHAVEZ | E27: =IFERROR(VLOOKUP(D27,'Lista desplegable'!C$1:D$436,2,FALSE),"") -> AYUDANTE DE PERFORISTA | F27: 200-13 | G27: HQ | H27: 0-200 | I27: 0 | J27: PRESENTE | K27: SI | L27: SI
B28: 21 | C28: 20774155-8 | D28: =IFERROR(VLOOKUP(C28,'Lista desplegable'!B$1:C$436,2,FALSE),"") -> OSCAR RODRIGO ARIAS LEIVA | E28: =IFERROR(VLOOKUP(D28,'Lista desplegable'!C$1:D$436,2,FALSE),"") -> AYUDANTE DE PERFORISTA | F28: 200-13 | G28: HQ | H28: 0-200 | I28: 0 | J28: PRESENTE | K28: SI | L28: SI
B29: 22 | C29: 11778172-0 | D29: =IFERROR(VLOOKUP(C29,'Lista desplegable'!B$1:C$436,2,FALSE),"") -> ORLANDO PATRICIO CONTRERAS RIOS | E29: =IFERROR(VLOOKUP(D29,'Lista desplegable'!C$1:D$436,2,FALSE),"") -> PERFORISTA | F29: 200-11 | G29: HQ | H29: 0-200 | I29: 13,90 | J29: PRESENTE | K29: SI | L29: SI | M29: INGRESO A FAENA 03-09
B30: 23 | C30: 20037472-K | D30: =IFERROR(VLOOKUP(C30,'Lista desplegable'!B$1:C$436,2,FALSE),"") -> ANGELO GIOVANNI BIZAMA ORELLANA | E30: =IFERROR(VLOOKUP(D30,'Lista desplegable'!C$1:D$436,2,FALSE),"") -> AYUDANTE DE PERFORISTA | J30: OBSERVACIÓN | M30: INICIO CONTRATO 03-09
B31: 24 | C31: 15955871-1 | D31: =IFERROR(VLOOKUP(C31,'Lista desplegable'!B$1:C$436,2,FALSE),"") -> WALTER LISANDRO SALAS MESA | E31: =IFERROR(VLOOKUP(D31,'Lista desplegable'!C$1:D$436,2,FALSE),"") -> PERFORISTA | J31: OBSERVACIÓN | M31: INICIO CONTRATO 03-09
B32: 25 | D32: =IFERROR(VLOOKUP(C32,'Lista desplegable'!B$1:C$436,2,FALSE),"") | E32: =IFERROR(VLOOKUP(D32,'Lista desplegable'!C$1:D$436,2,FALSE),"")
B33: 26 | D33: =IFERROR(VLOOKUP(C33,'Lista desplegable'!B$1:C$436,2,FALSE),"") | E33: =IFERROR(VLOOKUP(D33,'Lista desplegable'!C$1:D$436,2,FALSE),"")
B34: 27 | D34: =IFERROR(VLOOKUP(C34,'Lista desplegable'!B$1:C$436,2,FALSE),"") | E34: =IFERROR(VLOOKUP(D34,'Lista desplegable'!C$1:D$436,2,FALSE),"")
B35: 28 | D35: =IFERROR(VLOOKUP(C35,'Lista desplegable'!B$1:C$436,2,FALSE),"") | E35: =IFERROR(VLOOKUP(D35,'Lista desplegable'!C$1:D$436,2,FALSE),"")
B36: 29 | D36: =IFERROR(VLOOKUP(C36,'Lista desplegable'!B$1:C$436,2,FALSE),"") | E36: =IFERROR(VLOOKUP(D36,'Lista desplegable'!C$1:D$436,2,FALSE),"")
B37: 30 | D37: =IFERROR(VLOOKUP(C37,'Lista desplegable'!B$1:C$436,2,FALSE),"") | E37: =IFERROR(VLOOKUP(D37,'Lista desplegable'!C$1:D$436,2,FALSE),"")
C40: TURNO NOCHE - B
B41: N° | C41: RUT | D41: NOMBRES Y APELLIDOS | E41: CARGO | F41: MAQUINA | G41: DIAMETRO | H41: ESCALA | I41: METROS | J41: ASISTENCIA | K41: WORKERA ENTRADA | L41: WORKERA SALIDA | M41: OBSERVACIONES
B42: 1 | C42: 18494463-4 | D42: =IFERROR(VLOOKUP(C42,'Lista desplegable'!B$1:C$436,2,FALSE),"") -> RAUL ESTEBAN HERNANDEZ PIZARRO | E42: =IFERROR(VLOOKUP(D42,'Lista desplegable'!C$1:D$436,2,FALSE),"") -> PREVENCIONISTA DE RIESGOS | F42: 200-11 | G42: HQ | H42: 0-200 | I42: 40,40 | J42: PRESENTE | K42: SI | L42: SI
B43: 2 | C43: 44599978-4 | D43: =IFERROR(VLOOKUP(C43,'Lista desplegable'!B$1:C$436,2,FALSE),"") -> FRANCISCO PEDRO BORNAZ DELGADO | E43: =IFERROR(VLOOKUP(D43,'Lista desplegable'!C$1:D$436,2,FALSE),"") -> SUPERVISOR DE OPERACIONES | F43: 200-11 | G43: HQ | H43: 0-200 | I43: 40,40 | J43: PRESENTE | K43: SI | L43: SI
B44: 3 | C44: 17580584-2 | D44: =IFERROR(VLOOKUP(C44,'Lista desplegable'!B$1:C$436,2,FALSE),"") -> CAMILO FELIPE CRUZ MOLINA | E44: =IFERROR(VLOOKUP(D44,'Lista desplegable'!C$1:D$436,2,FALSE),"") -> SUPERVISOR DE OPERACIONES | F44: 200-11 | G44: HQ | H44: 0-200 | I44: 40,40 | J44: PRESENTE | K44: SI | L44: SI
B45: 4 | C45: 12707776-2 | D45: =IFERROR(VLOOKUP(C45,'Lista desplegable'!B$1:C$436,2,FALSE),"") -> RICARDO DE LAS NIEVES GUTIERREZ FUENTES | E45: =IFERROR(VLOOKUP(D45,'Lista desplegable'!C$1:D$436,2,FALSE),"") -> CHOFER | F45: 200-11 | G45: HQ | H45: 0-200 | I45: 40,40 | J45: PRESENTE | K45: SI | L45: SI
B46: 5 | C46: 26931695-0 | D46: =IFERROR(VLOOKUP(C46,'Lista desplegable'!B$1:C$436,2,FALSE),"") -> SEBASTIAN GONZALO ROJAS CLARO | E46: =IFERROR(VLOOKUP(D46,'Lista desplegable'!C$1:D$436,2,FALSE),"") -> MECANICO | F46: 200-11 | G46: HQ | H46: 0-200 | I46: 40,40 | J46: PRESENTE | K46: SI | L46: SI
B47: 6 | C47: 18665544-3 | D47: =IFERROR(VLOOKUP(C47,'Lista desplegable'!B$1:C$436,2,FALSE),"") -> DANIEL ANDRES VENEGAS CARRASCO | E47: =IFERROR(VLOOKUP(D47,'Lista desplegable'!C$1:D$436,2,FALSE),"") -> PERFORISTA | F47: 200-11 | G47: HQ | H47: 0-200 | I47: 40,40 | J47: PRESENTE | K47: SI | L47: SI
B48: 7 | C48: 19189343-3 | D48: =IFERROR(VLOOKUP(C48,'Lista desplegable'!B$1:C$436,2,FALSE),"") -> JOAQUIN IGNACIO TORO ALCAYAGA | E48: =IFERROR(VLOOKUP(D48,'Lista desplegable'!C$1:D$436,2,FALSE),"") -> AYUDANTE DE PERFORISTA | F48: 200-11 | G48: HQ | H48: 0-200 | I48: 40,40 | J48: PRESENTE | K48: SI | L48: SI
B49: 8 | C49: 12982701-7 | D49: =IFERROR(VLOOKUP(C49,'Lista desplegable'!B$1:C$436,2,FALSE),"") -> MARCO ANTONIO VELASQUEZ CIFUENTES | E49: =IFERROR(VLOOKUP(D49,'Lista desplegable'!C$1:D$436,2,FALSE),"") -> AYUDANTE DE PERFORISTA | F49: 200-11 | G49: HQ | H49: 0-200 | I49: 40,40 | J49: PRESENTE | K49: SI | L49: SI
B50: 9 | C50: 20168605-9 | D50: =IFERROR(VLOOKUP(C50,'Lista desplegable'!B$1:C$436,2,FALSE),"") -> ALVARO IGNACIO GODOY BRUNA | E50: =IFERROR(VLOOKUP(D50,'Lista desplegable'!C$1:D$436,2,FALSE),"") -> PERFORISTA | F50: 200-13 | G50: HQ | H50: 0-200 | I50: 0 | J50: PRESENTE | K50: SI | L50: SI
B51: 10 | C51: 15969452-6 | D51: =IFERROR(VLOOKUP(C51,'Lista desplegable'!B$1:C$436,2,FALSE),"") -> RICARDO ALEXIS LEMUS LOPEZ | E51: =IFERROR(VLOOKUP(D51,'Lista desplegable'!C$1:D$436,2,FALSE),"") -> AYUDANTE DE PERFORISTA | F51: 200-13 | G51: HQ | H51: 0-200 | I51: 0 | J51: PRESENTE | K51: SI | L51: SI
B52: 11 | C52: 18403269-4 | D52: =IFERROR(VLOOKUP(C52,'Lista desplegable'!B$1:C$436,2,FALSE),"") -> SEBASTIAN ANTONIO VALDERRAMA HERRERA | E52: =IFERROR(VLOOKUP(D52,'Lista desplegable'!C$1:D$436,2,FALSE),"") -> AYUDANTE DE PERFORISTA | F52: 200-13 | G52: HQ | H52: 0-200 | I52: 0 | J52: PRESENTE | K52: SI | L52: SI
B53: 12 | C53: 18012671-6 | D53: =IFERROR(VLOOKUP(C53,'Lista desplegable'!B$1:C$436,2,FALSE),"") -> GUILLERMO NICOLAS GODOY CARVAJAL | E53: =IFERROR(VLOOKUP(D53,'Lista desplegable'!C$1:D$436,2,FALSE),"") -> AYUDANTE DE PERFORISTA | F53: 200-13 | G53: HQ | H53: 0-200 | I53: 0 | J53: PRESENTE | K53: SI | L53: SI
B54: 13
B55: 14
B56: 15
B57: 16
B58: 17 | D58: =IFERROR(VLOOKUP(C58,'Lista desplegable'!B$1:C$436,2,FALSE),"") | E58: =IFERROR(VLOOKUP(D58,'Lista desplegable'!C$1:D$436,2,FALSE),"")
B59: 18 | D59: =IFERROR(VLOOKUP(C59,'Lista desplegable'!B$1:C$436,2,FALSE),"") | E59: =IFERROR(VLOOKUP(D59,'Lista desplegable'!C$1:D$436,2,FALSE),"")
B60: 19 | D60: =IFERROR(VLOOKUP(C60,'Lista desplegable'!B$1:C$436,2,FALSE),"") | E60: =IFERROR(VLOOKUP(D60,'Lista desplegable'!C$1:D$436,2,FALSE),"")
B61: 20 | D61: =IFERROR(VLOOKUP(C61,'Lista desplegable'!B$1:C$436,2,FALSE),"") | E61: =IFERROR(VLOOKUP(D61,'Lista desplegable'!C$1:D$436,2,FALSE),"")

Sheet 04-09
G2: DIA
D3: PROYECTO: | E3: CERRO BAYO / CHILE CHICO | G3: 46121
C6: TURNO DIA - B
B7: N° | C7: RUT | D7: NOMBRES Y APELLIDOS | E7: CARGO | F7: MAQUINA | G7: DIAMETRO | H7: ESCALA | I7: METROS | J7: ASISTENCIA | K7: WORKERA ENTRADA | L7: WORKERA SALIDA | M7: OBSERVACIONES
B8: 1 | C8: 44632507-8 | D8: =IFERROR(VLOOKUP(C8,'Lista desplegable'!B$1:C$436,2,FALSE),"") -> ANDREW JAMES WILSON . | E8: =IFERROR(VLOOKUP(D8,'Lista desplegable'!C$1:D$436,2,FALSE),"") -> PERFORISTA | F8: 200-11 | G8: HQ | H8: 0-200 | I8: 39,05 | J8: PRESENTE | M8: NO APLICA FIRMA, EXPATRIADO
B9: 2 | C9: 28935989-3 | D9: =IFERROR(VLOOKUP(C9,'Lista desplegable'!B$1:C$436,2,FALSE),"") -> STEWART PHILLIP WHITEHURST MEJIA | E9: =IFERROR(VLOOKUP(D9,'Lista desplegable'!C$1:D$436,2,FALSE),"") -> PERFORISTA | F9: 200-11 | G9: HQ | H9: 0-200 | I9: 39,05 | J9: PRESENTE | M9: NO APLICA FIRMA, EXPATRIADO
B10: 3 | C10: 15475908-5 | D10: =IFERROR(VLOOKUP(C10,'Lista desplegable'!B$1:C$436,2,FALSE),"") -> ISRAEL AARÓN VERGARA ELGUETA | E10: =IFERROR(VLOOKUP(D10,'Lista desplegable'!C$1:D$436,2,FALSE),"") -> ADMINISTRADOR DE CONTRATO | F10: 200-11 | G10: HQ | H10: 0-200 | I10: 39,05 | J10: PRESENTE | K10: SI | L10: SI | M10: INGRESO 04-09
B11: 4 | C11: 18490734-8 | D11: =IFERROR(VLOOKUP(C11,'Lista desplegable'!B$1:C$436,2,FALSE),"") -> SIMONNE DE LA PAZ REYES BATLLE | E11: =IFERROR(VLOOKUP(D11,'Lista desplegable'!C$1:D$436,2,FALSE),"") -> ADMINISTRATIVO DE FAENA | J11: DESCANSO
B12: 5 | C12: 16892085-7 | D12: =IFERROR(VLOOKUP(C12,'Lista desplegable'!B$1:C$436,2,FALSE),"") -> MANUEL ALEJANDRO LISAMBARTH CARABANTES | E12: =IFERROR(VLOOKUP(D12,'Lista desplegable'!C$1:D$436,2,FALSE),"") -> ADMINISTRATIVO DE FAENA | F12: 200-11 | G12: HQ | H12: 0-200 | I12: 39,05 | J12: PRESENTE | K12: SI | L12: SI
B13: 6 | C13: 17697158-4 | D13: =IFERROR(VLOOKUP(C13,'Lista desplegable'!B$1:C$436,2,FALSE),"") -> RODRIGO ANDRES DIAZ INOSTROZA | E13: =IFERROR(VLOOKUP(D13,'Lista desplegable'!C$1:D$436,2,FALSE),"") -> BODEGUERO | F13: 200-11 | G13: HQ | H13: 0-200 | I13: 39,05 | J13: PRESENTE | K13: SI | L13: SI
B14: 7 | C14: 20456853-7 | D14: =IFERROR(VLOOKUP(C14,'Lista desplegable'!B$1:C$436,2,FALSE),"") -> CHRISTIAN DARIEM PIZARRO MUÑOZ | E14: =IFERROR(VLOOKUP(D14,'Lista desplegable'!C$1:D$436,2,FALSE),"") -> SOLDADOR | F14: 200-11 | G14: HQ | H14: 0-200 | I14: 39,05 | J14: PRESENTE | K14: SI | L14: SI
B15: 8 | C15: 17465056-K | D15: =IFERROR(VLOOKUP(C15,'Lista desplegable'!B$1:C$436,2,FALSE),"") -> DANIEL ANDRES ANDRADE AGUILAR | E15: =IFERROR(VLOOKUP(D15,'Lista desplegable'!C$1:D$436,2,FALSE),"") -> MECANICO | F15: 200-11 | G15: HQ | H15: 0-200 | I15: 39,05 | J15: PRESENTE | K15: SI | L15: SI | M15: INGRESO 04-09
B16: 9 | C16: 19506189-0 | D16: =IFERROR(VLOOKUP(C16,'Lista desplegable'!B$1:C$436,2,FALSE),"") -> DIEGO NICOLAS GONZALEZ OLIVARES | E16: =IFERROR(VLOOKUP(D16,'Lista desplegable'!C$1:D$436,2,FALSE),"") -> MECANICO | F16: 200-11 | G16: HQ | H16: 0-200 | I16: 39,05 | J16: PRESENTE | K16: SI | L16: SI
B17: 10 | C17: 19518296-5 | D17: =IFERROR(VLOOKUP(C17,'Lista desplegable'!B$1:C$436,2,FALSE),"") -> JORGE ANDRES LICANQUEO PEREZ | E17: =IFERROR(VLOOKUP(D17,'Lista desplegable'!C$1:D$436,2,FALSE),"") -> MECANICO | F17: 200-11 | G17: HQ | H17: 0-200 | I17: 39,05 | J17: PRESENTE | K17: SI | L17: SI
B18: 11 | C18: 16981319-1 | D18: =IFERROR(VLOOKUP(C18,'Lista desplegable'!B$1:C$436,2,FALSE),"") -> MARCOS ANTONIO ALDEA BEROIZA | E18: =IFERROR(VLOOKUP(D18,'Lista desplegable'!C$1:D$436,2,FALSE),"") -> CHOFER | F18: 200-11 | G18: HQ | H18: 0-200 | I18: 39,05 | J18: PRESENTE | K18: SI | L18: SI
B19: 12 | C19: 14400090-0 | D19: =IFERROR(VLOOKUP(C19,'Lista desplegable'!B$1:C$436,2,FALSE),"") -> CARLOS ALBERTO RAMOS VELASQUEZ | E19: =IFERROR(VLOOKUP(D19,'Lista desplegable'!C$1:D$436,2,FALSE),"") -> SUPERVISOR DE OPERACIONES | F19: 200-11 | G19: HQ | H19: 0-200 | I19: 39,05 | J19: PRESENTE | K19: SI | L19: SI
B20: 13 | C20: 15196627-6 | D20: =IFERROR(VLOOKUP(C20,'Lista desplegable'!B$1:C$436,2,FALSE),"") -> NELSON PATRICIO FLORES SANHUEZA | E20: =IFERROR(VLOOKUP(D20,'Lista desplegable'!C$1:D$436,2,FALSE),"") -> PREVENCIONISTA DE RIESGOS | F20: 200-11 | G20: HQ | H20: 0-200 | I20: 39,05 | J20: PRESENTE | K20: SI | L20: SI
B21: 14 | C21: 12218170-7 | D21: =IFERROR(VLOOKUP(C21,'Lista desplegable'!B$1:C$436,2,FALSE),"") -> EDUARDO ANTONIO CASTILLO VALENZUELA | E21: =IFERROR(VLOOKUP(D21,'Lista desplegable'!C$1:D$436,2,FALSE),"") -> PERFORISTA | F21: 200-11 | G21: HQ | H21: 0-200 | I21: 39,05 | J21: PRESENTE | K21: SI | L21: SI
B22: 15 | C22: 19349619-9 | D22: =IFERROR(VLOOKUP(C22,'Lista desplegable'!B$1:C$436,2,FALSE),"") -> JEAN CHARLES CERDA ORREGO | E22: =IFERROR(VLOOKUP(D22,'Lista desplegable'!C$1:D$436,2,FALSE),"") -> AYUDANTE DE PERFORISTA | F22: 200-11 | G22: HQ | H22: 0-200 | I22: 39,05 | J22: PRESENTE | K22: SI | L22: SI
B23: 16 | C23: 16771866-3 | D23: =IFERROR(VLOOKUP(C23,'Lista desplegable'!B$1:C$436,2,FALSE),"") -> OMAR ANDRES ARAYA ZUÑIGA | E23: =IFERROR(VLOOKUP(D23,'Lista desplegable'!C$1:D$436,2,FALSE),"") -> AYUDANTE DE PERFORISTA | F23: 200-11 | G23: HQ | H23: 0-200 | I23: 39,05 | J23: PRESENTE | K23: SI | L23: SI
B24: 17 | C24: 19983747-8 | D24: =IFERROR(VLOOKUP(C24,'Lista desplegable'!B$1:C$436,2,FALSE),"") -> RUBEN IGNACIO CORTES BORBON | E24: =IFERROR(VLOOKUP(D24,'Lista desplegable'!C$1:D$436,2,FALSE),"") -> AYUDANTE DE PERFORISTA | F24: 200-11 | G24: HQ | H24: 0-200 | I24: 39,05 | J24: PRESENTE | K24: SI | L24: SI
B25: 18 | C25: 20460401-0 | D25: =IFERROR(VLOOKUP(C25,'Lista desplegable'!B$1:C$436,2,FALSE),"") -> KEVIN ALEXIS NEYRA CORTES | E25: =IFERROR(VLOOKUP(D25,'Lista desplegable'!C$1:D$436,2,FALSE),"") -> PERFORISTA | F25: 200-13 | G25: HQ | H25: 0-200 | I25: 0 | J25: PRESENTE | K25: SI | L25: SI
B26: 19 | C26: 17980395-K | D26: =IFERROR(VLOOKUP(C26,'Lista desplegable'!B$1:C$436,2,FALSE),"") -> PATRICIO RENAN GONZALEZ CABELLO | E26: =IFERROR(VLOOKUP(D26,'Lista desplegable'!C$1:D$436,2,FALSE),"") -> AYUDANTE DE PERFORISTA | F26: 200-13 | G26: HQ | H26: 0-200 | I26: 0 | J26: PRESENTE | K26: SI | L26: SI
B27: 20 | C27: 20456931-2 | D27: =IFERROR(VLOOKUP(C27,'Lista desplegable'!B$1:C$436,2,FALSE),"") -> DIEGO BRANCO BARRAZA CHAVEZ | E27: =IFERROR(VLOOKUP(D27,'Lista desplegable'!C$1:D$436,2,FALSE),"") -> AYUDANTE DE PERFORISTA | F27: 200-13 | G27: HQ | H27: 0-200 | I27: 0 | J27: PRESENTE | K27: SI | L27: SI
B28: 21 | C28: 20774155-8 | D28: =IFERROR(VLOOKUP(C28,'Lista desplegable'!B$1:C$436,2,FALSE),"") -> OSCAR RODRIGO ARIAS LEIVA | E28: =IFERROR(VLOOKUP(D28,'Lista desplegable'!C$1:D$436,2,FALSE),"") -> AYUDANTE DE PERFORISTA | F28: 200-13 | G28: HQ | H28: 0-200 | I28: 0 | J28: PRESENTE | K28: SI | L28: SI
B29: 22 | C29: 44599981-4 | D29: =IFERROR(VLOOKUP(C29,'Lista desplegable'!B$1:C$436,2,FALSE),"") -> DENYS SAUL VERGARA TOCAS | E29: =IFERROR(VLOOKUP(D29,'Lista desplegable'!C$1:D$436,2,FALSE),"") -> PERFORISTA | F29: 200-11 | G29: HQ | H29: 0-200 | I29: 39,05 | J29: PRESENTE | K29: SI | L29: SI | M29: INGRESO 04-09
B30: 23 | C30: 11778172-0 | D30: =IFERROR(VLOOKUP(C30,'Lista desplegable'!B$1:C$436,2,FALSE),"") -> ORLANDO PATRICIO CONTRERAS RIOS | E30: =IFERROR(VLOOKUP(D30,'Lista desplegable'!C$1:D$436,2,FALSE),"") -> PERFORISTA | F30: 200-11 | G30: HQ | H30: 0-200 | I30: 39,05 | J30: OBSERVACIÓN
B31: 24 | C31: 20037472-K | D31: =IFERROR(VLOOKUP(C31,'Lista desplegable'!B$1:C$436,2,FALSE),"") -> ANGELO GIOVANNI BIZAMA ORELLANA | E31: =IFERROR(VLOOKUP(D31,'Lista desplegable'!C$1:D$436,2,FALSE),"") -> AYUDANTE DE PERFORISTA | J31: OBSERVACIÓN | M31: EN DOMICILIO A LA ESPERA DE SUBIR A FAENA
B32: 25 | C32: 15955871-1 | D32: =IFERROR(VLOOKUP(C32,'Lista desplegable'!B$1:C$436,2,FALSE),"") -> WALTER LISANDRO SALAS MESA | E32: =IFERROR(VLOOKUP(D32,'Lista desplegable'!C$1:D$436,2,FALSE),"") -> PERFORISTA | M32: EN DOMICILIO A LA ESPERA DE SUBIR A FAENA
B33: 26 | D33: =IFERROR(VLOOKUP(C33,'Lista desplegable'!B$1:C$436,2,FALSE),"") | E33: =IFERROR(VLOOKUP(D33,'Lista desplegable'!C$1:D$436,2,FALSE),"")
B34: 27 | D34: =IFERROR(VLOOKUP(C34,'Lista desplegable'!B$1:C$436,2,FALSE),"") | E34: =IFERROR(VLOOKUP(D34,'Lista desplegable'!C$1:D$436,2,FALSE),"")
B35: 28 | D35: =IFERROR(VLOOKUP(C35,'Lista desplegable'!B$1:C$436,2,FALSE),"") | E35: =IFERROR(VLOOKUP(D35,'Lista desplegable'!C$1:D$436,2,FALSE),"")
B36: 29 | D36: =IFERROR(VLOOKUP(C36,'Lista desplegable'!B$1:C$436,2,FALSE),"") | E36: =IFERROR(VLOOKUP(D36,'Lista desplegable'!C$1:D$436,2,FALSE),"")
B37: 30 | D37: =IFERROR(VLOOKUP(C37,'Lista desplegable'!B$1:C$436,2,FALSE),"") | E37: =IFERROR(VLOOKUP(D37,'Lista desplegable'!C$1:D$436,2,FALSE),"")
C40: TURNO NOCHE - B
B41: N° | C41: RUT | D41: NOMBRES Y APELLIDOS | E41: CARGO | F41: MAQUINA | G41: DIAMETRO | H41: ESCALA | I41: METROS | J41: ASISTENCIA | K41: WORKERA ENTRADA | L41: WORKERA SALIDA | M41: OBSERVACIONES
B42: 1 | C42: 18494463-4 | D42: =IFERROR(VLOOKUP(C42,'Lista desplegable'!B$1:C$436,2,FALSE),"") -> RAUL ESTEBAN HERNANDEZ PIZARRO | E42: =IFERROR(VLOOKUP(D42,'Lista desplegable'!C$1:D$436,2,FALSE),"") -> PREVENCIONISTA DE RIESGOS | F42: 200-11 | G42: HQ | H42: 0-200 | I42: 41,95 | J42: PRESENTE | K42: SI | L42: SI
B43: 2 | C43: 44599978-4 | D43: =IFERROR(VLOOKUP(C43,'Lista desplegable'!B$1:C$436,2,FALSE),"") -> FRANCISCO PEDRO BORNAZ DELGADO | E43: =IFERROR(VLOOKUP(D43,'Lista desplegable'!C$1:D$436,2,FALSE),"") -> SUPERVISOR DE OPERACIONES | F43: 200-11 | G43: HQ | H43: 0-200 | I43: 41,95 | J43: PRESENTE | K43: SI | L43: SI
B44: 3 | C44: 17580584-2 | D44: =IFERROR(VLOOKUP(C44,'Lista desplegable'!B$1:C$436,2,FALSE),"") -> CAMILO FELIPE CRUZ MOLINA | E44: =IFERROR(VLOOKUP(D44,'Lista desplegable'!C$1:D$436,2,FALSE),"") -> SUPERVISOR DE OPERACIONES | F44: 200-11 | G44: HQ | H44: 0-200 | I44: 41,95 | J44: PRESENTE | K44: SI | L44: SI
B45: 4 | C45: 12707776-2 | D45: =IFERROR(VLOOKUP(C45,'Lista desplegable'!B$1:C$436,2,FALSE),"") -> RICARDO DE LAS NIEVES GUTIERREZ FUENTES | E45: =IFERROR(VLOOKUP(D45,'Lista desplegable'!C$1:D$436,2,FALSE),"") -> CHOFER | F45: 200-11 | G45: HQ | H45: 0-200 | I45: 41,95 | J45: PRESENTE | K45: SI | L45: SI
B46: 5 | C46: 26931695-0 | D46: =IFERROR(VLOOKUP(C46,'Lista desplegable'!B$1:C$436,2,FALSE),"") -> SEBASTIAN GONZALO ROJAS CLARO | E46: =IFERROR(VLOOKUP(D46,'Lista desplegable'!C$1:D$436,2,FALSE),"") -> MECANICO | F46: 200-11 | G46: HQ | H46: 0-200 | I46: 41,95 | J46: PRESENTE | K46: SI | L46: SI
B47: 6 | C47: 18665544-3 | D47: =IFERROR(VLOOKUP(C47,'Lista desplegable'!B$1:C$436,2,FALSE),"") -> DANIEL ANDRES VENEGAS CARRASCO | E47: =IFERROR(VLOOKUP(D47,'Lista desplegable'!C$1:D$436,2,FALSE),"") -> PERFORISTA | F47: 200-11 | G47: HQ | H47: 0-200 | I47: 41,95 | J47: PRESENTE | K47: SI | L47: SI
B48: 7 | C48: 19189343-3 | D48: =IFERROR(VLOOKUP(C48,'Lista desplegable'!B$1:C$436,2,FALSE),"") -> JOAQUIN IGNACIO TORO ALCAYAGA | E48: =IFERROR(VLOOKUP(D48,'Lista desplegable'!C$1:D$436,2,FALSE),"") -> AYUDANTE DE PERFORISTA | F48: 200-11 | G48: HQ | H48: 0-200 | I48: 41,95 | J48: PRESENTE | K48: SI | L48: SI
B49: 8 | C49: 12982701-7 | D49: =IFERROR(VLOOKUP(C49,'Lista desplegable'!B$1:C$436,2,FALSE),"") -> MARCO ANTONIO VELASQUEZ CIFUENTES | E49: =IFERROR(VLOOKUP(D49,'Lista desplegable'!C$1:D$436,2,FALSE),"") -> AYUDANTE DE PERFORISTA | F49: 200-11 | G49: HQ | H49: 0-200 | I49: 41,95 | J49: PRESENTE | K49: SI | L49: SI
B50: 9 | C50: 20168605-9 | D50: =IFERROR(VLOOKUP(C50,'Lista desplegable'!B$1:C$436,2,FALSE),"") -> ALVARO IGNACIO GODOY BRUNA | E50: =IFERROR(VLOOKUP(D50,'Lista desplegable'!C$1:D$436,2,FALSE),"") -> PERFORISTA | F50: 200-13 | G50: HQ | H50: 0-200 | I50: 0 | J50: PRESENTE | K50: SI | L50: SI
B51: 10 | C51: 15969452-6 | D51: =IFERROR(VLOOKUP(C51,'Lista desplegable'!B$1:C$436,2,FALSE),"") -> RICARDO ALEXIS LEMUS LOPEZ | E51: =IFERROR(VLOOKUP(D51,'Lista desplegable'!C$1:D$436,2,FALSE),"") -> AYUDANTE DE PERFORISTA | F51: 200-13 | G51: HQ | H51: 0-200 | I51: 0 | J51: PRESENTE | K51: SI | L51: SI
B52: 11 | C52: 18403269-4 | D52: =IFERROR(VLOOKUP(C52,'Lista desplegable'!B$1:C$436,2,FALSE),"") -> SEBASTIAN ANTONIO VALDERRAMA HERRERA | E52: =IFERROR(VLOOKUP(D52,'Lista desplegable'!C$1:D$436,2,FALSE),"") -> AYUDANTE DE PERFORISTA | F52: 200-13 | G52: HQ | H52: 0-200 | I52: 0 | J52: PRESENTE | K52: SI | L52: SI
B53: 12 | C53: 18012671-6 | D53: =IFERROR(VLOOKUP(C53,'Lista desplegable'!B$1:C$436,2,FALSE),"") -> GUILLERMO NICOLAS GODOY CARVAJAL | E53: =IFERROR(VLOOKUP(D53,'Lista desplegable'!C$1:D$436,2,FALSE),"") -> AYUDANTE DE PERFORISTA | F53: 200-13 | G53: HQ | H53: 0-200 | I53: 0 | J53: PRESENTE | K53: SI | L53: SI
B54: 13
B55: 14
B56: 15
B57: 16
B58: 17 | D58: =IFERROR(VLOOKUP(C58,'Lista desplegable'!B$1:C$436,2,FALSE),"") | E58: =IFERROR(VLOOKUP(D58,'Lista desplegable'!C$1:D$436,2,FALSE),"")
B59: 18 | D59: =IFERROR(VLOOKUP(C59,'Lista desplegable'!B$1:C$436,2,FALSE),"") | E59: =IFERROR(VLOOKUP(D59,'Lista desplegable'!C$1:D$436,2,FALSE),"")
B60: 19 | D60: =IFERROR(VLOOKUP(C60,'Lista desplegable'!B$1:C$436,2,FALSE),"") | E60: =IFERROR(VLOOKUP(D60,'Lista desplegable'!C$1:D$436,2,FALSE),"")
B61: 20 | D61: =IFERROR(VLOOKUP(C61,'Lista desplegable'!B$1:C$436,2,FALSE),"") | E61: =IFERROR(VLOOKUP(D61,'Lista desplegable'!C$1:D$436,2,FALSE),"")

Sheet 05-09
G2: DIA
D3: PROYECTO: | E3: CERRO BAYO / CHILE CHICO | G3: 46151
C6: TURNO DIA - B
B7: N° | C7: RUT | D7: NOMBRES Y APELLIDOS | E7: CARGO | F7: MAQUINA | G7: DIAMETRO | H7: ESCALA | I7: METROS | J7: ASISTENCIA | K7: WORKERA ENTRADA | L7: WORKERA SALIDA | M7: OBSERVACIONES
B8: 1 | C8: 44632507-8 | D8: =IFERROR(VLOOKUP(C8,'Lista desplegable'!B$1:C$436,2,FALSE),"") -> ANDREW JAMES WILSON . | E8: =IFERROR(VLOOKUP(D8,'Lista desplegable'!C$1:D$436,2,FALSE),"") -> PERFORISTA | F8: 200-11 | G8: HQ | H8: 0-200 | I8: 34.5 | J8: PRESENTE | M8: NO APLICA FIRMA, EXPATRIADO
B9: 2 | C9: 28935989-3 | D9: =IFERROR(VLOOKUP(C9,'Lista desplegable'!B$1:C$436,2,FALSE),"") -> STEWART PHILLIP WHITEHURST MEJIA | E9: =IFERROR(VLOOKUP(D9,'Lista desplegable'!C$1:D$436,2,FALSE),"") -> PERFORISTA | F9: 200-11 | G9: HQ | H9: 0-200 | I9: 34.5 | J9: PRESENTE | M9: NO APLICA FIRMA, EXPATRIADO
B10: 3 | C10: 15475908-5 | D10: =IFERROR(VLOOKUP(C10,'Lista desplegable'!B$1:C$436,2,FALSE),"") -> ISRAEL AARÓN VERGARA ELGUETA | E10: =IFERROR(VLOOKUP(D10,'Lista desplegable'!C$1:D$436,2,FALSE),"") -> ADMINISTRADOR DE CONTRATO | F10: 200-11 | G10: HQ | H10: 0-200 | I10: 34.5 | J10: PRESENTE | K10: SI | L10: SI
B11: 4 | C11: 18490734-8 | D11: =IFERROR(VLOOKUP(C11,'Lista desplegable'!B$1:C$436,2,FALSE),"") -> SIMONNE DE LA PAZ REYES BATLLE | E11: =IFERROR(VLOOKUP(D11,'Lista desplegable'!C$1:D$436,2,FALSE),"") -> ADMINISTRATIVO DE FAENA | J11: DESCANSO
B12: 5 | C12: 16892085-7 | D12: =IFERROR(VLOOKUP(C12,'Lista desplegable'!B$1:C$436,2,FALSE),"") -> MANUEL ALEJANDRO LISAMBARTH CARABANTES | E12: =IFERROR(VLOOKUP(D12,'Lista desplegable'!C$1:D$436,2,FALSE),"") -> ADMINISTRATIVO DE FAENA | F12: 200-11 | G12: HQ | H12: 0-200 | I12: 34.5 | J12: PRESENTE | K12: SI | L12: SI
B13: 6 | C13: 17697158-4 | D13: =IFERROR(VLOOKUP(C13,'Lista desplegable'!B$1:C$436,2,FALSE),"") -> RODRIGO ANDRES DIAZ INOSTROZA | E13: =IFERROR(VLOOKUP(D13,'Lista desplegable'!C$1:D$436,2,FALSE),"") -> BODEGUERO | F13: 200-11 | G13: HQ | H13: 0-200 | I13: 34.5 | J13: PRESENTE | K13: SI | L13: SI
B14: 7 | C14: 20456853-7 | D14: =IFERROR(VLOOKUP(C14,'Lista desplegable'!B$1:C$436,2,FALSE),"") -> CHRISTIAN DARIEM PIZARRO MUÑOZ | E14: =IFERROR(VLOOKUP(D14,'Lista desplegable'!C$1:D$436,2,FALSE),"") -> SOLDADOR | F14: 200-11 | G14: HQ | H14: 0-200 | I14: 34.5 | J14: PRESENTE | K14: SI | L14: SI
B15: 8 | C15: 17465056-K | D15: =IFERROR(VLOOKUP(C15,'Lista desplegable'!B$1:C$436,2,FALSE),"") -> DANIEL ANDRES ANDRADE AGUILAR | E15: =IFERROR(VLOOKUP(D15,'Lista desplegable'!C$1:D$436,2,FALSE),"") -> MECANICO | F15: 200-11 | G15: HQ | H15: 0-200 | I15: 34.5 | J15: PRESENTE | K15: SI | L15: SI
B16: 9 | C16: 19506189-0 | D16: =IFERROR(VLOOKUP(C16,'Lista desplegable'!B$1:C$436,2,FALSE),"") -> DIEGO NICOLAS GONZALEZ OLIVARES | E16: =IFERROR(VLOOKUP(D16,'Lista desplegable'!C$1:D$436,2,FALSE),"") -> MECANICO | F16: 200-11 | G16: HQ | H16: 0-200 | I16: 34.5 | J16: PRESENTE | K16: SI | L16: SI
B17: 10 | C17: 19518296-5 | D17: =IFERROR(VLOOKUP(C17,'Lista desplegable'!B$1:C$436,2,FALSE),"") -> JORGE ANDRES LICANQUEO PEREZ | E17: =IFERROR(VLOOKUP(D17,'Lista desplegable'!C$1:D$436,2,FALSE),"") -> MECANICO | F17: 200-11 | G17: HQ | H17: 0-200 | I17: 34.5 | J17: PRESENTE | K17: SI | L17: SI
B18: 11 | C18: 16981319-1 | D18: =IFERROR(VLOOKUP(C18,'Lista desplegable'!B$1:C$436,2,FALSE),"") -> MARCOS ANTONIO ALDEA BEROIZA | E18: =IFERROR(VLOOKUP(D18,'Lista desplegable'!C$1:D$436,2,FALSE),"") -> CHOFER | F18: 200-11 | G18: HQ | H18: 0-200 | I18: 34.5 | J18: PRESENTE | K18: SI | L18: SI
B19: 12 | C19: 14400090-0 | D19: =IFERROR(VLOOKUP(C19,'Lista desplegable'!B$1:C$436,2,FALSE),"") -> CARLOS ALBERTO RAMOS VELASQUEZ | E19: =IFERROR(VLOOKUP(D19,'Lista desplegable'!C$1:D$436,2,FALSE),"") -> SUPERVISOR DE OPERACIONES | F19: 200-11 | G19: HQ | H19: 0-200 | I19: 34.5 | J19: PRESENTE | K19: SI | L19: SI
B20: 13 | C20: 15196627-6 | D20: =IFERROR(VLOOKUP(C20,'Lista desplegable'!B$1:C$436,2,FALSE),"") -> NELSON PATRICIO FLORES SANHUEZA | E20: =IFERROR(VLOOKUP(D20,'Lista desplegable'!C$1:D$436,2,FALSE),"") -> PREVENCIONISTA DE RIESGOS | F20: 200-11 | G20: HQ | H20: 0-200 | I20: 34.5 | J20: PRESENTE | K20: SI | L20: SI
B21: 14 | C21: 12218170-7 | D21: =IFERROR(VLOOKUP(C21,'Lista desplegable'!B$1:C$436,2,FALSE),"") -> EDUARDO ANTONIO CASTILLO VALENZUELA | E21: =IFERROR(VLOOKUP(D21,'Lista desplegable'!C$1:D$436,2,FALSE),"") -> PERFORISTA | F21: 200-11 | G21: HQ | H21: 0-200 | I21: 34.5 | J21: PRESENTE | K21: SI | L21: SI
B22: 15 | C22: 19349619-9 | D22: =IFERROR(VLOOKUP(C22,'Lista desplegable'!B$1:C$436,2,FALSE),"") -> JEAN CHARLES CERDA ORREGO | E22: =IFERROR(VLOOKUP(D22,'Lista desplegable'!C$1:D$436,2,FALSE),"") -> AYUDANTE DE PERFORISTA | F22: 200-11 | G22: HQ | H22: 0-200 | I22: 34.5 | J22: PRESENTE | K22: SI | L22: SI
B23: 16 | C23: 16771866-3 | D23: =IFERROR(VLOOKUP(C23,'Lista desplegable'!B$1:C$436,2,FALSE),"") -> OMAR ANDRES ARAYA ZUÑIGA | E23: =IFERROR(VLOOKUP(D23,'Lista desplegable'!C$1:D$436,2,FALSE),"") -> AYUDANTE DE PERFORISTA | F23: 200-11 | G23: HQ | H23: 0-200 | I23: 34.5 | J23: PRESENTE | K23: SI | L23: SI
... B25: 18 | C25: 44599981-4 | D25: =IFERROR(VLOOKUP(C25,'Lista desplegable'!B$1:C$436,2,FALSE),"") -> DENYS SAUL VERGARA TOCAS | E25: =IFERROR(VLOOKUP(D25,'Lista desplegable'!C$1:D$436,2,FALSE),"") -> PERFORISTA | F25: 200-11 | G25: HQ | H25: 0-200 | I25: 34.5 | J25: PRESENTE | K25: SI | L25: SI
B26: 19 | C26: 20460401-0 | D26: =IFERROR(VLOOKUP(C26,'Lista desplegable'!B$1:C$436,2,FALSE),"") -> KEVIN ALEXIS NEYRA CORTES | E26: =IFERROR(VLOOKUP(D26,'Lista desplegable'!C$1:D$436,2,FALSE),"") -> PERFORISTA | F26: 200-13 | G26: HQ | H26: 0-200 | I26: 0 | J26: PRESENTE | K26: SI | L26: SI | M26: CAMBIO DE PLATAFORMA
B27: 20 | C27: 17980395-K | D27: =IFERROR(VLOOKUP(C27,'Lista desplegable'!B$1:C$436,2,FALSE),"") -> PATRICIO RENAN GONZALEZ CABELLO | E27: =IFERROR(VLOOKUP(D27,'Lista desplegable'!C$1:D$436,2,FALSE),"") -> AYUDANTE DE PERFORISTA | F27: 200-13 | G27: HQ | H27: 0-200 | I27: 0 | J27: PRESENTE | K27: SI | L27: SI | M27: CAMBIO DE PLATAFORMA
B28: 21 | C28: 20456931-2 | D28: =IFERROR(VLOOKUP(C28,'Lista desplegable'!B$1:C$436,2,FALSE),"") -> DIEGO BRANCO BARRAZA CHAVEZ | E28: =IFERROR(VLOOKUP(D28,'Lista desplegable'!C$1:D$436,2,FALSE),"") -> AYUDANTE DE PERFORISTA | F28: 200-13 | G28: HQ | H28: 0-200 | I28: 0 | J28: PRESENTE | K28: SI | L28: SI | M28: CAMBIO DE PLATAFORMA
B29: 22 | C29: 20774155-8 | D29: =IFERROR(VLOOKUP(C29,'Lista desplegable'!B$1:C$436,2,FALSE),"") -> OSCAR RODRIGO ARIAS LEIVA | E29: =IFERROR(VLOOKUP(D29,'Lista desplegable'!C$1:D$436,2,FALSE),"") -> AYUDANTE DE PERFORISTA | F29: 200-13 | G29: HQ | H29: 0-200 | I29: 0 | J29: PRESENTE | K29: SI | L29: SI | M29: CAMBIO DE PLATAFORMA
B30: 23 | C30: 11778172-0 | D30: =IFERROR(VLOOKUP(C30,'Lista desplegable'!B$1:C$436,2,FALSE),"") -> ORLANDO PATRICIO CONTRERAS RIOS | E30: =IFERROR(VLOOKUP(D30,'Lista desplegable'!C$1:D$436,2,FALSE),"") -> PERFORISTA | F30: 200-11 | G30: HQ | H30: 0-200 | I30: 34.5 | J30: PRESENTE | K30: SI | L30: SI
B31: 24 | C31: 20037472-K | D31: =IFERROR(VLOOKUP(C31,'Lista desplegable'!B$1:C$436,2,FALSE),"") -> ANGELO GIOVANNI BIZAMA ORELLANA | E31: =IFERROR(VLOOKUP(D31,'Lista desplegable'!C$1:D$436,2,FALSE),"") -> AYUDANTE DE PERFORISTA | J31: OBSERVACIÓN | M31: EN DOMICILIO A LA ESPERA DE SUBIR A FAENA
B32: 25 | C32: 15955871-1 | D32: =IFERROR(VLOOKUP(C32,'Lista desplegable'!B$1:C$436,2,FALSE),"") -> WALTER LISANDRO SALAS MESA | E32: =IFERROR(VLOOKUP(D32,'Lista desplegable'!C$1:D$436,2,FALSE),"") -> PERFORISTA | J32: OBSERVACIÓN | M32: EN DOMICILIO A LA ESPERA DE SUBIR A FAENA
B33: 26 | D33: =IFERROR(VLOOKUP(C33,'Lista desplegable'!B$1:C$436,2,FALSE),"") | E33: =IFERROR(VLOOKUP(D33,'Lista desplegable'!C$1:D$436,2,FALSE),"")
B34: 27 | D34: =IFERROR(VLOOKUP(C34,'Lista desplegable'!B$1:C$436,2,FALSE),"") | E34: =IFERROR(VLOOKUP(D34,'Lista desplegable'!C$1:D$436,2,FALSE),"")
B35: 28 | D35: =IFERROR(VLOOKUP(C35,'Lista desplegable'!B$1:C$436,2,FALSE),"") | E35: =IFERROR(VLOOKUP(D35,'Lista desplegable'!C$1:D$436,2,FALSE),"")
B36: 29 | D36: =IFERROR(VLOOKUP(C36,'Lista desplegable'!B$1:C$436,2,FALSE),"") | E36: =IFERROR(VLOOKUP(D36,'Lista desplegable'!C$1:D$436,2,FALSE),"")
B37: 30 | D37: =IFERROR(VLOOKUP(C37,'Lista desplegable'!B$1:C$436,2,FALSE),"") | E37: =IFERROR(VLOOKUP(D37,'Lista desplegable'!C$1:D$436,2,FALSE),"")
C40: TURNO NOCHE - B
B41: N° | C41: RUT | D41: NOMBRES Y APELLIDOS | E41: CARGO | F41: MAQUINA | G41: DIAMETRO | H41: ESCALA | I41: METROS | J41: ASISTENCIA | K41: WORKERA ENTRADA | L41: WORKERA SALIDA | M41: OBSERVACIONES
B42: 1 | C42: 18494463-4 | D42: =IFERROR(VLOOKUP(C42,'Lista desplegable'!B$1:C$436,2,FALSE),"") -> RAUL ESTEBAN HERNANDEZ PIZARRO | E42: =IFERROR(VLOOKUP(D42,'Lista desplegable'!C$1:D$436,2,FALSE),"") -> PREVENCIONISTA DE RIESGOS | F42: 200-11 | G42: HQ | H42: 0-200 | I42: 28,20 | J42: PRESENTE | K42: SI | L42: SI
B43: 2 | C43: 44599978-4 | D43: =IFERROR(VLOOKUP(C43,'Lista desplegable'!B$1:C$436,2,FALSE),"") -> FRANCISCO PEDRO BORNAZ DELGADO | E43: =IFERROR(VLOOKUP(D43,'Lista desplegable'!C$1:D$436,2,FALSE),"") -> SUPERVISOR DE OPERACIONES | F43: 200-11 | G43: HQ | H43: 0-200 | I43: 28,20 | J43: PRESENTE | K43: SI | L43: SI
B44: 3 | C44: 17580584-2 | D44: =IFERROR(VLOOKUP(C44,'Lista desplegable'!B$1:C$436,2,FALSE),"") -> CAMILO FELIPE CRUZ MOLINA | E44: =IFERROR(VLOOKUP(D44,'Lista desplegable'!C$1:D$436,2,FALSE),"") -> SUPERVISOR DE OPERACIONES | F44: 200-11 | G44: HQ | H44: 0-200 | I44: 28,20 | J44: PRESENTE | K44: SI | L44: SI
B45: 4 | C45: 12707776-2 | D45: =IFERROR(VLOOKUP(C45,'Lista desplegable'!B$1:C$436,2,FALSE),"") -> RICARDO DE LAS NIEVES GUTIERREZ FUENTES | E45: =IFERROR(VLOOKUP(D45,'Lista desplegable'!C$1:D$436,2,FALSE),"") -> CHOFER | F45: 200-11 | G45: HQ | H45: 0-200 | I45: 28,20 | J45: PRESENTE | K45: SI | L45: SI
B46: 5 | C46: 26931695-0 | D46: =IFERROR(VLOOKUP(C46,'Lista desplegable'!B$1:C$436,2,FALSE),"") -> SEBASTIAN GONZALO ROJAS CLARO | E46: =IFERROR(VLOOKUP(D46,'Lista desplegable'!C$1:D$436,2,FALSE),"") -> MECANICO | F46: 200-11 | G46: HQ | H46: 0-200 | I46: 28,20 | J46: PRESENTE | K46: SI | L46: SI
B47: 6 | C47: 18665544-3 | D47: =IFERROR(VLOOKUP(C47,'Lista desplegable'!B$1:C$436,2,FALSE),"") -> DANIEL ANDRES VENEGAS CARRASCO | E47: =IFERROR(VLOOKUP(D47,'Lista desplegable'!C$1:D$436,2,FALSE),"") -> PERFORISTA | F47: 200-11 | G47: HQ | H47: 0-200 | I47: 28,20 | J47: PRESENTE | K47: SI | L47: SI
B48: 7 | C48: 19189343-3 | D48: =IFERROR(VLOOKUP(C48,'Lista desplegable'!B$1:C$436,2,FALSE),"") -> JOAQUIN IGNACIO TORO ALCAYAGA | E48: =IFERROR(VLOOKUP(D48,'Lista desplegable'!C$1:D$436,2,FALSE),"") -> AYUDANTE DE PERFORISTA | F48: 200-11 | G48: HQ | H48: 0-200 | I48: 28,20 | J48: PRESENTE | K48: SI | L48: SI
B49: 8 | C49: 12982701-7 | D49: =IFERROR(VLOOKUP(C49,'Lista desplegable'!B$1:C$436,2,FALSE),"") -> MARCO ANTONIO VELASQUEZ CIFUENTES | E49: =IFERROR(VLOOKUP(D49,'Lista desplegable'!C$1:D$436,2,FALSE),"") -> AYUDANTE DE PERFORISTA | F49: 200-11 | G49: HQ | H49: 0-200 | I49: 28,20 | J49: PRESENTE | K49: SI | L49: SI
B50: 9 | C50: 20168605-9 | D50: =IFERROR(VLOOKUP(C50,'Lista desplegable'!B$1:C$436,2,FALSE),"") -> ALVARO IGNACIO GODOY BRUNA | E50: =IFERROR(VLOOKUP(D50,'Lista desplegable'!C$1:D$436,2,FALSE),"") -> PERFORISTA | F50: 200-13 | G50: HQ | H50: 0-200 | I50: 11.4 | J50: PRESENTE | K50: SI | L50: SI
B51: 10 | C51: 15969452-6 | D51: =IFERROR(VLOOKUP(C51,'Lista desplegable'!B$1:C$436,2,FALSE),"") -> RICARDO ALEXIS LEMUS LOPEZ | E51: =IFERROR(VLOOKUP(D51,'Lista desplegable'!C$1:D$436,2,FALSE),"") -> AYUDANTE DE PERFORISTA | F51: 200-13 | G51: HQ | H51: 0-200 | I51: 11.4 | J51: PRESENTE | K51: SI | L51: SI
B52: 11 | C52: 18403269-4 | D52: =IFERROR(VLOOKUP(C52,'Lista desplegable'!B$1:C$436,2,FALSE),"") -> SEBASTIAN ANTONIO VALDERRAMA HERRERA | E52: =IFERROR(VLOOKUP(D52,'Lista desplegable'!C$1:D$436,2,FALSE),"") -> AYUDANTE DE PERFORISTA | F52: 200-13 | G52: HQ | H52: 0-200 | I52: 11.4 | J52: PRESENTE | K52: SI | L52: SI
B53: 12 | C53: 18012671-6 | D53: =IFERROR(VLOOKUP(C53,'Lista desplegable'!B$1:C$436,2,FALSE),"") -> GUILLERMO NICOLAS GODOY CARVAJAL | E53: =IFERROR(VLOOKUP(D53,'Lista desplegable'!C$1:D$436,2,FALSE),"") -> AYUDANTE DE PERFORISTA | F53: 200-13 | G53: HQ | H53: 0-200 | I53: 11.4 | J53: PRESENTE | K53: SI | L53: SI
B54: 13
B55: 14
B56: 15
B57: 16
B58: 17 | D58: =IFERROR(VLOOKUP(C58,'Lista desplegable'!B$1:C$436,2,FALSE),"") | E58: =IFERROR(VLOOKUP(D58,'Lista desplegable'!C$1:D$436,2,FALSE),"")
B59: 18 | D59: =IFERROR(VLOOKUP(C59,'Lista desplegable'!B$1:C$436,2,FALSE),"") | E59: =IFERROR(VLOOKUP(D59,'Lista desplegable'!C$1:D$436,2,FALSE),"")
B60: 19 | D60: =IFERROR(VLOOKUP(C60,'Lista desplegable'!B$1:C$436,2,FALSE),"") | E60: =IFERROR(VLOOKUP(D60,'Lista desplegable'!C$1:D$436,2,FALSE),"")
B61: 20 | D61: =IFERROR(VLOOKUP(C61,'Lista desplegable'!B$1:C$436,2,FALSE),"") | E61: =IFERROR(VLOOKUP(D61,'Lista desplegable'!C$1:D$436,2,FALSE),"")

Sheet 06-09
G2: DIA
D3: PROYECTO: | E3: CERRO BAYO / CHILE CHICO | G3: 46182
C6: TURNO DIA - B
B7: N° | C7: RUT | D7: NOMBRES Y APELLIDOS | E7: CARGO | F7: MAQUINA | G7: DIAMETRO | H7: ESCALA | I7: METROS | J7: ASISTENCIA | K7: WORKERA ENTRADA | L7: WORKERA SALIDA | M7: OBSERVACIONES
B8: 1 | C8: 44632507-8 | D8: =IFERROR(VLOOKUP(C8,'Lista desplegable'!B$1:C$436,2,FALSE),"") -> ANDREW JAMES WILSON . | E8: =IFERROR(VLOOKUP(D8,'Lista desplegable'!C$1:D$436,2,FALSE),"") -> PERFORISTA | F8: 200-11 | G8: HQ | H8: 0-200 | I8: 2,00 | J8: PRESENTE | M8: NO APLICA FIRMA, EXPATRIADO
C9: 44632507-8 | D9: =IFERROR(VLOOKUP(C9,'Lista desplegable'!B$1:C$436,2,FALSE),"") -> ANDREW JAMES WILSON . | E9: =IFERROR(VLOOKUP(D9,'Lista desplegable'!C$1:D$436,2,FALSE),"") -> PERFORISTA | F9: 200-11 | G9: HQ | H9: 200-400 | I9: 14,00
B10: 2 | C10: 28935989-3 | D10: =IFERROR(VLOOKUP(C10,'Lista desplegable'!B$1:C$436,2,FALSE),"") -> STEWART PHILLIP WHITEHURST MEJIA | E10: =IFERROR(VLOOKUP(D10,'Lista desplegable'!C$1:D$436,2,FALSE),"") -> PERFORISTA | F10: 200-11 | G10: HQ | H10: 0-200 | I10: 2,00 | J10: PRESENTE | M10: NO APLICA FIRMA, EXPATRIADO
C11: 28935989-3 | D11: =IFERROR(VLOOKUP(C11,'Lista desplegable'!B$1:C$436,2,FALSE),"") -> STEWART PHILLIP WHITEHURST MEJIA | E11: =IFERROR(VLOOKUP(D11,'Lista desplegable'!C$1:D$436,2,FALSE),"") -> PERFORISTA | F11: 200-11 | G11: HQ | H11: 200-400 | I11: 14,00
B12: 3 | C12: 15475908-5 | D12: =IFERROR(VLOOKUP(C12,'Lista desplegable'!B$1:C$436,2,FALSE),"") -> ISRAEL AARÓN VERGARA ELGUETA | E12: =IFERROR(VLOOKUP(D12,'Lista desplegable'!C$1:D$436,2,FALSE),"") -> ADMINISTRADOR DE CONTRATO | F12: 200-11 | G12: HQ | H12: 0-200 | I12: 2,00 | J12: PRESENTE | K12: SI | L12: SI
C13: 15475908-5 | D13: =IFERROR(VLOOKUP(C13,'Lista desplegable'!B$1:C$436,2,FALSE),"") -> ISRAEL AARÓN VERGARA ELGUETA | E13: =IFERROR(VLOOKUP(D13,'Lista desplegable'!C$1:D$436,2,FALSE),"") -> ADMINISTRADOR DE CONTRATO | F13: 200-11 | G13: HQ | H13: 200-400 | I13: 14,00
B14: 4 | C14: 18490734-8 | D14: =IFERROR(VLOOKUP(C14,'Lista desplegable'!B$1:C$436,2,FALSE),"") -> SIMONNE DE LA PAZ REYES BATLLE | E14: =IFERROR(VLOOKUP(D14,'Lista desplegable'!C$1:D$436,2,FALSE),"") -> ADMINISTRATIVO DE FAENA | F14: 200-11 | G14: HQ | H14: 0-200 | I14: 2,00 | J14: DESCANSO
C15: 18490734-8 | D15: =IFERROR(VLOOKUP(C15,'Lista desplegable'!B$1:C$436,2,FALSE),"") -> SIMONNE DE LA PAZ REYES BATLLE | E15: =IFERROR(VLOOKUP(D15,'Lista desplegable'!C$1:D$436,2,FALSE),"") -> ADMINISTRATIVO DE FAENA | F15: 200-11 | G15: HQ | H15: 200-400 | I15: 14,00
B16: 5 | C16: 16892085-7 | D16: =IFERROR(VLOOKUP(C16,'Lista desplegable'!B$1:C$436,2,FALSE),"") -> MANUEL ALEJANDRO LISAMBARTH CARABANTES | E16: =IFERROR(VLOOKUP(D16,'Lista desplegable'!C$1:D$436,2,FALSE),"") -> ADMINISTRATIVO DE FAENA | F16: 200-11 | G16: HQ | H16: 0-200 | I16: 2,00 | J16: PRESENTE | K16: SI | L16: SI
C17: 16892085-7 | D17: =IFERROR(VLOOKUP(C17,'Lista desplegable'!B$1:C$436,2,FALSE),"") -> MANUEL ALEJANDRO LISAMBARTH CARABANTES | E17: =IFERROR(VLOOKUP(D17,'Lista desplegable'!C$1:D$436,2,FALSE),"") -> ADMINISTRATIVO DE FAENA | F17: 200-11 | G17: HQ | H17: 200-400 | I17: 14,00
B18: 6 | C18: 17697158-4 | D18: =IFERROR(VLOOKUP(C18,'Lista desplegable'!B$1:C$436,2,FALSE),"") -> RODRIGO ANDRES DIAZ INOSTROZA | E18: =IFERROR(VLOOKUP(D18,'Lista desplegable'!C$1:D$436,2,FALSE),"") -> BODEGUERO | F18: 200-11 | G18: HQ | H18: 0-200 | I18: 2,00 | J18: PRESENTE | K18: SI | L18: SI
C19: 17697158-4 | D19: =IFERROR(VLOOKUP(C19,'Lista desplegable'!B$1:C$436,2,FALSE),"") -> RODRIGO ANDRES DIAZ INOSTROZA | E19: =IFERROR(VLOOKUP(D19,'Lista desplegable'!C$1:D$436,2,FALSE),"") -> BODEGUERO | F19: 200-11 | G19: HQ | H19: 200-400 | I19: 14,00
B20: 7 | C20: 20456853-7 | D20: =IFERROR(VLOOKUP(C20,'Lista desplegable'!B$1:C$436,2,FALSE),"") -> CHRISTIAN DARIEM PIZARRO MUÑOZ | E20: =IFERROR(VLOOKUP(D20,'Lista desplegable'!C$1:D$436,2,FALSE),"") -> SOLDADOR | F20: 200-11 | G20: HQ | H20: 0-200 | I20: 2,00 | J20: PRESENTE | K20: SI | L20: SI
C21: 20456853-7 | D21: =IFERROR(VLOOKUP(C21,'Lista desplegable'!B$1:C$436,2,FALSE),"") -> CHRISTIAN DARIEM PIZARRO MUÑOZ | E21: =IFERROR(VLOOKUP(D21,'Lista desplegable'!C$1:D$436,2,FALSE),"") -> SOLDADOR | F21: 200-11 | G21: HQ | H21: 200-400 | I21: 14,00
B22: 8 | C22: 17465056-K | D22: =IFERROR(VLOOKUP(C22,'Lista desplegable'!B$1:C$436,2,FALSE),"") -> DANIEL ANDRES ANDRADE AGUILAR | E22: =IFERROR(VLOOKUP(D22,'Lista desplegable'!C$1:D$436,2,FALSE),"") -> MECANICO | F22: 200-11 | G22: HQ | H22: 0-200 | I22: 2,00 | J22: PRESENTE | K22: SI | L22: SI
C23: 17465056-K | D23: =IFERROR(VLOOKUP(C23,'Lista desplegable'!B$1:C$436,2,FALSE),"") -> DANIEL ANDRES ANDRADE AGUILAR | E23: =IFERROR(VLOOKUP(D23,'Lista desplegable'!C$1:D$436,2,FALSE),"") -> MECANICO | F23: 200-11 | G23: HQ | H23: 200-400 | I23: 14,00
B24: 9 | C24: 19506189-0 | D24: =IFERROR(VLOOKUP(C24,'Lista desplegable'!B$1:C$436,2,FALSE),"") -> DIEGO NICOLAS GONZALEZ OLIVARES | E24: =IFERROR(VLOOKUP(D24,'Lista desplegable'!C$1:D$436,2,FALSE),"") -> MECANICO | F24: 200-11 | G24: HQ | H24: 0-200 | I24: 2,00 | J24: PRESENTE | K24: SI | L24: SI
C25: 19506189-0 | D25: =IFERROR(VLOOKUP(C25,'Lista desplegable'!B$1:C$436,2,FALSE),"") -> DIEGO NICOLAS GONZALEZ OLIVARES | E25: =IFERROR(VLOOKUP(D25,'Lista desplegable'!C$1:D$436,2,FALSE),"") -> MECANICO | F25: 200-11 | G25: HQ | H25: 200-400 | I25: 14,00
B26: 10 | C26: 19518296-5 | D26: =IFERROR(VLOOKUP(C26,'Lista desplegable'!B$1:C$436,2,FALSE),"") -> JORGE ANDRES LICANQUEO PEREZ | E26: =IFERROR(VLOOKUP(D26,'Lista desplegable'!C$1:D$436,2,FALSE),"") -> MECANICO | F26: 200-11 | G26: HQ | H26: 0-200 | I26: 2,00 | J26: PRESENTE | K26: SI | L26: SI
C27: 19518296-5 | D27: =IFERROR(VLOOKUP(C27,'Lista desplegable'!B$1:C$436,2,FALSE),"") -> JORGE ANDRES LICANQUEO PEREZ | E27: =IFERROR(VLOOKUP(D27,'Lista desplegable'!C$1:D$436,2,FALSE),"") -> MECANICO | F27: 200-11 | G27: HQ | H27: 200-400 | I27: 14,00
B28: 11 | C28: 16981319-1 | D28: =IFERROR(VLOOKUP(C28,'Lista desplegable'!B$1:C$436,2,FALSE),"") -> MARCOS ANTONIO ALDEA BEROIZA | E28: =IFERROR(VLOOKUP(D28,'Lista desplegable'!C$1:D$436,2,FALSE),"") -> CHOFER | F28: 200-11 | G28: HQ | H28: 0-200 | I28: 2,00 | J28: PRESENTE | K28: SI | L28: SI
C29: 16981319-1 | D29: =IFERROR(VLOOKUP(C29,'Lista desplegable'!B$1:C$436,2,FALSE),"") -> MARCOS ANTONIO ALDEA BEROIZA | E29: =IFERROR(VLOOKUP(D29,'Lista desplegable'!C$1:D$436,2,FALSE),"") -> CHOFER | F29: 200-11 | G29: HQ | H29: 200-400 | I29: 14,00
B30: 12 | C30: 14400090-0 | D30: =IFERROR(VLOOKUP(C30,'Lista desplegable'!B$1:C$436,2,FALSE),"") -> CARLOS ALBERTO RAMOS VELASQUEZ | E30: =IFERROR(VLOOKUP(D30,'Lista desplegable'!C$1:D$436,2,FALSE),"") -> SUPERVISOR DE OPERACIONES | F30: 200-11 | G30: HQ | H30: 0-200 | I30: 2,00 | J30: PRESENTE | K30: SI | L30: SI
C31: 14400090-0 | D31: =IFERROR(VLOOKUP(C31,'Lista desplegable'!B$1:C$436,2,FALSE),"") -> CARLOS ALBERTO RAMOS VELASQUEZ | E31: =IFERROR(VLOOKUP(D31,'Lista desplegable'!C$1:D$436,2,FALSE),"") -> SUPERVISOR DE OPERACIONES | F31: 200-11 | G31: HQ | H31: 200-400 | I31: 14,00
B32: 13 | C32: 15196627-6 | D32: =IFERROR(VLOOKUP(C32,'Lista desplegable'!B$1:C$436,2,FALSE),"") -> NELSON PATRICIO FLORES SANHUEZA | E32: =IFERROR(VLOOKUP(D32,'Lista desplegable'!C$1:D$436,2,FALSE),"") -> PREVENCIONISTA DE RIESGOS | F32: 200-11 | G32: HQ | H32: 0-200 | I32: 2,00 | J32: PRESENTE | K32: SI | L32: SI
C33: 15196627-6 | D33: =IFERROR(VLOOKUP(C33,'Lista desplegable'!B$1:C$436,2,FALSE),"") -> NELSON PATRICIO FLORES SANHUEZA | E33: =IFERROR(VLOOKUP(D33,'Lista desplegable'!C$1:D$436,2,FALSE),"") -> PREVENCIONISTA DE RIESGOS | F33: 200-11 | G33: HQ | H33: 200-400 | I33: 14,00
B34: 14 | C34: 12218170-7 | D34: =IFERROR(VLOOKUP(C34,'Lista desplegable'!B$1:C$436,2,FALSE),"") -> EDUARDO ANTONIO CASTILLO VALENZUELA | E34: =IFERROR(VLOOKUP(D34,'Lista desplegable'!C$1:D$436,2,FALSE),"") -> PERFORISTA | F34: 200-11 | G34: HQ | H34: 0-200 | I34: 2,00 | J34: PRESENTE | K34: SI | L34: SI
C35: 12218170-7 | D35: =IFERROR(VLOOKUP(C35,'Lista desplegable'!B$1:C$436,2,FALSE),"") -> EDUARDO ANTONIO CASTILLO VALENZUELA | E35: =IFERROR(VLOOKUP(D35,'Lista desplegable'!C$1:D$436,2,FALSE),"") -> PERFORISTA | F35: 200-11 | G35: HQ | H35: 200-400 | I35: 14,00
B36: 15 | C36: 19349619-9 | D36: =IFERROR(VLOOKUP(C36,'Lista desplegable'!B$1:C$436,2,FALSE),"") -> JEAN CHARLES CERDA ORREGO | E36: =IFERROR(VLOOKUP(D36,'Lista desplegable'!C$1:D$436,2,FALSE),"") -> AYUDANTE DE PERFORISTA | F36: 200-11 | G36: HQ | H36: 0-200 | I36: 2,00 | J36: PRESENTE | K36: SI | L36: SI
C37: 19349619-9 | D37: =IFERROR(VLOOKUP(C37,'Lista desplegable'!B$1:C$436,2,FALSE),"") -> JEAN CHARLES CERDA ORREGO | E37: =IFERROR(VLOOKUP(D37,'Lista desplegable'!C$1:D$436,2,FALSE),"") -> AYUDANTE DE PERFORISTA | F37: 200-11 | G37: HQ | H37: 200-400 | I37: 14,00
B38: 16 | C38: 16771866-3 | D38: =IFERROR(VLOOKUP(C38,'Lista desplegable'!B$1:C$436,2,FALSE),"") -> OMAR ANDRES ARAYA ZUÑIGA | E38: =IFERROR(VLOOKUP(D38,'Lista desplegable'!C$1:D$436,2,FALSE),"") -> AYUDANTE DE PERFORISTA | F38: 200-11 | G38: HQ | H38: 0-200 | I38: 2,00 | J38: PRESENTE | K38: SI | L38: SI
C39: 16771866-3 | D39: =IFERROR(VLOOKUP(C39,'Lista desplegable'!B$1:C$436,2,FALSE),"") -> OMAR ANDRES ARAYA ZUÑIGA | E39: =IFERROR(VLOOKUP(D39,'Lista desplegable'!C$1:D$436,2,FALSE),"") -> AYUDANTE DE PERFORISTA | F39: 200-11 | G39: HQ | H39: 200-400 | I39: 14,00
B40: 17 | C40: 19983747-8 | D40: =IFERROR(VLOOKUP(C40,'Lista desplegable'!B$1:C$436,2,FALSE),"") -> RUBEN IGNACIO CORTES BORBON | E40: =IFERROR(VLOOKUP(D40,'Lista desplegable'!C$1:D$436,2,FALSE),"") -> AYUDANTE DE PERFORISTA | F40: 200-11 | G40: HQ | H40: 0-200 | I40: 2,00 | J40: PRESENTE | K40: SI | L40: SI
C41: 19983747-8 | D41: =IFERROR(VLOOKUP(C41,'Lista desplegable'!B$1:C$436,2,FALSE),"") -> RUBEN IGNACIO CORTES BORBON | E41: =IFERROR(VLOOKUP(D41,'Lista desplegable'!C$1:D$436,2,FALSE),"") -> AYUDANTE DE PERFORISTA | F41: 200-11 | G41: HQ | H41: 200-400 | I41: 14,00
B42: 18 | C42: 44599981-4 | D42: =IFERROR(VLOOKUP(C42,'Lista desplegable'!B$1:C$436,2,FALSE),"") -> DENYS SAUL VERGARA TOCAS | E42: =IFERROR(VLOOKUP(D42,'Lista desplegable'!C$1:D$436,2,FALSE),"") -> PERFORISTA | F42: 200-11 | G42: HQ | H42: 0-200 | I42: 2,00 | J42: PRESENTE | K42: SI | L42: SI
C43: 44599981-4 | D43: =IFERROR(VLOOKUP(C43,'Lista desplegable'!B$1:C$436,2,FALSE),"") -> DENYS SAUL VERGARA TOCAS | E43: =IFERROR(VLOOKUP(D43,'Lista desplegable'!C$1:D$436,2,FALSE),"") -> PERFORISTA | F43: 200-11 | G43: HQ | H43: 200-400 | I43: 14,00
B44: 19 | C44: 20460401-0 | D44: =IFERROR(VLOOKUP(C44,'Lista desplegable'!B$1:C$436,2,FALSE),"") -> KEVIN ALEXIS NEYRA CORTES | E44: =IFERROR(VLOOKUP(D44,'Lista desplegable'!C$1:D$436,2,FALSE),"") -> PERFORISTA | F44: 200-13 | G44: HQ | H44: 0-200 | I44: 27,00 | J44: PRESENTE | K44: SI | L44: SI
B45: 20 | C45: 17980395-K | D45: =IFERROR(VLOOKUP(C45,'Lista desplegable'!B$1:C$436,2,FALSE),"") -> PATRICIO RENAN GONZALEZ CABELLO | E45: =IFERROR(VLOOKUP(D45,'Lista desplegable'!C$1:D$436,2,FALSE),"") -> AYUDANTE DE PERFORISTA | F45: 200-13 | G45: HQ | H45: 0-200 | I45: 27,00 | J45: PRESENTE | K45: SI | L45: SI
B46: 21 | C46: 20456931-2 | D46: =IFERROR(VLOOKUP(C46,'Lista desplegable'!B$1:C$436,2,FALSE),"") -> DIEGO BRANCO BARRAZA CHAVEZ | E46: =IFERROR(VLOOKUP(D46,'Lista desplegable'!C$1:D$436,2,FALSE),"") -> AYUDANTE DE PERFORISTA | F46: 200-13 | G46: HQ | H46: 0-200 | I46: 27,00 | J46: PRESENTE | K46: SI | L46: SI
B47: 22 | C47: 20774155-8 | D47: =IFERROR(VLOOKUP(C47,'Lista desplegable'!B$1:C$436,2,FALSE),"") -> OSCAR RODRIGO ARIAS LEIVA | E47: =IFERROR(VLOOKUP(D47,'Lista desplegable'!C$1:D$436,2,FALSE),"") -> AYUDANTE DE PERFORISTA | F47: 200-13 | G47: HQ | H47: 0-200 | I47: 27,00 | J47: PRESENTE | K47: SI | L47: SI
B48: 23 | C48: 11778172-0 | D48: =IFERROR(VLOOKUP(C48,'Lista desplegable'!B$1:C$436,2,FALSE),"") -> ORLANDO PATRICIO CONTRERAS RIOS | E48: =IFERROR(VLOOKUP(D48,'Lista desplegable'!C$1:D$436,2,FALSE),"") -> PERFORISTA | F48: 200-13 | G48: HQ | H48: 0-200 | I48: 27,00 | J48: PRESENTE | K48: SI | L48: SI
B49: 24 | C49: 20037472-K | D49: =IFERROR(VLOOKUP(C49,'Lista desplegable'!B$1:C$436,2,FALSE),"") -> ANGELO GIOVANNI BIZAMA ORELLANA | E49: =IFERROR(VLOOKUP(D49,'Lista desplegable'!C$1:D$436,2,FALSE),"") -> AYUDANTE DE PERFORISTA | J49: OBSERVACIÓN | M49: EN DOMICILIO A LA ESPERA DE SUBIR A FAENA
B50: 25 | C50: 15955871-1 | D50: =IFERROR(VLOOKUP(C50,'Lista desplegable'!B$1:C$436,2,FALSE),"") -> WALTER LISANDRO SALAS MESA | E50: =IFERROR(VLOOKUP(D50,'Lista desplegable'!C$1:D$436,2,FALSE),"") -> PERFORISTA | J50: OBSERVACIÓN | M50: EN DOMICILIO A LA ESPERA DE SUBIR A FAENA
C53: TURNO NOCHE - B
B54: N° | C54: RUT | D54: NOMBRES Y APELLIDOS | E54: CARGO | F54: MAQUINA | G54: DIAMETRO | H54: ESCALA | I54: METROS | J54: ASISTENCIA | K54: WORKERA ENTRADA | L54: WORKERA SALIDA | M54: OBSERVACIONES
B55: 1 | C55: 18494463-4 | D55: =IFERROR(VLOOKUP(C55,'Lista desplegable'!B$1:C$436,2,FALSE),"") -> RAUL ESTEBAN HERNANDEZ PIZARRO | E55: =IFERROR(VLOOKUP(D55,'Lista desplegable'!C$1:D$436,2,FALSE),"") -> PREVENCIONISTA DE RIESGOS | F55: 200-11 | G55: HQ | H55: 0-200 | I55: 28,20 | J55: PRESENTE | K55: SI | L55: SI
B56: 2 | C56: 44599978-4 | D56: =IFERROR(VLOOKUP(C56,'Lista desplegable'!B$1:C$436,2,FALSE),"") -> FRANCISCO PEDRO BORNAZ DELGADO | E56: =IFERROR(VLOOKUP(D56,'Lista desplegable'!C$1:D$436,2,FALSE),"") -> SUPERVISOR DE OPERACIONES | F56: 200-11 | G56: HQ | H56: 0-200 | I56: 28,20 | J56: PRESENTE | K56: SI | L56: SI
B57: 3 | C57: 17580584-2 | D57: =IFERROR(VLOOKUP(C57,'Lista desplegable'!B$1:C$436,2,FALSE),"") -> CAMILO FELIPE CRUZ MOLINA | E57: =IFERROR(VLOOKUP(D57,'Lista desplegable'!C$1:D$436,2,FALSE),"") -> SUPERVISOR DE OPERACIONES | F57: 200-11 | G57: HQ | H57: 0-200 | I57: 28,20 | J57: PRESENTE | K57: SI | L57: SI
B58: 4 | C58: 12707776-2 | D58: =IFERROR(VLOOKUP(C58,'Lista desplegable'!B$1:C$436,2,FALSE),"") -> RICARDO DE LAS NIEVES GUTIERREZ FUENTES | E58: =IFERROR(VLOOKUP(D58,'Lista desplegable'!C$1:D$436,2,FALSE),"") -> CHOFER | F58: 200-11 | G58: HQ | H58: 0-200 | I58: 28,20 | J58: PRESENTE | K58: SI | L58: SI
B59: 5 | C59: 26931695-0 | D59: =IFERROR(VLOOKUP(C59,'Lista desplegable'!B$1:C$436,2,FALSE),"") -> SEBASTIAN GONZALO ROJAS CLARO | E59: =IFERROR(VLOOKUP(D59,'Lista desplegable'!C$1:D$436,2,FALSE),"") -> MECANICO | F59: 200-11 | G59: HQ | H59: 0-200 | I59: 28,20 | J59: PRESENTE | K59: SI | L59: SI
B60: 6 | C60: 18665544-3 | D60: =IFERROR(VLOOKUP(C60,'Lista desplegable'!B$1:C$436,2,FALSE),"") -> DANIEL ANDRES VENEGAS CARRASCO | E60: =IFERROR(VLOOKUP(D60,'Lista desplegable'!C$1:D$436,2,FALSE),"") -> PERFORISTA | F60: 200-11 | G60: HQ | H60: 0-200 | I60: 28,20 | J60: PRESENTE | K60: SI | L60: SI
B61: 7 | C61: 19189343-3 | D61: =IFERROR(VLOOKUP(C61,'Lista desplegable'!B$1:C$436,2,FALSE),"") -> JOAQUIN IGNACIO TORO ALCAYAGA | E61: =IFERROR(VLOOKUP(D61,'Lista desplegable'!C$1:D$436,2,FALSE),"") -> AYUDANTE DE PERFORISTA | F61: 200-11 | G61: HQ | H61: 0-200 | I61: 28,20 | J61: PRESENTE | K61: SI | L61: SI
B62: 8 | C62: 12982701-7 | D62: =IFERROR(VLOOKUP(C62,'Lista desplegable'!B$1:C$436,2,FALSE),"") -> MARCO ANTONIO VELASQUEZ CIFUENTES | E62: =IFERROR(VLOOKUP(D62,'Lista desplegable'!C$1:D$436,2,FALSE),"") -> AYUDANTE DE PERFORISTA | F62: 200-11 | G62: HQ | H62: 0-200 | I62: 28,20 | J62: PRESENTE | K62: SI | L62: SI
B63: 9 | C63: 20168605-9 | D63: =IFERROR(VLOOKUP(C63,'Lista desplegable'!B$1:C$436,2,FALSE),"") -> ALVARO IGNACIO GODOY BRUNA | E63: =IFERROR(VLOOKUP(D63,'Lista desplegable'!C$1:D$436,2,FALSE),"") -> PERFORISTA | F63: 200-13 | G63: HQ | H63: 0-200 | I63: 11.4 | J63: PRESENTE | K63: SI | L63: SI
B64: 10 | C64: 15969452-6 | D64: =IFERROR(VLOOKUP(C64,'Lista desplegable'!B$1:C$436,2,FALSE),"") -> RICARDO ALEXIS LEMUS LOPEZ | E64: =IFERROR(VLOOKUP(D64,'Lista desplegable'!C$1:D$436,2,FALSE),"") -> AYUDANTE DE PERFORISTA | F64: 200-13 | G64: HQ | H64: 0-200 | I64: 11.4 | J64: PRESENTE | K64: SI | L64: SI
B65: 11 | C65: 18403269-4 | D65: =IFERROR(VLOOKUP(C65,'Lista desplegable'!B$1:C$436,2,FALSE),"") -> SEBASTIAN ANTONIO VALDERRAMA HERRERA | E65: =IFERROR(VLOOKUP(D65,'Lista desplegable'!C$1:D$436,2,FALSE),"") -> AYUDANTE DE PERFORISTA | F65: 200-13 | G65: HQ | H65: 0-200 | I65: 11.4 | J65: PRESENTE | K65: SI | L65: SI
B66: 12 | C66: 18012671-6 | D66: =IFERROR(VLOOKUP(C66,'Lista desplegable'!B$1:C$436,2,FALSE),"") -> GUILLERMO NICOLAS GODOY CARVAJAL | E66: =IFERROR(VLOOKUP(D66,'Lista desplegable'!C$1:D$436,2,FALSE),"") -> AYUDANTE DE PERFORISTA | F66: 200-13 | G66: HQ | H66: 0-200 | I66: 11.4 | J66: PRESENTE | K66: SI | L66: SI
B67: 13
B68: 14
B69: 15
B70: 16
B71: 17 | D71: =IFERROR(VLOOKUP(C71,'Lista desplegable'!B$1:C$436,2,FALSE),"") | E71: =IFERROR(VLOOKUP(D71,'Lista desplegable'!C$1:D$436,2,FALSE),"")
B72: 18 | D72: =IFERROR(VLOOKUP(C72,'Lista desplegable'!B$1:C$436,2,FALSE),"") | E72: =IFERROR(VLOOKUP(D72,'Lista desplegable'!C$1:D$436,2,FALSE),"")
B73: 19 | D73: =IFERROR(VLOOKUP(C73,'Lista desplegable'!B$1:C$436,2,FALSE),"") | E73: =IFERROR(VLOOKUP(D73,'Lista desplegable'!C$1:D$436,2,FALSE),"")
B74: 20 | D74: =IFERROR(VLOOKUP(C74,'Lista desplegable'!B$1:C$436,2,FALSE),"") | E74: =IFERROR(VLOOKUP(D74,'Lista desplegable'!C$1:D$436,2,FALSE),"")

Sheet 07-09
G2: DIA
D3: PROYECTO: | E3: CERRO BAYO / CHILE CHICO | G3: 46212
C6: TURNO DIA - B
B7: N° | C7: RUT | D7: NOMBRES Y APELLIDOS | E7: CARGO | F7: MAQUINA | G7: DIAMETRO | H7: ESCALA | I7: METROS | J7: ASISTENCIA | K7: WORKERA ENTRADA | L7: WORKERA SALIDA | M7: OBSERVACIONES
B8: 1 | C8: 44632507-8 | D8: =IFERROR(VLOOKUP(C8,'Lista desplegable'!B$1:C$436,2,FALSE),"") -> ANDREW JAMES WILSON . | E8: =IFERROR(VLOOKUP(D8,'Lista desplegable'!C$1:D$436,2,FALSE),"") -> PERFORISTA | F8: 200-13 | G8: HQ | H8: 0-200 | I8: 21,00 | J8: DESCANSO | M8: NO APLICA FIRMA, EXPATRIADO
B9: 2 | C9: 28935989-3 | D9: =IFERROR(VLOOKUP(C9,'Lista desplegable'!B$1:C$436,2,FALSE),"") -> STEWART PHILLIP WHITEHURST MEJIA | E9: =IFERROR(VLOOKUP(D9,'Lista desplegable'!C$1:D$436,2,FALSE),"") -> PERFORISTA | F9: 200-13 | G9: HQ | H9: 0-200 | I9: 21,00 | J9: PRESENTE | M9: NO APLICA FIRMA, EXPATRIADO
B10: 3 | C10: 18223319-6 | D10: =IFERROR(VLOOKUP(C10,'Lista desplegable'!B$1:C$436,2,FALSE),"") -> HANS YERKO MARQUEZ MUÑOZ | E10: =IFERROR(VLOOKUP(D10,'Lista desplegable'!C$1:D$436,2,FALSE),"") -> SUPERINTENDENTE DE MANTENCION | J10: OBSERVACIÓN | M10: ART 22
B11: 4 | C11: 15475908-5 | D11: =IFERROR(VLOOKUP(C11,'Lista desplegable'!B$1:C$436,2,FALSE),"") -> ISRAEL AARÓN VERGARA ELGUETA | E11: =IFERROR(VLOOKUP(D11,'Lista desplegable'!C$1:D$436,2,FALSE),"") -> ADMINISTRADOR DE CONTRATO | F11: 200-13 | G11: HQ | H11: 0-200 | I11: 21,00 | J11: PRESENTE | K11: SI | L11: SI
B12: 5 | C12: 18490734-8 | D12: =IFERROR(VLOOKUP(C12,'Lista desplegable'!B$1:C$436,2,FALSE),"") -> SIMONNE DE LA PAZ REYES BATLLE | E12: =IFERROR(VLOOKUP(D12,'Lista desplegable'!C$1:D$436,2,FALSE),"") -> ADMINISTRATIVO DE FAENA | F12: 200-13 | G12: HQ | H12: 0-200 | I12: 21,00 | J12: PRESENTE | K12: SI | L12: SI
B13: 6 | C13: 16892085-7 | D13: =IFERROR(VLOOKUP(C13,'Lista desplegable'!B$1:C$436,2,FALSE),"") -> MANUEL ALEJANDRO LISAMBARTH CARABANTES | E13: =IFERROR(VLOOKUP(D13,'Lista desplegable'!C$1:D$436,2,FALSE),"") -> ADMINISTRATIVO DE FAENA | F13: 200-13 | G13: HQ | H13: 0-200 | I13: 21,00 | J13: PRESENTE | K13: SI | L13: SI
B14: 7 | C14: 17697158-4 | D14: =IFERROR(VLOOKUP(C14,'Lista desplegable'!B$1:C$436,2,FALSE),"") -> RODRIGO ANDRES DIAZ INOSTROZA | E14: =IFERROR(VLOOKUP(D14,'Lista desplegable'!C$1:D$436,2,FALSE),"") -> BODEGUERO | F14: 200-13 | G14: HQ | H14: 0-200 | I14: 21,00 | J14: PRESENTE | K14: SI | L14: SI
B15: 8 | C15: 20456853-7 | D15: =IFERROR(VLOOKUP(C15,'Lista desplegable'!B$1:C$436,2,FALSE),"") -> CHRISTIAN DARIEM PIZARRO MUÑOZ | E15: =IFERROR(VLOOKUP(D15,'Lista desplegable'!C$1:D$436,2,FALSE),"") -> SOLDADOR | F15: 200-13 | G15: HQ | H15: 0-200 | I15: 21,00 | J15: PRESENTE | K15: SI | L15: SI
B16: 9 | C16: 17465056-K | D16: =IFERROR(VLOOKUP(C16,'Lista desplegable'!B$1:C$436,2,FALSE),"") -> DANIEL ANDRES ANDRADE AGUILAR | E16: =IFERROR(VLOOKUP(D16,'Lista desplegable'!C$1:D$436,2,FALSE),"") -> MECANICO | F16: 200-13 | G16: HQ | H16: 0-200 | I16: 21,00 | J16: PRESENTE | K16: SI | L16: SI
B17: 10 | C17: 19506189-0 | D17: =IFERROR(VLOOKUP(C17,'Lista desplegable'!B$1:C$436,2,FALSE),"") -> DIEGO NICOLAS GONZALEZ OLIVARES | E17: =IFERROR(VLOOKUP(D17,'Lista desplegable'!C$1:D$436,2,FALSE),"") -> MECANICO | F17: 200-13 | G17: HQ | H17: 0-200 | I17: 21,00 | J17: PRESENTE | K17: SI | L17: SI
B18: 11 | C18: 19518296-5 | D18: =IFERROR(VLOOKUP(C18,'Lista desplegable'!B$1:C$436,2,FALSE),"") -> JORGE ANDRES LICANQUEO PEREZ | E18: =IFERROR(VLOOKUP(D18,'Lista desplegable'!C$1:D$436,2,FALSE),"") -> MECANICO | F18: 200-13 | G18: HQ | H18: 0-200 | I18: 21,00 | J18: PRESENTE | K18: SI | L18: SI
B19: 12 | C19: 16981319-1 | D19: =IFERROR(VLOOKUP(C19,'Lista desplegable'!B$1:C$436,2,FALSE),"") -> MARCOS ANTONIO ALDEA BEROIZA | E19: =IFERROR(VLOOKUP(D19,'Lista desplegable'!C$1:D$436,2,FALSE),"") -> CHOFER | F19: 200-13 | G19: HQ | H19: 0-200 | I19: 21,00 | J19: PRESENTE | K19: SI | L19: SI
B20: 13 | C20: 14400090-0 | D20: =IFERROR(VLOOKUP(C20,'Lista desplegable'!B$1:C$436,2,FALSE),"") -> CARLOS ALBERTO RAMOS VELASQUEZ | E20: =IFERROR(VLOOKUP(D20,'Lista desplegable'!C$1:D$436,2,FALSE),"") -> SUPERVISOR DE OPERACIONES | F20: 200-13 | G20: HQ | H20: 0-200 | I20: 21,00 | J20: PRESENTE | K20: SI | L20: SI
B21: 14 | C21: 15196627-6 | D21: =IFERROR(VLOOKUP(C21,'Lista desplegable'!B$1:C$436,2,FALSE),"") -> NELSON PATRICIO FLORES SANHUEZA | E21: =IFERROR(VLOOKUP(D21,'Lista desplegable'!C$1:D$436,2,FALSE),"") -> PREVENCIONISTA DE RIESGOS | F21: 200-13 | G21: HQ | H21: 0-200 | I21: 21,00 | J21: PRESENTE | K21: SI | L21: SI
B22: 15 | C22: 12218170-7 | D22: =IFERROR(VLOOKUP(C22,'Lista desplegable'!B$1:C$436,2,FALSE),"") -> EDUARDO ANTONIO CASTILLO VALENZUELA | E22: =IFERROR(VLOOKUP(D22,'Lista desplegable'!C$1:D$436,2,FALSE),"") -> PERFORISTA | F22: 200-11 | G22: HQ | H22: 0-200 | I22: 0,00 | J22: PRESENTE | K22: SI | L22: SI | M22: CAMBIO DE PLATAFORMA
B23: 16 | C23: 19349619-9 | D23: =IFERROR(VLOOKUP(C23,'Lista desplegable'!B$1:C$436,2,FALSE),"") -> JEAN CHARLES CERDA ORREGO | E23: =IFERROR(VLOOKUP(D23,'Lista desplegable'!C$1:D$436,2,FALSE),"") -> AYUDANTE DE PERFORISTA | F23: 200-11 | G23: HQ | H23: 0-200 | I23: 0,00 | J23: PRESENTE | K23: SI | L23: SI | M23: CAMBIO DE PLATAFORMA
B24: 17 | C24: 16771866-3 | D24: =IFERROR(VLOOKUP(C24,'Lista desplegable'!B$1:C$436,2,FALSE),"") -> OMAR ANDRES ARAYA ZUÑIGA | E24: =IFERROR(VLOOKUP(D24,'Lista desplegable'!C$1:D$436,2,FALSE),"") -> AYUDANTE DE PERFORISTA | F24: 200-11 | G24: HQ | H24: 0-200 | I24: 0,00 | J24: PRESENTE | K24: SI | L24: SI | M24: CAMBIO DE PLATAFORMA
B25: 18 | C25: 19983747-8 | D25: =IFERROR(VLOOKUP(C25,'Lista desplegable'!B$1:C$436,2,FALSE),"") -> RUBEN IGNACIO CORTES BORBON | E25: =IFERROR(VLOOKUP(D25,'Lista desplegable'!C$1:D$436,2,FALSE),"") -> AYUDANTE DE PERFORISTA | F25: 200-11 | G25: HQ | H25: 0-200 | I25: 0,00 | J25: PRESENTE | K25: SI | L25: SI | M25: CAMBIO DE PLATAFORMA
B26: 19 | C26: 44599981-4 | D26: =IFERROR(VLOOKUP(C26,'Lista desplegable'!B$1:C$436,2,FALSE),"") -> DENYS SAUL VERGARA TOCAS | E26: =IFERROR(VLOOKUP(D26,'Lista desplegable'!C$1:D$436,2,FALSE),"") -> PERFORISTA | F26: 200-11 | G26: HQ | H26: 0-200 | I26: 0,00 | J26: PRESENTE | K26: SI | L26: SI
B27: 20 | C27: 20460401-0 | D27: =IFERROR(VLOOKUP(C27,'Lista desplegable'!B$1:C$436,2,FALSE),"") -> KEVIN ALEXIS NEYRA CORTES | E27: =IFERROR(VLOOKUP(D27,'Lista desplegable'!C$1:D$436,2,FALSE),"") -> PERFORISTA | F27: 200-13 | G27: HQ | H27: 0-200 | I27: 21,00 | J27: PRESENTE | K27: SI | L27: SI
B28: 21 | C28: 17980395-K | D28: =IFERROR(VLOOKUP(C28,'Lista desplegable'!B$1:C$436,2,FALSE),"") -> PATRICIO RENAN GONZALEZ CABELLO | E28: =IFERROR(VLOOKUP(D28,'Lista desplegable'!C$1:D$436,2,FALSE),"") -> AYUDANTE DE PERFORISTA | F28: 200-13 | G28: HQ | H28: 0-200 | I28: 21,00 | J28: PRESENTE | K28: SI | L28: SI
B29: 22 | C29: 20456931-2 | D29: =IFERROR(VLOOKUP(C29,'Lista desplegable'!B$1:C$436,2,FALSE),"") -> DIEGO BRANCO BARRAZA CHAVEZ | E29: =IFERROR(VLOOKUP(D29,'Lista desplegable'!C$1:D$436,2,FALSE),"") -> AYUDANTE DE PERFORISTA | F29: 200-13 | G29: HQ | H29: 0-200 | I29: 21,00 | J29: PRESENTE | K29: SI | L29: SI
B30: 23 | C30: 20774155-8 | D30: =IFERROR(VLOOKUP(C30,'Lista desplegable'!B$1:C$436,2,FALSE),"") -> OSCAR RODRIGO ARIAS LEIVA | E30: =IFERROR(VLOOKUP(D30,'Lista desplegable'!C$1:D$436,2,FALSE),"") -> AYUDANTE DE PERFORISTA | F30: 200-13 | G30: HQ | H30: 0-200 | I30: 21,00 | J30: PRESENTE | K30: SI | L30: SI
B31: 24 | C31: 11778172-0 | D31: =IFERROR(VLOOKUP(C31,'Lista desplegable'!B$1:C$436,2,FALSE),"") -> ORLANDO PATRICIO CONTRERAS RIOS | E31: =IFERROR(VLOOKUP(D31,'Lista desplegable'!C$1:D$436,2,FALSE),"") -> PERFORISTA | F31: 200-13 | G31: HQ | H31: 0-200 | I31: 21,00 | J31: PRESENTE | K31: SI | L31: SI
B32: 25 | C32: 20037472-K | D32: =IFERROR(VLOOKUP(C32,'Lista desplegable'!B$1:C$436,2,FALSE),"") -> ANGELO GIOVANNI BIZAMA ORELLANA | E32: =IFERROR(VLOOKUP(D32,'Lista desplegable'!C$1:D$436,2,FALSE),"") -> AYUDANTE DE PERFORISTA | J32: OBSERVACIÓN | M32: EN DOMICILIO A LA ESPERA DE SUBIR A FAENA
B33: 26 | C33: 15955871-1 | D33: =IFERROR(VLOOKUP(C33,'Lista desplegable'!B$1:C$436,2,FALSE),"") -> WALTER LISANDRO SALAS MESA | E33: =IFERROR(VLOOKUP(D33,'Lista desplegable'!C$1:D$436,2,FALSE),"") -> PERFORISTA | J33: OBSERVACIÓN | M33: EN DOMICILIO A LA ESPERA DE SUBIR A FAENA
B34: 27
B35: 28
B36: 29
B37: 30
C40: TURNO NOCHE - B
B41: N° | C41: RUT | D41: NOMBRES Y APELLIDOS | E41: CARGO | F41: MAQUINA | G41: DIAMETRO | H41: ESCALA | I41: METROS | J41: ASISTENCIA | K41: WORKERA ENTRADA | L41: WORKERA SALIDA | M41: OBSERVACIONES
B42: 1 | C42: 18494463-4 | D42: =IFERROR(VLOOKUP(C42,'Lista desplegable'!B$1:C$436,2,FALSE),"") -> RAUL ESTEBAN HERNANDEZ PIZARRO | E42: =IFERROR(VLOOKUP(D42,'Lista desplegable'!C$1:D$436,2,FALSE),"") -> PREVENCIONISTA DE RIESGOS | F42: 200-11 | G42: HQ | H42: 0-200 | I42: 28,20 | J42: PRESENTE | K42: SI | L42: SI
B43: 2 | C43: 44599978-4 | D43: =IFERROR(VLOOKUP(C43,'Lista desplegable'!B$1:C$436,2,FALSE),"") -> FRANCISCO PEDRO BORNAZ DELGADO | E43: =IFERROR(VLOOKUP(D43,'Lista desplegable'!C$1:D$436,2,FALSE),"") -> SUPERVISOR DE OPERACIONES | F43: 200-11 | G43: HQ | H43: 0-200 | I43: 28,20 | J43: PRESENTE | K43: SI | L43: SI
B44: 3 | C44: 17580584-2 | D44: =IFERROR(VLOOKUP(C44,'Lista desplegable'!B$1:C$436,2,FALSE),"") -> CAMILO FELIPE CRUZ MOLINA | E44: =IFERROR(VLOOKUP(D44,'Lista desplegable'!C$1:D$436,2,FALSE),"") -> SUPERVISOR DE OPERACIONES | F44: 200-11 | G44: HQ | H44: 0-200 | I44: 28,20 | J44: PRESENTE | K44: SI | L44: SI
B45: 4 | C45: 12707776-2 | D45: =IFERROR(VLOOKUP(C45,'Lista desplegable'!B$1:C$436,2,FALSE),"") -> RICARDO DE LAS NIEVES GUTIERREZ FUENTES | E45: =IFERROR(VLOOKUP(D45,'Lista desplegable'!C$1:D$436,2,FALSE),"") -> CHOFER | F45: 200-11 | G45: HQ | H45: 0-200 | I45: 28,20 | J45: PRESENTE | K45: SI | L45: SI
B46: 5 | C46: 26931695-0 | D46: =IFERROR(VLOOKUP(C46,'Lista desplegable'!B$1:C$436,2,FALSE),"") -> SEBASTIAN GONZALO ROJAS CLARO | E46: =IFERROR(VLOOKUP(D46,'Lista desplegable'!C$1:D$436,2,FALSE),"") -> MECANICO | F46: 200-11 | G46: HQ | H46: 0-200 | I46: 28,20 | J46: PRESENTE | K46: SI | L46: SI
B47: 6 | C47: 18665544-3 | D47: =IFERROR(VLOOKUP(C47,'Lista desplegable'!B$1:C$436,2,FALSE),"") -> DANIEL ANDRES VENEGAS CARRASCO | E47: =IFERROR(VLOOKUP(D47,'Lista desplegable'!C$1:D$436,2,FALSE),"") -> PERFORISTA | F47: 200-11 | G47: HQ | H47: 0-200 | I47: 28,20 | J47: PRESENTE | K47: SI | L47: SI
B48: 7 | C48: 19189343-3 | D48: =IFERROR(VLOOKUP(C48,'Lista desplegable'!B$1:C$436,2,FALSE),"") -> JOAQUIN IGNACIO TORO ALCAYAGA | E48: =IFERROR(VLOOKUP(D48,'Lista desplegable'!C$1:D$436,2,FALSE),"") -> AYUDANTE DE PERFORISTA | F48: 200-11 | G48: HQ | H48: 0-200 | I48: 28,20 | J48: PRESENTE | K48: SI | L48: SI
B49: 8 | C49: 12982701-7 | D49: =IFERROR(VLOOKUP(C49,'Lista desplegable'!B$1:C$436,2,FALSE),"") -> MARCO ANTONIO VELASQUEZ CIFUENTES | E49: =IFERROR(VLOOKUP(D49,'Lista desplegable'!C$1:D$436,2,FALSE),"") -> AYUDANTE DE PERFORISTA | F49: 200-11 | G49: HQ | H49: 0-200 | I49: 28,20 | J49: PRESENTE | K49: SI | L49: SI
B50: 9 | C50: 20168605-9 | D50: =IFERROR(VLOOKUP(C50,'Lista desplegable'!B$1:C$436,2,FALSE),"") -> ALVARO IGNACIO GODOY BRUNA | E50: =IFERROR(VLOOKUP(D50,'Lista desplegable'!C$1:D$436,2,FALSE),"") -> PERFORISTA | F50: 200-13 | G50: HQ | H50: 0-200 | I50: 11.4 | J50: PRESENTE | K50: SI | L50: SI
B51: 10 | C51: 15969452-6 | D51: =IFERROR(VLOOKUP(C51,'Lista desplegable'!B$1:C$436,2,FALSE),"") -> RICARDO ALEXIS LEMUS LOPEZ | E51: =IFERROR(VLOOKUP(D51,'Lista desplegable'!C$1:D$436,2,FALSE),"") -> AYUDANTE DE PERFORISTA | F51: 200-13 | G51: HQ | H51: 0-200 | I51: 11.4 | J51: PRESENTE | K51: SI | L51: SI
B52: 11 | C52: 18403269-4 | D52: =IFERROR(VLOOKUP(C52,'Lista desplegable'!B$1:C$436,2,FALSE),"") -> SEBASTIAN ANTONIO VALDERRAMA HERRERA | E52: =IFERROR(VLOOKUP(D52,'Lista desplegable'!C$1:D$436,2,FALSE),"") -> AYUDANTE DE PERFORISTA | F52: 200-13 | G52: HQ | H52: 0-200 | I52: 11.4 | J52: PRESENTE | K52: SI | L52: SI
B53: 12 | C53: 18012671-6 | D53: =IFERROR(VLOOKUP(C53,'Lista desplegable'!B$1:C$436,2,FALSE),"") -> GUILLERMO NICOLAS GODOY CARVAJAL | E53: =IFERROR(VLOOKUP(D53,'Lista desplegable'!C$1:D$436,2,FALSE),"") -> AYUDANTE DE PERFORISTA | F53: 200-13 | G53: HQ | H53: 0-200 | I53: 11.4 | J53: PRESENTE | K53: SI | L53: SI
B54: 13
B55: 14
B56: 15
B57: 16
B58: 17 | D58: =IFERROR(VLOOKUP(C58,'Lista desplegable'!B$1:C$436,2,FALSE),"") | E58: =IFERROR(VLOOKUP(D58,'Lista desplegable'!C$1:D$436,2,FALSE),"")
B59: 18 | D59: =IFERROR(VLOOKUP(C59,'Lista desplegable'!B$1:C$436,2,FALSE),"") | E59: =IFERROR(VLOOKUP(D59,'Lista desplegable'!C$1:D$436,2,FALSE),"")
B60: 19 | D60: =IFERROR(VLOOKUP(C60,'Lista desplegable'!B$1:C$436,2,FALSE),"") | E60: =IFERROR(VLOOKUP(D60,'Lista desplegable'!C$1:D$436,2,FALSE),"")
B61: 20 | D61: =IFERROR(VLOOKUP(C61,'Lista desplegable'!B$1:C$436,2,FALSE),"") | E61: =IFERROR(VLOOKUP(D61,'Lista desplegable'!C$1:D$436,2,FALSE),"")

Sheet 08-09
G2: DIA
D3: PROYECTO: | E3: CERRO BAYO / CHILE CHICO | G3: 46243
C6: TURNO DIA - B
B7: N° | C7: RUT | D7: NOMBRES Y APELLIDOS | E7: CARGO | F7: MAQUINA | G7: DIAMETRO | H7: ESCALA | I7: METROS | J7: ASISTENCIA | K7: WORKERA ENTRADA | L7: WORKERA SALIDA | M7: OBSERVACIONES
B8: 1 | C8: 44632507-8 | D8: =IFERROR(VLOOKUP(C8,'Lista desplegable'!B$1:C$436,2,FALSE),"") -> ANDREW JAMES WILSON . | E8: =IFERROR(VLOOKUP(D8,'Lista desplegable'!C$1:D$436,2,FALSE),"") -> PERFORISTA | F8: 200-13 | G8: HQ | H8: 0-200 | I8: 23,60 | J8: DESCANSO | M8: NO APLICA FIRMA, EXPATRIADO
B9: 2 | C9: 28935989-3 | D9: =IFERROR(VLOOKUP(C9,'Lista desplegable'!B$1:C$436,2,FALSE),"") -> STEWART PHILLIP WHITEHURST MEJIA | E9: =IFERROR(VLOOKUP(D9,'Lista desplegable'!C$1:D$436,2,FALSE),"") -> PERFORISTA | F9: 200-13 | G9: HQ | H9: 0-200 | I9: 23,60 | J9: PRESENTE | M9: NO APLICA FIRMA, EXPATRIADO
B10: 3 | C10: 18223319-6 | D10: =IFERROR(VLOOKUP(C10,'Lista desplegable'!B$1:C$436,2,FALSE),"") -> HANS YERKO MARQUEZ MUÑOZ | E10: =IFERROR(VLOOKUP(D10,'Lista desplegable'!C$1:D$436,2,FALSE),"") -> SUPERINTENDENTE DE MANTENCION | J10: OBSERVACIÓN | M10: ART 22
B11: 4 | C11: 15475908-5 | D11: =IFERROR(VLOOKUP(C11,'Lista desplegable'!B$1:C$436,2,FALSE),"") -> ISRAEL AARÓN VERGARA ELGUETA | E11: =IFERROR(VLOOKUP(D11,'Lista desplegable'!C$1:D$436,2,FALSE),"") -> ADMINISTRADOR DE CONTRATO | F11: 200-13 | G11: HQ | H11: 0-200 | I11: 23,60 | J11: PRESENTE | K11: SI | L11: SI
B12: 5 | C12: 18490734-8 | D12: =IFERROR(VLOOKUP(C12,'Lista desplegable'!B$1:C$436,2,FALSE),"") -> SIMONNE DE LA PAZ REYES BATLLE | E12: =IFERROR(VLOOKUP(D12,'Lista desplegable'!C$1:D$436,2,FALSE),"") -> ADMINISTRATIVO DE FAENA | F12: 200-13 | G12: HQ | H12: 0-200 | I12: 23,60 | J12: PRESENTE | K12: SI | L12: SI
B13: 6 | C13: 16892085-7 | D13: =IFERROR(VLOOKUP(C13,'Lista desplegable'!B$1:C$436,2,FALSE),"") -> MANUEL ALEJANDRO LISAMBARTH CARABANTES | E13: =IFERROR(VLOOKUP(D13,'Lista desplegable'!C$1:D$436,2,FALSE),"") -> ADMINISTRATIVO DE FAENA | F13: 200-13 | G13: HQ | H13: 0-200 | I13: 23,60 | J13: PRESENTE | K13: SI | L13: SI
B14: 7 | C14: 17697158-4 | D14: =IFERROR(VLOOKUP(C14,'Lista desplegable'!B$1:C$436,2,FALSE),"") -> RODRIGO ANDRES DIAZ INOSTROZA | E14: =IFERROR(VLOOKUP(D14,'Lista desplegable'!C$1:D$436,2,FALSE),"") -> BODEGUERO | F14: 200-13 | G14: HQ | H14: 0-200 | I14: 23,60 | J14: PRESENTE | K14: SI | L14: SI
B15: 8 | C15: 20456853-7 | D15: =IFERROR(VLOOKUP(C15,'Lista desplegable'!B$1:C$436,2,FALSE),"") -> CHRISTIAN DARIEM PIZARRO MUÑOZ | E15: =IFERROR(VLOOKUP(D15,'Lista desplegable'!C$1:D$436,2,FALSE),"") -> SOLDADOR | F15: 200-13 | G15: HQ | H15: 0-200 | I15: 23,60 | J15: PRESENTE | K15: SI | L15: SI
B16: 9 | C16: 17465056-K | D16: =IFERROR(VLOOKUP(C16,'Lista desplegable'!B$1:C$436,2,FALSE),"") -> DANIEL ANDRES ANDRADE AGUILAR | E16: =IFERROR(VLOOKUP(D16,'Lista desplegable'!C$1:D$436,2,FALSE),"") -> MECANICO | F16: 200-13 | G16: HQ | H16: 0-200 | I16: 23,60 | J16: PRESENTE | K16: SI | L16: SI
B17: 10 | C17: 19506189-0 | D17: =IFERROR(VLOOKUP(C17,'Lista desplegable'!B$1:C$436,2,FALSE),"") -> DIEGO NICOLAS GONZALEZ OLIVARES | E17: =IFERROR(VLOOKUP(D17,'Lista desplegable'!C$1:D$436,2,FALSE),"") -> MECANICO | F17: 200-13 | G17: HQ | H17: 0-200 | I17: 23,60 | J17: PRESENTE | K17: SI | L17: SI
B18: 11 | C18: 19518296-5 | D18: =IFERROR(VLOOKUP(C18,'Lista desplegable'!B$1:C$436,2,FALSE),"") -> JORGE ANDRES LICANQUEO PEREZ | E18: =IFERROR(VLOOKUP(D18,'Lista desplegable'!C$1:D$436,2,FALSE),"") -> MECANICO | F18: 200-13 | G18: HQ | H18: 0-200 | I18: 23,60 | J18: PRESENTE | K18: SI | L18: SI
B19: 12 | C19: 16981319-1 | D19: =IFERROR(VLOOKUP(C19,'Lista desplegable'!B$1:C$436,2,FALSE),"") -> MARCOS ANTONIO ALDEA BEROIZA | E19: =IFERROR(VLOOKUP(D19,'Lista desplegable'!C$1:D$436,2,FALSE),"") -> CHOFER | F19: 200-13 | G19: HQ | H19: 0-200 | I19: 23,60 | J19: PRESENTE | K19: SI | L19: SI
B20: 13 | C20: 14400090-0 | D20: =IFERROR(VLOOKUP(C20,'Lista desplegable'!B$1:C$436,2,FALSE),"") -> CARLOS ALBERTO RAMOS VELASQUEZ | E20: =IFERROR(VLOOKUP(D20,'Lista desplegable'!C$1:D$436,2,FALSE),"") -> SUPERVISOR DE OPERACIONES | F20: 200-13 | G20: HQ | H20: 0-200 | I20: 23,60 | J20: PRESENTE | K20: SI | L20: SI
B21: 14 | C21: 15196627-6 | D21: =IFERROR(VLOOKUP(C21,'Lista desplegable'!B$1:C$436,2,FALSE),"") -> NELSON PATRICIO FLORES SANHUEZA | E21: =IFERROR(VLOOKUP(D21,'Lista desplegable'!C$1:D$436,2,FALSE),"") -> PREVENCIONISTA DE RIESGOS | F21: 200-13 | G21: HQ | H21: 0-200 | I21: 23,60 | J21: PRESENTE | K21: SI | L21: SI
B22: 15 | C22: 12218170-7 | D22: =IFERROR(VLOOKUP(C22,'Lista desplegable'!B$1:C$436,2,FALSE),"") -> EDUARDO ANTONIO CASTILLO VALENZUELA | E22: =IFERROR(VLOOKUP(D22,'Lista desplegable'!C$1:D$436,2,FALSE),"") -> PERFORISTA | F22: 200-11 | G22: HQ | H22: 0-200 | I22: 0,00 | J22: PRESENTE | K22: SI | L22: SI | M22: CAMBIO DE PLATAFORMA
B23: 16 | C23: 19349619-9 | D23: =IFERROR(VLOOKUP(C23,'Lista desplegable'!B$1:C$436,2,FALSE),"") -> JEAN CHARLES CERDA ORREGO | E23: =IFERROR(VLOOKUP(D23,'Lista desplegable'!C$1:D$436,2,FALSE),"") -> AYUDANTE DE PERFORISTA | F23: 200-11 | G23: HQ | H23: 0-200 | I23: 0,00 | J23: PRESENTE | K23: SI | L23: SI | M23: CAMBIO DE PLATAFORMA
B24: 17 | C24: 16771866-3 | D24: =IFERROR(VLOOKUP(C24,'Lista desplegable'!B$1:C$436,2,FALSE),"") -> OMAR ANDRES ARAYA ZUÑIGA | E24: =IFERROR(VLOOKUP(D24,'Lista desplegable'!C$1:D$436,2,FALSE),"") -> AYUDANTE DE PERFORISTA | F24: 200-11 | G24: HQ | H24: 0-200 | I24: 0,00 | J24: PRESENTE | K24: SI | L24: SI | M24: CAMBIO DE PLATAFORMA
B25: 18 | C25: 19983747-8 | D25: =IFERROR(VLOOKUP(C25,'Lista desplegable'!B$1:C$436,2,FALSE),"") -> RUBEN IGNACIO CORTES BORBON | E25: =IFERROR(VLOOKUP(D25,'Lista desplegable'!C$1:D$436,2,FALSE),"") -> AYUDANTE DE PERFORISTA | F25: 200-11 | G25: HQ | H25: 0-200 | I25: 0,00 | J25: PRESENTE | K25: SI | L25: SI | M25: CAMBIO DE PLATAFORMA
B26: 19 | C26: 44599981-4 | D26: =IFERROR(VLOOKUP(C26,'Lista desplegable'!B$1:C$436,2,FALSE),"") -> DENYS SAUL VERGARA TOCAS | E26: =IFERROR(VLOOKUP(D26,'Lista desplegable'!C$1:D$436,2,FALSE),"") -> PERFORISTA | F26: 200-11 | G26: HQ | H26: 0-200 | I26: 0,00 | J26: PRESENTE | K26: SI | L26: SI
B27: 20 | C27: 20460401-0 | D27: =IFERROR(VLOOKUP(C27,'Lista desplegable'!B$1:C$436,2,FALSE),"") -> KEVIN ALEXIS NEYRA CORTES | E27: =IFERROR(VLOOKUP(D27,'Lista desplegable'!C$1:D$436,2,FALSE),"") -> PERFORISTA | F27: 200-13 | G27: HQ | H27: 0-200 | I27: 23,60 | J27: PRESENTE | K27: SI | L27: SI
B28: 21 | C28: 17980395-K | D28: =IFERROR(VLOOKUP(C28,'Lista desplegable'!B$1:C$436,2,FALSE),"") -> PATRICIO RENAN GONZALEZ CABELLO | E28: =IFERROR(VLOOKUP(D28,'Lista desplegable'!C$1:D$436,2,FALSE),"") -> AYUDANTE DE PERFORISTA | F28: 200-13 | G28: HQ | H28: 0-200 | I28: 23,60 | J28: PRESENTE | K28: SI | L28: SI
B29: 22 | C29: 20456931-2 | D29: =IFERROR(VLOOKUP(C29,'Lista desplegable'!B$1:C$436,2,FALSE),"") -> DIEGO BRANCO BARRAZA CHAVEZ | E29: =IFERROR(VLOOKUP(D29,'Lista desplegable'!C$1:D$436,2,FALSE),"") -> AYUDANTE DE PERFORISTA | F29: 200-13 | G29: HQ | H29: 0-200 | I29: 23,60 | J29: PRESENTE | K29: SI | L29: SI
B30: 23 | C30: 20774155-8 | D30: =IFERROR(VLOOKUP(C30,'Lista desplegable'!B$1:C$436,2,FALSE),"") -> OSCAR RODRIGO ARIAS LEIVA | E30: =IFERROR(VLOOKUP(D30,'Lista desplegable'!C$1:D$436,2,FALSE),"") -> AYUDANTE DE PERFORISTA | F30: 200-13 | G30: HQ | H30: 0-200 | I30: 23,60 | J30: PRESENTE | K30: SI | L30: SI
B31: 24 | C31: 11778172-0 | D31: =IFERROR(VLOOKUP(C31,'Lista desplegable'!B$1:C$436,2,FALSE),"") -> ORLANDO PATRICIO CONTRERAS RIOS | E31: =IFERROR(VLOOKUP(D31,'Lista desplegable'!C$1:D$436,2,FALSE),"") -> PERFORISTA | F31: 200-13 | G31: HQ | H31: 0-200 | I31: 23,60 | J31: PRESENTE | K31: SI | L31: SI
B32: 25 | C32: 20037472-K | D32: =IFERROR(VLOOKUP(C32,'Lista desplegable'!B$1:C$436,2,FALSE),"") -> ANGELO GIOVANNI BIZAMA ORELLANA | E32: =IFERROR(VLOOKUP(D32,'Lista desplegable'!C$1:D$436,2,FALSE),"") -> AYUDANTE DE PERFORISTA | J32: OBSERVACIÓN | M32: EN DOMICILIO A LA ESPERA DE SUBIR A FAENA
B33: 26 | C33: 15955871-1 | D33: =IFERROR(VLOOKUP(C33,'Lista desplegable'!B$1:C$436,2,FALSE),"") -> WALTER LISANDRO SALAS MESA | E33: =IFERROR(VLOOKUP(D33,'Lista desplegable'!C$1:D$436,2,FALSE),"") -> PERFORISTA | J33: OBSERVACIÓN | M33: EN DOMICILIO A LA ESPERA DE SUBIR A FAENA
B34: 27
B35: 28
B36: 29
B37: 30
C40: TURNO NOCHE - B
B41: N° | C41: RUT | D41: NOMBRES Y APELLIDOS | E41: CARGO | F41: MAQUINA | G41: DIAMETRO | H41: ESCALA | I41: METROS | J41: ASISTENCIA | K41: WORKERA ENTRADA | L41: WORKERA SALIDA | M41: OBSERVACIONES
B42: 1 | C42: 18494463-4 | D42: =IFERROR(VLOOKUP(C42,'Lista desplegable'!B$1:C$436,2,FALSE),"") -> RAUL ESTEBAN HERNANDEZ PIZARRO | E42: =IFERROR(VLOOKUP(D42,'Lista desplegable'!C$1:D$436,2,FALSE),"") -> PREVENCIONISTA DE RIESGOS | F42: 200-11 | G42: HQ | H42: 0-200 | I42: 4,50 | J42: PRESENTE | K42: SI | L42: SI
B43: 2 | C43: 44599978-4 | D43: =IFERROR(VLOOKUP(C43,'Lista desplegable'!B$1:C$436,2,FALSE),"") -> FRANCISCO PEDRO BORNAZ DELGADO | E43: =IFERROR(VLOOKUP(D43,'Lista desplegable'!C$1:D$436,2,FALSE),"") -> SUPERVISOR DE OPERACIONES | J43: DESCANSO
B44: 3 | C44: 17580584-2 | D44: =IFERROR(VLOOKUP(C44,'Lista desplegable'!B$1:C$436,2,FALSE),"") -> CAMILO FELIPE CRUZ MOLINA | E44: =IFERROR(VLOOKUP(D44,'Lista desplegable'!C$1:D$436,2,FALSE),"") -> SUPERVISOR DE OPERACIONES | F44: 200-11 | G44: HQ | H44: 0-200 | I44: 4,50 | J44: PRESENTE | K44: SI | L44: SI
B45: 4 | C45: 12707776-2 | D45: =IFERROR(VLOOKUP(C45,'Lista desplegable'!B$1:C$436,2,FALSE),"") -> RICARDO DE LAS NIEVES GUTIERREZ FUENTES | E45: =IFERROR(VLOOKUP(D45,'Lista desplegable'!C$1:D$436,2,FALSE),"") -> CHOFER | F45: 200-11 | G45: HQ | H45: 0-200 | I45: 4,50 | J45: PRESENTE | K45: SI | L45: SI
B46: 5 | C46: 26931695-0 | D46: =IFERROR(VLOOKUP(C46,'Lista desplegable'!B$1:C$436,2,FALSE),"") -> SEBASTIAN GONZALO ROJAS CLARO | E46: =IFERROR(VLOOKUP(D46,'Lista desplegable'!C$1:D$436,2,FALSE),"") -> MECANICO | F46: 200-11 | G46: HQ | H46: 0-200 | I46: 4,50 | J46: PRESENTE | K46: SI | L46: SI
B47: 6 | C47: 18665544-3 | D47: =IFERROR(VLOOKUP(C47,'Lista desplegable'!B$1:C$436,2,FALSE),"") -> DANIEL ANDRES VENEGAS CARRASCO | E47: =IFERROR(VLOOKUP(D47,'Lista desplegable'!C$1:D$436,2,FALSE),"") -> PERFORISTA | F47: 200-11 | G47: HQ | H47: 0-200 | I47: 4,50 | J47: PRESENTE | K47: SI | L47: SI
B48: 7 | C48: 19189343-3 | D48: =IFERROR(VLOOKUP(C48,'Lista desplegable'!B$1:C$436,2,FALSE),"") -> JOAQUIN IGNACIO TORO ALCAYAGA | E48: =IFERROR(VLOOKUP(D48,'Lista desplegable'!C$1:D$436,2,FALSE),"") -> AYUDANTE DE PERFORISTA | F48: 200-11 | G48: HQ | H48: 0-200 | I48: 4,50 | J48: PRESENTE | K48: SI | L48: SI
B49: 8 | C49: 12982701-7 | D49: =IFERROR(VLOOKUP(C49,'Lista desplegable'!B$1:C$436,2,FALSE),"") -> MARCO ANTONIO VELASQUEZ CIFUENTES | E49: =IFERROR(VLOOKUP(D49,'Lista desplegable'!C$1:D$436,2,FALSE),"") -> AYUDANTE DE PERFORISTA | F49: 200-11 | G49: HQ | H49: 0-200 | I49: 4,50 | J49: PRESENTE | K49: SI | L49: SI
B50: 9 | C50: 20168605-9 | D50: =IFERROR(VLOOKUP(C50,'Lista desplegable'!B$1:C$436,2,FALSE),"") -> ALVARO IGNACIO GODOY BRUNA | E50: =IFERROR(VLOOKUP(D50,'Lista desplegable'!C$1:D$436,2,FALSE),"") -> PERFORISTA | F50: 200-13 | G50: HQ | H50: 0-200 | I50: 0,00 | J50: PRESENTE | K50: SI | L50: SI
B51: 10 | C51: 15969452-6 | D51: =IFERROR(VLOOKUP(C51,'Lista desplegable'!B$1:C$436,2,FALSE),"") -> RICARDO ALEXIS LEMUS LOPEZ | E51: =IFERROR(VLOOKUP(D51,'Lista desplegable'!C$1:D$436,2,FALSE),"") -> AYUDANTE DE PERFORISTA | F51: 200-13 | G51: HQ | H51: 0-200 | I51: 0,00 | J51: PRESENTE | K51: SI | L51: SI
B52: 11 | C52: 18403269-4 | D52: =IFERROR(VLOOKUP(C52,'Lista desplegable'!B$1:C$436,2,FALSE),"") -> SEBASTIAN ANTONIO VALDERRAMA HERRERA | E52: =IFERROR(VLOOKUP(D52,'Lista desplegable'!C$1:D$436,2,FALSE),"") -> AYUDANTE DE PERFORISTA | F52: 200-13 | G52: HQ | H52: 0-200 | I52: 0,00 | J52: PRESENTE | K52: SI | L52: SI
B53: 12 | C53: 18012671-6 | D53: =IFERROR(VLOOKUP(C53,'Lista desplegable'!B$1:C$436,2,FALSE),"") -> GUILLERMO NICOLAS GODOY CARVAJAL | E53: =IFERROR(VLOOKUP(D53,'Lista desplegable'!C$1:D$436,2,FALSE),"") -> AYUDANTE DE PERFORISTA | F53: 200-13 | G53: HQ | H53: 0-200 | I53: 0,00 | J53: PRESENTE | K53: SI | L53: SI
B54: 13
B55: 14
B56: 15
B57: 16
B58: 17 | D58: =IFERROR(VLOOKUP(C58,'Lista desplegable'!B$1:C$436,2,FALSE),"") | E58: =IFERROR(VLOOKUP(D58,'Lista desplegable'!C$1:D$436,2,FALSE),"")
B59: 18 | D59: =IFERROR(VLOOKUP(C59,'Lista desplegable'!B$1:C$436,2,FALSE),"") | E59: =IFERROR(VLOOKUP(D59,'Lista desplegable'!C$1:D$436,2,FALSE),"")
B60: 19 | D60: =IFERROR(VLOOKUP(C60,'Lista desplegable'!B$1:C$436,2,FALSE),"") | E60: =IFERROR(VLOOKUP(D60,'Lista desplegable'!C$1:D$436,2,FALSE),"")
B61: 20 | D61: =IFERROR(VLOOKUP(C61,'Lista desplegable'!B$1:C$436,2,FALSE),"") | E61: =IFERROR(VLOOKUP(D61,'Lista desplegable'!C$1:D$436,2,FALSE),"")

Sheet 09-09
G2: DIA
D3: PROYECTO: | E3: CERRO BAYO / CHILE CHICO | G3: 46274
C6: TURNO DIA - B
B7: N° | C7: RUT | D7: NOMBRES Y APELLIDOS | E7: CARGO | F7: MAQUINA | G7: DIAMETRO | H7: ESCALA | I7: METROS | J7: ASISTENCIA | K7: WORKERA ENTRADA | L7: WORKERA SALIDA | M7: OBSERVACIONES
B8: 1 | C8: 44632507-8 | D8: =IFERROR(VLOOKUP(C8,'Lista desplegable'!B$1:C$436,2,FALSE),"") -> ANDREW JAMES WILSON . | E8: =IFERROR(VLOOKUP(D8,'Lista desplegable'!C$1:D$436,2,FALSE),"") -> PERFORISTA | F8: 200-11 | G8: HQ | H8: 0-200 | I8: 25,60 | J8: DESCANSO | M8: NO APLICA FIRMA, EXPATRIADO
B9: 2 | C9: 28935989-3 | D9: =IFERROR(VLOOKUP(C9,'Lista desplegable'!B$1:C$436,2,FALSE),"") -> STEWART PHILLIP WHITEHURST MEJIA | E9: =IFERROR(VLOOKUP(D9,'Lista desplegable'!C$1:D$436,2,FALSE),"") -> PERFORISTA | F9: 200-11 | G9: HQ | H9: 0-200 | I9: 25,60 | J9: PRESENTE | M9: NO APLICA FIRMA, EXPATRIADO
B10: 3 | C10: 18223319-6 | D10: =IFERROR(VLOOKUP(C10,'Lista desplegable'!B$1:C$436,2,FALSE),"") -> HANS YERKO MARQUEZ MUÑOZ | E10: =IFERROR(VLOOKUP(D10,'Lista desplegable'!C$1:D$436,2,FALSE),"") -> SUPERINTENDENTE DE MANTENCION | J10: OBSERVACIÓN | M10: ART 22
B11: 4 | C11: 15475908-5 | D11: =IFERROR(VLOOKUP(C11,'Lista desplegable'!B$1:C$436,2,FALSE),"") -> ISRAEL AARÓN VERGARA ELGUETA | E11: =IFERROR(VLOOKUP(D11,'Lista desplegable'!C$1:D$436,2,FALSE),"") -> ADMINISTRADOR DE CONTRATO | F11: 200-11 | G11: HQ | H11: 0-200 | I11: 25,60 | J11: PRESENTE | K11: SI | L11: SI
B12: 5 | C12: 18490734-8 | D12: =IFERROR(VLOOKUP(C12,'Lista desplegable'!B$1:C$436,2,FALSE),"") -> SIMONNE DE LA PAZ REYES BATLLE | E12: =IFERROR(VLOOKUP(D12,'Lista desplegable'!C$1:D$436,2,FALSE),"") -> ADMINISTRATIVO DE FAENA | F12: 200-11 | G12: HQ | H12: 0-200 | I12: 25,60 | J12: PRESENTE | K12: SI | L12: SI
B13: 6 | C13: 16892085-7 | D13: =IFERROR(VLOOKUP(C13,'Lista desplegable'!B$1:C$436,2,FALSE),"") -> MANUEL ALEJANDRO LISAMBARTH CARABANTES | E13: =IFERROR(VLOOKUP(D13,'Lista desplegable'!C$1:D$436,2,FALSE),"") -> ADMINISTRATIVO DE FAENA | F13: 200-11 | G13: HQ | H13: 0-200 | I13: 25,60 | J13: PRESENTE | K13: SI | L13: SI
B14: 7 | C14: 17697158-4 | D14: =IFERROR(VLOOKUP(C14,'Lista desplegable'!B$1:C$436,2,FALSE),"") -> RODRIGO ANDRES DIAZ INOSTROZA | E14: =IFERROR(VLOOKUP(D14,'Lista desplegable'!C$1:D$436,2,FALSE),"") -> BODEGUERO | F14: 200-11 | G14: HQ | H14: 0-200 | I14: 25,60 | J14: PRESENTE | K14: SI | L14: SI
B15: 8 | C15: 20456853-7 | D15: =IFERROR(VLOOKUP(C15,'Lista desplegable'!B$1:C$436,2,FALSE),"") -> CHRISTIAN DARIEM PIZARRO MUÑOZ | E15: =IFERROR(VLOOKUP(D15,'Lista desplegable'!C$1:D$436,2,FALSE),"") -> SOLDADOR | F15: 200-11 | G15: HQ | H15: 0-200 | I15: 25,60 | J15: PRESENTE | K15: SI | L15: SI
B16: 9 | C16: 17465056-K | D16: =IFERROR(VLOOKUP(C16,'Lista desplegable'!B$1:C$436,2,FALSE),"") -> DANIEL ANDRES ANDRADE AGUILAR | E16: =IFERROR(VLOOKUP(D16,'Lista desplegable'!C$1:D$436,2,FALSE),"") -> MECANICO | F16: 200-11 | G16: HQ | H16: 0-200 | I16: 25,60 | J16: PRESENTE | K16: SI | L16: SI
B17: 10 | C17: 19506189-0 | D17: =IFERROR(VLOOKUP(C17,'Lista desplegable'!B$1:C$436,2,FALSE),"") -> DIEGO NICOLAS GONZALEZ OLIVARES | E17: =IFERROR(VLOOKUP(D17,'Lista desplegable'!C$1:D$436,2,FALSE),"") -> MECANICO | F17: 200-11 | G17: HQ | H17: 0-200 | I17: 25,60 | J17: PRESENTE | K17: SI | L17: SI
B18: 11 | C18: 19518296-5 | D18: =IFERROR(VLOOKUP(C18,'Lista desplegable'!B$1:C$436,2,FALSE),"") -> JORGE ANDRES LICANQUEO PEREZ | E18: =IFERROR(VLOOKUP(D18,'Lista desplegable'!C$1:D$436,2,FALSE),"") -> MECANICO | F18: 200-11 | G18: HQ | H18: 0-200 | I18: 25,60 | J18: PRESENTE | K18: SI | L18: SI
B19: 12 | C19: 16981319-1 | D19: =IFERROR(VLOOKUP(C19,'Lista desplegable'!B$1:C$436,2,FALSE),"") -> MARCOS ANTONIO ALDEA BEROIZA | E19: =IFERROR(VLOOKUP(D19,'Lista desplegable'!C$1:D$436,2,FALSE),"") -> CHOFER | F19: 200-11 | G19: HQ | H19: 0-200 | I19: 25,60 | J19: PRESENTE | K19: SI | L19: SI
B20: 13 | C20: 14400090-0 | D20: =IFERROR(VLOOKUP(C20,'Lista desplegable'!B$1:C$436,2,FALSE),"") -> CARLOS ALBERTO RAMOS VELASQUEZ | E20: =IFERROR(VLOOKUP(D20,'Lista desplegable'!C$1:D$436,2,FALSE),"") -> SUPERVISOR DE OPERACIONES | F20: 200-11 | G20: HQ | H20: 0-200 | I20: 25,60 | J20: PRESENTE | K20: SI | L20: SI
B21: 14 | C21: 15196627-6 | D21: =IFERROR(VLOOKUP(C21,'Lista desplegable'!B$1:C$436,2,FALSE),"") -> NELSON PATRICIO FLORES SANHUEZA | E21: =IFERROR(VLOOKUP(D21,'Lista desplegable'!C$1:D$436,2,FALSE),"") -> PREVENCIONISTA DE RIESGOS | F21: 200-11 | G21: HQ | H21: 0-200 | I21: 25,60 | J21: PRESENTE | K21: SI | L21: SI
B22: 15 | C22: 12218170-7 | D22: =IFERROR(VLOOKUP(C22,'Lista desplegable'!B$1:C$436,2,FALSE),"") -> EDUARDO ANTONIO CASTILLO VALENZUELA | E22: =IFERROR(VLOOKUP(D22,'Lista desplegable'!C$1:D$436,2,FALSE),"") -> PERFORISTA | F22: 200-11 | G22: HQ | H22: 0-200 | I22: 25,60 | J22: PRESENTE | K22: SI | L22: SI
... B25: 18 | C25: 19983747-8 | D25: =IFERROR(VLOOKUP(C25,'Lista desplegable'!B$1:C$436,2,FALSE),"") -> RUBEN IGNACIO CORTES BORBON | E25: =IFERROR(VLOOKUP(D25,'Lista desplegable'!C$1:D$436,2,FALSE),"") -> AYUDANTE DE PERFORISTA | F25: 200-11 | G25: HQ | H25: 0-200 | I25: 25,60 | J25: PRESENTE | K25: SI | L25: SI
B26: 19 | C26: 44599981-4 | D26: =IFERROR(VLOOKUP(C26,'Lista desplegable'!B$1:C$436,2,FALSE),"") -> DENYS SAUL VERGARA TOCAS | E26: =IFERROR(VLOOKUP(D26,'Lista desplegable'!C$1:D$436,2,FALSE),"") -> PERFORISTA | F26: 200-11 | G26: HQ | H26: 0-200 | I26: 25,60 | J26: PRESENTE | K26: SI | L26: SI | M26: 14x14 03-09 al 16-09
B27: 20 | C27: 20460401-0 | D27: =IFERROR(VLOOKUP(C27,'Lista desplegable'!B$1:C$436,2,FALSE),"") -> KEVIN ALEXIS NEYRA CORTES | E27: =IFERROR(VLOOKUP(D27,'Lista desplegable'!C$1:D$436,2,FALSE),"") -> PERFORISTA | F27: 200-13 | G27: HQ | H27: 0-200 | I27: 21,10 | J27: PRESENTE | K27: SI | L27: SI
B28: 21 | C28: 17980395-K | D28: =IFERROR(VLOOKUP(C28,'Lista desplegable'!B$1:C$436,2,FALSE),"") -> PATRICIO RENAN GONZALEZ CABELLO | E28: =IFERROR(VLOOKUP(D28,'Lista desplegable'!C$1:D$436,2,FALSE),"") -> AYUDANTE DE PERFORISTA | F28: 200-13 | G28: HQ | H28: 0-200 | I28: 21,10 | J28: PRESENTE | K28: SI | L28: SI
B29: 22 | C29: 20456931-2 | D29: =IFERROR(VLOOKUP(C29,'Lista desplegable'!B$1:C$436,2,FALSE),"") -> DIEGO BRANCO BARRAZA CHAVEZ | E29: =IFERROR(VLOOKUP(D29,'Lista desplegable'!C$1:D$436,2,FALSE),"") -> AYUDANTE DE PERFORISTA | F29: 200-13 | G29: HQ | H29: 0-200 | I29: 21,10 | J29: PRESENTE | K29: SI | L29: SI
B30: 23 | C30: 20774155-8 | D30: =IFERROR(VLOOKUP(C30,'Lista desplegable'!B$1:C$436,2,FALSE),"") -> OSCAR RODRIGO ARIAS LEIVA | E30: =IFERROR(VLOOKUP(D30,'Lista desplegable'!C$1:D$436,2,FALSE),"") -> AYUDANTE DE PERFORISTA | F30: 200-13 | G30: HQ | H30: 0-200 | I30: 21,10 | J30: PRESENTE | K30: SI | L30: SI
B31: 24 | C31: 11778172-0 | D31: =IFERROR(VLOOKUP(C31,'Lista desplegable'!B$1:C$436,2,FALSE),"") -> ORLANDO PATRICIO CONTRERAS RIOS | E31: =IFERROR(VLOOKUP(D31,'Lista desplegable'!C$1:D$436,2,FALSE),"") -> PERFORISTA | F31: 200-13 | G31: HQ | H31: 0-200 | I31: 21,10 | J31: PRESENTE | K31: SI | L31: SI
B32: 25 | C32: 20037472-K | D32: =IFERROR(VLOOKUP(C32,'Lista desplegable'!B$1:C$436,2,FALSE),"") -> ANGELO GIOVANNI BIZAMA ORELLANA | E32: =IFERROR(VLOOKUP(D32,'Lista desplegable'!C$1:D$436,2,FALSE),"") -> AYUDANTE DE PERFORISTA | J32: OBSERVACIÓN | M32: EN DOMICILIO A LA ESPERA DE SUBIR A FAENA
B33: 26 | C33: 15955871-1 | D33: =IFERROR(VLOOKUP(C33,'Lista desplegable'!B$1:C$436,2,FALSE),"") -> WALTER LISANDRO SALAS MESA | E33: =IFERROR(VLOOKUP(D33,'Lista desplegable'!C$1:D$436,2,FALSE),"") -> PERFORISTA | J33: OBSERVACIÓN | M33: EN DOMICILIO A LA ESPERA DE SUBIR A FAENA
B34: 27
B35: 28
B36: 29
B37: 30
C40: TURNO NOCHE - B
B41: N° | C41: RUT | D41: NOMBRES Y APELLIDOS | E41: CARGO | F41: MAQUINA | G41: DIAMETRO | H41: ESCALA | I41: METROS | J41: ASISTENCIA | K41: WORKERA ENTRADA | L41: WORKERA SALIDA | M41: OBSERVACIONES
B42: 1 | C42: 18494463-4 | D42: =IFERROR(VLOOKUP(C42,'Lista desplegable'!B$1:C$436,2,FALSE),"") -> RAUL ESTEBAN HERNANDEZ PIZARRO | E42: =IFERROR(VLOOKUP(D42,'Lista desplegable'!C$1:D$436,2,FALSE),"") -> PREVENCIONISTA DE RIESGOS | F42: 200-13 | G42: HQ | H42: 0-200 | I42: 21,00 | J42: PRESENTE | K42: SI | L42: SI
B43: 2 | C43: 44599978-4 | D43: =IFERROR(VLOOKUP(C43,'Lista desplegable'!B$1:C$436,2,FALSE),"") -> FRANCISCO PEDRO BORNAZ DELGADO | E43: =IFERROR(VLOOKUP(D43,'Lista desplegable'!C$1:D$436,2,FALSE),"") -> SUPERVISOR DE OPERACIONES | J43: DESCANSO
B44: 3 | C44: 17580584-2 | D44: =IFERROR(VLOOKUP(C44,'Lista desplegable'!B$1:C$436,2,FALSE),"") -> CAMILO FELIPE CRUZ MOLINA | E44: =IFERROR(VLOOKUP(D44,'Lista desplegable'!C$1:D$436,2,FALSE),"") -> SUPERVISOR DE OPERACIONES | F44: 200-13 | G44: HQ | H44: 0-200 | I44: 21,00 | J44: PRESENTE | K44: SI | L44: SI
B45: 4 | C45: 12707776-2 | D45: =IFERROR(VLOOKUP(C45,'Lista desplegable'!B$1:C$436,2,FALSE),"") -> RICARDO DE LAS NIEVES GUTIERREZ FUENTES | E45: =IFERROR(VLOOKUP(D45,'Lista desplegable'!C$1:D$436,2,FALSE),"") -> CHOFER | F45: 200-13 | G45: HQ | H45: 0-200 | I45: 21,00 | J45: PRESENTE | K45: SI | L45: SI
B46: 5 | C46: 26931695-0 | D46: =IFERROR(VLOOKUP(C46,'Lista desplegable'!B$1:C$436,2,FALSE),"") -> SEBASTIAN GONZALO ROJAS CLARO | E46: =IFERROR(VLOOKUP(D46,'Lista desplegable'!C$1:D$436,2,FALSE),"") -> MECANICO | F46: 200-13 | G46: HQ | H46: 0-200 | I46: 21,00 | J46: PRESENTE | K46: SI | L46: SI
B47: 6 | C47: 18665544-3 | D47: =IFERROR(VLOOKUP(C47,'Lista desplegable'!B$1:C$436,2,FALSE),"") -> DANIEL ANDRES VENEGAS CARRASCO | E47: =IFERROR(VLOOKUP(D47,'Lista desplegable'!C$1:D$436,2,FALSE),"") -> PERFORISTA | F47: 200-11 | G47: HQ | H47: 0-200 | I47: 18,00 | J47: PRESENTE | K47: SI | L47: SI
B48: 7 | C48: 19189343-3 | D48: =IFERROR(VLOOKUP(C48,'Lista desplegable'!B$1:C$436,2,FALSE),"") -> JOAQUIN IGNACIO TORO ALCAYAGA | E48: =IFERROR(VLOOKUP(D48,'Lista desplegable'!C$1:D$436,2,FALSE),"") -> AYUDANTE DE PERFORISTA | F48: 200-11 | G48: HQ | H48: 0-200 | I48: 18,00 | J48: PRESENTE | K48: SI | L48: SI
B49: 8 | C49: 12982701-7 | D49: =IFERROR(VLOOKUP(C49,'Lista desplegable'!B$1:C$436,2,FALSE),"") -> MARCO ANTONIO VELASQUEZ CIFUENTES | E49: =IFERROR(VLOOKUP(D49,'Lista desplegable'!C$1:D$436,2,FALSE),"") -> AYUDANTE DE PERFORISTA | F49: 200-11 | G49: HQ | H49: 0-200 | I49: 18,00 | J49: PRESENTE | K49: SI | L49: SI
B50: 9 | C50: 20168605-9 | D50: =IFERROR(VLOOKUP(C50,'Lista desplegable'!B$1:C$436,2,FALSE),"") -> ALVARO IGNACIO GODOY BRUNA | E50: =IFERROR(VLOOKUP(D50,'Lista desplegable'!C$1:D$436,2,FALSE),"") -> PERFORISTA | F50: 200-13 | G50: HQ | H50: 0-200 | I50: 21,00 | J50: PRESENTE | K50: SI | L50: SI
B51: 10 | C51: 15969452-6 | D51: =IFERROR(VLOOKUP(C51,'Lista desplegable'!B$1:C$436,2,FALSE),"") -> RICARDO ALEXIS LEMUS LOPEZ | E51: =IFERROR(VLOOKUP(D51,'Lista desplegable'!C$1:D$436,2,FALSE),"") -> AYUDANTE DE PERFORISTA | F51: 200-13 | G51: HQ | H51: 0-200 | I51: 21,00 | J51: PRESENTE | K51: SI | L51: SI
B52: 11 | C52: 18403269-4 | D52: =IFERROR(VLOOKUP(C52,'Lista desplegable'!B$1:C$436,2,FALSE),"") -> SEBASTIAN ANTONIO VALDERRAMA HERRERA | E52: =IFERROR(VLOOKUP(D52,'Lista desplegable'!C$1:D$436,2,FALSE),"") -> AYUDANTE DE PERFORISTA | F52: 200-13 | G52: HQ | H52: 0-200 | I52: 21,00 | J52: PRESENTE | K52: SI | L52: SI
B53: 12 | C53: 18012671-6 | D53: =IFERROR(VLOOKUP(C53,'Lista desplegable'!B$1:C$436,2,FALSE),"") -> GUILLERMO NICOLAS GODOY CARVAJAL | E53: =IFERROR(VLOOKUP(D53,'Lista desplegable'!C$1:D$436,2,FALSE),"") -> AYUDANTE DE PERFORISTA | F53: 200-13 | G53: HQ | H53: 0-200 | I53: 21,00 | J53: PRESENTE | K53: SI | L53: SI
B54: 13
B55: 14
B56: 15
B57: 16
B58: 17 | D58: =IFERROR(VLOOKUP(C58,'Lista desplegable'!B$1:C$436,2,FALSE),"") | E58: =IFERROR(VLOOKUP(D58,'Lista desplegable'!C$1:D$436,2,FALSE),"")
B59: 18 | D59: =IFERROR(VLOOKUP(C59,'Lista desplegable'!B$1:C$436,2,FALSE),"") | E59: =IFERROR(VLOOKUP(D59,'Lista desplegable'!C$1:D$436,2,FALSE),"")
B60: 19 | D60: =IFERROR(VLOOKUP(C60,'Lista desplegable'!B$1:C$436,2,FALSE),"") | E60: =IFERROR(VLOOKUP(D60,'Lista desplegable'!C$1:D$436,2,FALSE),"")
B61: 20 | D61: =IFERROR(VLOOKUP(C61,'Lista desplegable'!B$1:C$436,2,FALSE),"") | E61: =IFERROR(VLOOKUP(D61,'Lista desplegable'!C$1:D$436,2,FALSE),"")

Sheet 10-09
G2: DIA
D3: PROYECTO: | E3: CERRO BAYO / CHILE CHICO | G3: 46304
C6: TURNO DIA - A
B7: N° | C7: RUT | D7: NOMBRES Y APELLIDOS | E7: CARGO | F7: MAQUINA | G7: DIAMETRO | H7: ESCALA | I7: METROS | J7: ASISTENCIA | K7: WORKERA ENTRADA | L7: WORKERA SALIDA | M7: OBSERVACIONES
B8: 1 | C8: 44632507-8 | D8: =IFERROR(VLOOKUP(C8,'Lista desplegable'!B$1:C$436,2,FALSE),"") -> ANDREW JAMES WILSON . | E8: =IFERROR(VLOOKUP(D8,'Lista desplegable'!C$1:D$436,2,FALSE),"") -> PERFORISTA | F8: 200/11 | G8: HQ | H8: 0-200 | I8: 27,00 | J8: DESCANSO | M8: NO APLICA FIRMA, EXPATRIADO
B9: 2 | C9: 28935989-3 | D9: =IFERROR(VLOOKUP(C9,'Lista desplegable'!B$1:C$436,2,FALSE),"") -> STEWART PHILLIP WHITEHURST MEJIA | E9: =IFERROR(VLOOKUP(D9,'Lista desplegable'!C$1:D$436,2,FALSE),"") -> PERFORISTA | F9: 200/11 | G9: HQ | H9: 0-200 | I9: 27,00 | J9: PRESENTE | M9: NO APLICA FIRMA, EXPATRIADO
B10: 3 | C10: 18223319-6 | D10: =IFERROR(VLOOKUP(C10,'Lista desplegable'!B$1:C$436,2,FALSE),"") -> HANS YERKO MARQUEZ MUÑOZ | E10: =IFERROR(VLOOKUP(D10,'Lista desplegable'!C$1:D$436,2,FALSE),"") -> SUPERINTENDENTE DE MANTENCION | J10: OBSERVACIÓN | M10: ART 22
B11: 4 | C11: 15475908-5 | D11: =IFERROR(VLOOKUP(C11,'Lista desplegable'!B$1:C$436,2,FALSE),"") -> ISRAEL AARÓN VERGARA ELGUETA | E11: =IFERROR(VLOOKUP(D11,'Lista desplegable'!C$1:D$436,2,FALSE),"") -> ADMINISTRADOR DE CONTRATO | F11: 200/11 | G11: HQ | H11: 0-200 | I11: 27,00 | J11: PRESENTE | K11: SI | L11: SI
B12: 5 | C12: 18490734-8 | D12: =IFERROR(VLOOKUP(C12,'Lista desplegable'!B$1:C$436,2,FALSE),"") -> SIMONNE DE LA PAZ REYES BATLLE | E12: =IFERROR(VLOOKUP(D12,'Lista desplegable'!C$1:D$436,2,FALSE),"") -> ADMINISTRATIVO DE FAENA | F12: 200/11 | G12: HQ | H12: 0-200 | I12: 27,00 | J12: PRESENTE | K12: SI | L12: SI
B13: 6 | C13: 17465056-K | D13: =IFERROR(VLOOKUP(C13,'Lista desplegable'!B$1:C$436,2,FALSE),"") -> DANIEL ANDRES ANDRADE AGUILAR | E13: =IFERROR(VLOOKUP(D13,'Lista desplegable'!C$1:D$436,2,FALSE),"") -> MECANICO | F13: 200/11 | G13: HQ | H13: 0-200 | I13: 27,00 | J13: PRESENTE | K13: SI | L13: SI
B14: 7 | C14: 17112278-3 | D14: =IFERROR(VLOOKUP(C14,'Lista desplegable'!B$1:C$436,2,FALSE),"") -> YONATHAN ALBERTO MOROSO CORTES | E14: =IFERROR(VLOOKUP(D14,'Lista desplegable'!C$1:D$436,2,FALSE),"") -> ADMINISTRATIVO SENIOR | F14: 200/11 | G14: HQ | H14: 0-200 | I14: 27,00 | J14: PRESENTE | K14: SI | L14: SI
B15: 8 | C15: 18328176-3 | D15: =IFERROR(VLOOKUP(C15,'Lista desplegable'!B$1:C$436,2,FALSE),"") -> DAVID AUGUSTO MARSHALL FLORES | E15: =IFERROR(VLOOKUP(D15,'Lista desplegable'!C$1:D$436,2,FALSE),"") -> BODEGUERO | F15: 200/11 | G15: HQ | H15: 0-200 | I15: 27,00 | J15: PRESENTE | K15: SI | L15: SI
B16: 9 | C16: 16290708-5 | D16: =IFERROR(VLOOKUP(C16,'Lista desplegable'!B$1:C$436,2,FALSE),"") -> RAUL MANUEL BUSTAMANTE CERON | E16: =IFERROR(VLOOKUP(D16,'Lista desplegable'!C$1:D$436,2,FALSE),"") -> SOLDADOR | F16: 200/11 | G16: HQ | H16: 0-200 | I16: 27,00 | J16: PRESENTE | K16: SI | L16: SI
B17: 10 | C17: 20944055-5 | D17: =IFERROR(VLOOKUP(C17,'Lista desplegable'!B$1:C$436,2,FALSE),"") -> JONATHAN ALEXANDER OLIVARES NATES | E17: =IFERROR(VLOOKUP(D17,'Lista desplegable'!C$1:D$436,2,FALSE),"") -> MECANICO | F17: 200/11 | G17: HQ | H17: 0-200 | I17: 27,00 | J17: PRESENTE | K17: SI | L17: SI
B18: 11 | C18: 16005822-6 | D18: =IFERROR(VLOOKUP(C18,'Lista desplegable'!B$1:C$436,2,FALSE),"") -> ROBERTO MAURICIO VERGARA NEGRETE | E18: =IFERROR(VLOOKUP(D18,'Lista desplegable'!C$1:D$436,2,FALSE),"") -> ELECTROMECÁNICO | F18: 200/11 | G18: HQ | H18: 0-200 | I18: 27,00 | J18: PRESENTE | K18: SI | L18: SI
B19: 12 | C19: 15977589-5 | D19: =IFERROR(VLOOKUP(C19,'Lista desplegable'!B$1:C$436,2,FALSE),"") -> CELSO ANDRES ORREGO OLIVARES | E19: =IFERROR(VLOOKUP(D19,'Lista desplegable'!C$1:D$436,2,FALSE),"") -> CHOFER | F19: 200/11 | G19: HQ | H19: 0-200 | I19: 27,00 | J19: PRESENTE | K19: SI | L19: SI
B20: 13 | C20: 18520328-K | D20: =IFERROR(VLOOKUP(C20,'Lista desplegable'!B$1:C$436,2,FALSE),"") -> RAUL ALEJANDRO RIVERO RIVERO | E20: =IFERROR(VLOOKUP(D20,'Lista desplegable'!C$1:D$436,2,FALSE),"") -> SUPERVISOR DE OPERACIONES | F20: 200/11 | G20: HQ | H20: 0-200 | I20: 27,00 | J20: PRESENTE | K20: SI | L20: SI
B21: 14 | C21: 18184052-8 | D21: =IFERROR(VLOOKUP(C21,'Lista desplegable'!B$1:C$436,2,FALSE),"") -> PABLO ANTONIO ALVAREZ CORTES | E21: =IFERROR(VLOOKUP(D21,'Lista desplegable'!C$1:D$436,2,FALSE),"") -> PREVENCIONISTA DE RIESGOS | F21: 200/11 | G21: HQ | H21: 0-200 | I21: 27,00 | J21: PRESENTE | K21: SI | L21: SI
B22: 15 | C22: 15134240-K | D22: =IFERROR(VLOOKUP(C22,'Lista desplegable'!B$1:C$436,2,FALSE),"") -> GUILLERMO ALFREDO CASTRO ZUÑIGA | E22: =IFERROR(VLOOKUP(D22,'Lista desplegable'!C$1:D$436,2,FALSE),"") -> PERFORISTA | F22: 200/11 | G22: HQ | H22: 0-200 | I22: 27,00 | J22: PRESENTE | K22: SI | L22: SI
... B29: 22 | C29: 44599981-4 | D29: =IFERROR(VLOOKUP(C29,'Lista desplegable'!B$1:C$436,2,FALSE),"") -> DENYS SAUL VERGARA TOCAS | E29: =IFERROR(VLOOKUP(D29,'Lista desplegable'!C$1:D$436,2,FALSE),"") -> PERFORISTA | F29: 200/13 | G29: HQ | H29: 0-200 | I29: 27,00 | J29: PRESENTE | K29: SI | L29: SI
B30: 23 | C30: 20037472-K | D30: =IFERROR(VLOOKUP(C30,'Lista desplegable'!B$1:C$436,2,FALSE),"") -> ANGELO GIOVANNI BIZAMA ORELLANA | E30: =IFERROR(VLOOKUP(D30,'Lista desplegable'!C$1:D$436,2,FALSE),"") -> AYUDANTE DE PERFORISTA | J30: OBSERVACIÓN | M30: EN DOMICILIO A LA ESPERA DE SUBIR A FAENA
B31: 24 | C31: 15955871-1 | D31: =IFERROR(VLOOKUP(C31,'Lista desplegable'!B$1:C$436,2,FALSE),"") -> WALTER LISANDRO SALAS MESA | E31: =IFERROR(VLOOKUP(D31,'Lista desplegable'!C$1:D$436,2,FALSE),"") -> PERFORISTA | J31: OBSERVACIÓN | M31: EN DOMICILIO A LA ESPERA DE SUBIR A FAENA
B32: 25
B33: 26
B34: 27
B35: 28
B36: 29
B37: 30
C40: TURNO NOCHE - A
B41: N° | C41: RUT | D41: NOMBRES Y APELLIDOS | E41: CARGO | F41: MAQUINA | G41: DIAMETRO | H41: ESCALA | I41: METROS | J41: ASISTENCIA | K41: WORKERA ENTRADA | L41: WORKERA SALIDA | M41: OBSERVACIONES
B42: 1 | C42: 44599978-4 | D42: =IFERROR(VLOOKUP(C42,'Lista desplegable'!B$1:C$436,2,FALSE),"") -> FRANCISCO PEDRO BORNAZ DELGADO | E42: =IFERROR(VLOOKUP(D42,'Lista desplegable'!C$1:D$436,2,FALSE),"") -> SUPERVISOR DE OPERACIONES | F42: 200/11 | G42: HQ | H42: 0-200 | I42: 27,00 | J42: PRESENTE | K42: SI | L42: NO
B43: 2 | C43: 9528480-9 | D43: =IFERROR(VLOOKUP(C43,'Lista desplegable'!B$1:C$436,2,FALSE),"") -> PATRICIO RICARDO OETIKER OYARZUN | E43: =IFERROR(VLOOKUP(D43,'Lista desplegable'!C$1:D$436,2,FALSE),"") -> PREVENCIONISTA DE RIESGOS | F43: 200/11 | G43: HQ | H43: 0-200 | I43: 27,00 | J43: PRESENTE | K43: SI | L43: NO | M43: INICIO DE TURNO
B44: 3 | C44: 16597409-3 | D44: =IFERROR(VLOOKUP(C44,'Lista desplegable'!B$1:C$436,2,FALSE),"") -> DANIEL ARMANDO LINDERMANN LINDERMANN | E44: =IFERROR(VLOOKUP(D44,'Lista desplegable'!C$1:D$436,2,FALSE),"") -> SUPERVISOR DE OPERACIONES | F44: 200/11 | G44: HQ | H44: 0-200 | I44: 27,00 | J44: PRESENTE | K44: SI | L44: NO | M44: INICIO DE TURNO
B45: 4 | C45: 17521166-7 | D45: =IFERROR(VLOOKUP(C45,'Lista desplegable'!B$1:C$436,2,FALSE),"") -> PABLO ROMARIO BOSSA ZAMORANO | E45: =IFERROR(VLOOKUP(D45,'Lista desplegable'!C$1:D$436,2,FALSE),"") -> CHOFER | F45: 200/11 | G45: HQ | H45: 0-200 | I45: 27,00 | J45: PRESENTE | K45: SI | L45: NO | M45: INICIO DE TURNO
B46: 5 | C46: 16684239-5 | D46: =IFERROR(VLOOKUP(C46,'Lista desplegable'!B$1:C$436,2,FALSE),"") -> MARIO ANDRES PUCHI CORTEZ | E46: =IFERROR(VLOOKUP(D46,'Lista desplegable'!C$1:D$436,2,FALSE),"") -> MECANICO | F46: 200/11 | G46: HQ | H46: 0-200 | I46: 27,00 | J46: PRESENTE | K46: SI | L46: NO | M46: INICIO DE TURNO
B47: 6 | C47: 17753119-7 | D47: =IFERROR(VLOOKUP(C47,'Lista desplegable'!B$1:C$436,2,FALSE),"") -> JOSE IGNACIO HERNANDEZ ARAYA | E47: =IFERROR(VLOOKUP(D47,'Lista desplegable'!C$1:D$436,2,FALSE),"") -> PERFORISTA | F47: 200/11 | G47: HQ | H47: 0-200 | I47: 27,00 | J47: PRESENTE | K47: SI | L47: NO | M47: INICIO DE TURNO
B48: 7 | C48: 15197539-9 | D48: =IFERROR(VLOOKUP(C48,'Lista desplegable'!B$1:C$436,2,FALSE),"") -> MARCELO ALEJANDRO INZUNZA ALARCON | E48: =IFERROR(VLOOKUP(D48,'Lista desplegable'!C$1:D$436,2,FALSE),"") -> AYUDANTE DE PERFORISTA | F48: 200/11 | G48: HQ | H48: 0-200 | I48: 27,00 | J48: PRESENTE | K48: SI | L48: NO | M48: INICIO DE TURNO
B49: 8 | C49: 12807074-5 | D49: =IFERROR(VLOOKUP(C49,'Lista desplegable'!B$1:C$436,2,FALSE),"") -> MANUEL ARNOLDO ALISTE OLIVARES | E49: =IFERROR(VLOOKUP(D49,'Lista desplegable'!C$1:D$436,2,FALSE),"") -> AYUDANTE DE PERFORISTA | F49: 200/11 | G49: HQ | H49: 0-200 | I49: 27,00 | J49: PRESENTE | K49: SI | L49: NO | M49: INICIO DE TURNO
B50: 9 | C50: 17388599-7 | D50: =IFERROR(VLOOKUP(C50,'Lista desplegable'!B$1:C$436,2,FALSE),"") -> PEDRO ENRIQUE BOLBARAN ROJAS | E50: =IFERROR(VLOOKUP(D50,'Lista desplegable'!C$1:D$436,2,FALSE),"") -> AYUDANTE DE PERFORISTA | F50: 200/11 | G50: HQ | H50: 0-200 | I50: 27,00 | J50: PRESENTE | K50: SI | L50: NO | M50: INICIO DE TURNO
B51: 10 | C51: 16755492-K | D51: =IFERROR(VLOOKUP(C51,'Lista desplegable'!B$1:C$436,2,FALSE),"") -> FELIPE ANDRES BOLBARAN ROJAS | E51: =IFERROR(VLOOKUP(D51,'Lista desplegable'!C$1:D$436,2,FALSE),"") -> PERFORISTA | F51: 200/13 | G51: HQ | H51: 0-200 | I51: 16,90 | J51: PRESENTE | K51: SI | L51: NO | M51: INICIO DE TURNO
B52: 11 | C52: 18494069-8 | D52: =IFERROR(VLOOKUP(C52,'Lista desplegable'!B$1:C$436,2,FALSE),"") -> OSCAR MANUEL ESPINOZA ESPINOZA | E52: =IFERROR(VLOOKUP(D52,'Lista desplegable'!C$1:D$436,2,FALSE),"") -> AYUDANTE DE PERFORISTA | F52: 200/13 | G52: HQ | H52: 0-200 | I52: 16,90 | J52: PRESENTE | K52: SI | L52: NO | M52: INICIO DE TURNO
B53: 12 | C53: 20308969-4 | D53: =IFERROR(VLOOKUP(C53,'Lista desplegable'!B$1:C$436,2,FALSE),"") -> NICOLAS ALBERTO CARVAJAL PASTEN | E53: =IFERROR(VLOOKUP(D53,'Lista desplegable'!C$1:D$436,2,FALSE),"") -> AYUDANTE DE PERFORISTA | F53: 200/13 | G53: HQ | H53: 0-200 | I53: 16,90 | J53: PRESENTE | K53: SI | L53: NO | M53: INICIO DE TURNO
B54: 13
B55: 14
B56: 15
B57: 16
B58: 17 | D58: =IFERROR(VLOOKUP(C58,'Lista desplegable'!B$1:C$436,2,FALSE),"") | E58: =IFERROR(VLOOKUP(D58,'Lista desplegable'!C$1:D$436,2,FALSE),"")
B59: 18 | D59: =IFERROR(VLOOKUP(C59,'Lista desplegable'!B$1:C$436,2,FALSE),"") | E59: =IFERROR(VLOOKUP(D59,'Lista desplegable'!C$1:D$436,2,FALSE),"")
B60: 19 | D60: =IFERROR(VLOOKUP(C60,'Lista desplegable'!B$1:C$436,2,FALSE),"") | E60: =IFERROR(VLOOKUP(D60,'Lista desplegable'!C$1:D$436,2,FALSE),"")
B61: 20 | D61: =IFERROR(VLOOKUP(C61,'Lista desplegable'!B$1:C$436,2,FALSE),"") | E61: =IFERROR(VLOOKUP(D61,'Lista desplegable'!C$1:D$436,2,FALSE),"")

Sheet 11-09
G2: DIA
D3: PROYECTO: | E3: CERRO BAYO / CHILE CHICO | G3: 46335
C6: TURNO DIA - A
B7: N° | C7: RUT | D7: NOMBRES Y APELLIDOS | E7: CARGO | F7: MAQUINA | G7: DIAMETRO | H7: ESCALA | I7: METROS | J7: ASISTENCIA | K7: WORKERA ENTRADA | L7: WORKERA SALIDA | M7: OBSERVACIONES
B8: 1 | C8: 44632507-8 | D8: =IFERROR(VLOOKUP(C8,'Lista desplegable'!B$1:C$436,2,FALSE),"") -> ANDREW JAMES WILSON . | E8: =IFERROR(VLOOKUP(D8,'Lista desplegable'!C$1:D$436,2,FALSE),"") -> PERFORISTA | F8: 200/13 | G8: HQ | H8: 0-200 | I8: 43,10 | J8: DESCANSO | M8: NO APLICA FIRMA, EXPATRIADO
B9: 2 | C9: 28935989-3 | D9: =IFERROR(VLOOKUP(C9,'Lista desplegable'!B$1:C$436,2,FALSE),"") -> STEWART PHILLIP WHITEHURST MEJIA | E9: =IFERROR(VLOOKUP(D9,'Lista desplegable'!C$1:D$436,2,FALSE),"") -> PERFORISTA | F9: 200/13 | G9: HQ | H9: 0-200 | I9: 43,10 | J9: PRESENTE | M9: NO APLICA FIRMA, EXPATRIADO
B10: 3 | C10: 18223319-6 | D10: =IFERROR(VLOOKUP(C10,'Lista desplegable'!B$1:C$436,2,FALSE),"") -> HANS YERKO MARQUEZ MUÑOZ | E10: =IFERROR(VLOOKUP(D10,'Lista desplegable'!C$1:D$436,2,FALSE),"") -> SUPERINTENDENTE DE MANTENCION | J10: OBSERVACIÓN | M10: ART 22
B11: 4 | C11: 15475908-5 | D11: =IFERROR(VLOOKUP(C11,'Lista desplegable'!B$1:C$436,2,FALSE),"") -> ISRAEL AARÓN VERGARA ELGUETA | E11: =IFERROR(VLOOKUP(D11,'Lista desplegable'!C$1:D$436,2,FALSE),"") -> ADMINISTRADOR DE CONTRATO | F11: 200/13 | G11: HQ | H11: 0-200 | I11: 43,10 | J11: PRESENTE | K11: SI | L11: SI
B12: 5 | C12: 18490734-8 | D12: =IFERROR(VLOOKUP(C12,'Lista desplegable'!B$1:C$436,2,FALSE),"") -> SIMONNE DE LA PAZ REYES BATLLE | E12: =IFERROR(VLOOKUP(D12,'Lista desplegable'!C$1:D$436,2,FALSE),"") -> ADMINISTRATIVO DE FAENA | J12: DESCANSO
B13: 6 | C13: 17465056-K | D13: =IFERROR(VLOOKUP(C13,'Lista desplegable'!B$1:C$436,2,FALSE),"") -> DANIEL ANDRES ANDRADE AGUILAR | E13: =IFERROR(VLOOKUP(D13,'Lista desplegable'!C$1:D$436,2,FALSE),"") -> MECANICO | F13: 200/13 | G13: HQ | H13: 0-200 | I13: 43,10 | J13: PRESENTE | K13: SI | L13: SI
B14: 7 | C14: 17112278-3 | D14: =IFERROR(VLOOKUP(C14,'Lista desplegable'!B$1:C$436,2,FALSE),"") -> YONATHAN ALBERTO MOROSO CORTES | E14: =IFERROR(VLOOKUP(D14,'Lista desplegable'!C$1:D$436,2,FALSE),"") -> ADMINISTRATIVO SENIOR | F14: 200/13 | G14: HQ | H14: 0-200 | I14: 43,10 | J14: PRESENTE | K14: SI | L14: SI
B15: 8 | C15: 18328176-3 | D15: =IFERROR(VLOOKUP(C15,'Lista desplegable'!B$1:C$436,2,FALSE),"") -> DAVID AUGUSTO MARSHALL FLORES | E15: =IFERROR(VLOOKUP(D15,'Lista desplegable'!C$1:D$436,2,FALSE),"") -> BODEGUERO | F15: 200/13 | G15: HQ | H15: 0-200 | I15: 43,10 | J15: PRESENTE | K15: SI | L15: SI
B16: 9 | C16: 16290708-5 | D16: =IFERROR(VLOOKUP(C16,'Lista desplegable'!B$1:C$436,2,FALSE),"") -> RAUL MANUEL BUSTAMANTE CERON | E16: =IFERROR(VLOOKUP(D16,'Lista desplegable'!C$1:D$436,2,FALSE),"") -> SOLDADOR | F16: 200/13 | G16: HQ | H16: 0-200 | I16: 43,10 | J16: PRESENTE | K16: SI | L16: SI
B17: 10 | C17: 20944055-5 | D17: =IFERROR(VLOOKUP(C17,'Lista desplegable'!B$1:C$436,2,FALSE),"") -> JONATHAN ALEXANDER OLIVARES NATES | E17: =IFERROR(VLOOKUP(D17,'Lista desplegable'!C$1:D$436,2,FALSE),"") -> MECANICO | F17: 200/13 | G17: HQ | H17: 0-200 | I17: 43,10 | J17: PRESENTE | K17: SI | L17: SI
B18: 11 | C18: 16005822-6 | D18: =IFERROR(VLOOKUP(C18,'Lista desplegable'!B$1:C$436,2,FALSE),"") -> ROBERTO MAURICIO VERGARA NEGRETE | E18: =IFERROR(VLOOKUP(D18,'Lista desplegable'!C$1:D$436,2,FALSE),"") -> ELECTROMECÁNICO | F18: 200/13 | G18: HQ | H18: 0-200 | I18: 43,10 | J18: PRESENTE | K18: SI | L18: SI
B19: 12 | C19: 15977589-5 | D19: =IFERROR(VLOOKUP(C19,'Lista desplegable'!B$1:C$436,2,FALSE),"") -> CELSO ANDRES ORREGO OLIVARES | E19: =IFERROR(VLOOKUP(D19,'Lista desplegable'!C$1:D$436,2,FALSE),"") -> CHOFER | F19: 200/13 | G19: HQ | H19: 0-200 | I19: 43,10 | J19: PRESENTE | K19: SI | L19: SI
B20: 13 | C20: 18520328-K | D20: =IFERROR(VLOOKUP(C20,'Lista desplegable'!B$1:C$436,2,FALSE),"") -> RAUL ALEJANDRO RIVERO RIVERO | E20: =IFERROR(VLOOKUP(D20,'Lista desplegable'!C$1:D$436,2,FALSE),"") -> SUPERVISOR DE OPERACIONES | F20: 200/13 | G20: HQ | H20: 0-200 | I20: 43,10 | J20: PRESENTE | K20: SI | L20: SI
B21: 14 | C21: 18184052-8 | D21: =IFERROR(VLOOKUP(C21,'Lista desplegable'!B$1:C$436,2,FALSE),"") -> PABLO ANTONIO ALVAREZ CORTES | E21: =IFERROR(VLOOKUP(D21,'Lista desplegable'!C$1:D$436,2,FALSE),"") -> PREVENCIONISTA DE RIESGOS | F21: 200/13 | G21: HQ | H21: 0-200 | I21: 43,10 | J21: PRESENTE | K21: SI | L21: SI
B22: 15 | C22: 15134240-K | D22: =IFERROR(VLOOKUP(C22,'Lista desplegable'!B$1:C$436,2,FALSE),"") -> GUILLERMO ALFREDO CASTRO ZUÑIGA | E22: =IFERROR(VLOOKUP(D22,'Lista desplegable'!C$1:D$436,2,FALSE),"") -> PERFORISTA | F22: 200/11 | G22: HQ | H22: 0-200 | I22: 15,90 | J22: PRESENTE | K22: SI | L22: SI
B23: 16 | C23: 15608134-5 | D23: =IFERROR(VLOOKUP(C23,'Lista desplegable'!B$1:C$436,2,FALSE),"") -> RICKY DONNELLY ARAVENA POBLETE | E23: =IFERROR(VLOOKUP(D23,'Lista desplegable'!C$1:D$436,2,FALSE),"") -> AYUDANTE DE PERFORISTA | F23: 200/11 | G23: HQ | H23: 0-200 | I23: 15,90 | J23: PRESENTE | K23: SI | L23: SI
B24: 17 | C24: 16755649-3 | D24: =IFERROR(VLOOKUP(C24,'Lista desplegable'!B$1:C$436,2,FALSE),"") -> CHRISTOFER HUESLY OLIVARES FERNANDEZ | E24: =IFERROR(VLOOKUP(D24,'Lista desplegable'!C$1:D$436,2,FALSE),"") -> AYUDANTE DE PERFORISTA | F24: 200/11 | G24: HQ | H24: 0-200 | I24: 15,90 | J24: PRESENTE | K24: SI | L24: SI
... B29: 22 | C29: 44599981-4 | D29: =IFERROR(VLOOKUP(C29,'Lista desplegable'!B$1:C$436,2,FALSE),"") -> DENYS SAUL VERGARA TOCAS | E29: =IFERROR(VLOOKUP(D29,'Lista desplegable'!C$1:D$436,2,FALSE),"") -> PERFORISTA | F29: 200/13 | G29: HQ | H29: 0-200 | I29: 43,10 | J29: PRESENTE | K29: SI | L29: SI
B30: 23 | C30: 20037472-K | D30: =IFERROR(VLOOKUP(C30,'Lista desplegable'!B$1:C$436,2,FALSE),"") -> ANGELO GIOVANNI BIZAMA ORELLANA | E30: =IFERROR(VLOOKUP(D30,'Lista desplegable'!C$1:D$436,2,FALSE),"") -> AYUDANTE DE PERFORISTA | J30: OBSERVACIÓN | M30: EN DOMICILIO A LA ESPERA DE SUBIR A FAENA
B31: 24 | C31: 15955871-1 | D31: =IFERROR(VLOOKUP(C31,'Lista desplegable'!B$1:C$436,2,FALSE),"") -> WALTER LISANDRO SALAS MESA | E31: =IFERROR(VLOOKUP(D31,'Lista desplegable'!C$1:D$436,2,FALSE),"") -> PERFORISTA | J31: OBSERVACIÓN | M31: EN DOMICILIO A LA ESPERA DE SUBIR A FAENA
B32: 25
B33: 26
B34: 27
B35: 28
B36: 29
B37: 30
C40: TURNO NOCHE - A
B41: N° | C41: RUT | D41: NOMBRES Y APELLIDOS | E41: CARGO | F41: MAQUINA | G41: DIAMETRO | H41: ESCALA | I41: METROS | J41: ASISTENCIA | K41: WORKERA ENTRADA | L41: WORKERA SALIDA | M41: OBSERVACIONES
B42: 1 | C42: 44599978-4 | D42: =IFERROR(VLOOKUP(C42,'Lista desplegable'!B$1:C$436,2,FALSE),"") -> FRANCISCO PEDRO BORNAZ DELGADO | E42: =IFERROR(VLOOKUP(D42,'Lista desplegable'!C$1:D$436,2,FALSE),"") -> SUPERVISOR DE OPERACIONES | F42: 200/13 | G42: HQ | H42: 0-200 | I42: 42,00 | J42: PRESENTE | K42: SI | L42: SI
B43: 2 | C43: 9528480-9 | D43: =IFERROR(VLOOKUP(C43,'Lista desplegable'!B$1:C$436,2,FALSE),"") -> PATRICIO RICARDO OETIKER OYARZUN | E43: =IFERROR(VLOOKUP(D43,'Lista desplegable'!C$1:D$436,2,FALSE),"") -> PREVENCIONISTA DE RIESGOS | F43: 200/13 | G43: HQ | H43: 0-200 | I43: 42,00 | J43: PRESENTE | K43: SI | L43: SI
B44: 3 | C44: 16597409-3 | D44: =IFERROR(VLOOKUP(C44,'Lista desplegable'!B$1:C$436,2,FALSE),"") -> DANIEL ARMANDO LINDERMANN LINDERMANN | E44: =IFERROR(VLOOKUP(D44,'Lista desplegable'!C$1:D$436,2,FALSE),"") -> SUPERVISOR DE OPERACIONES | F44: 200/13 | G44: HQ | H44: 0-200 | I44: 42,00 | J44: PRESENTE | K44: SI | L44: SI
B45: 4 | C45: 17521166-7 | D45: =IFERROR(VLOOKUP(C45,'Lista desplegable'!B$1:C$436,2,FALSE),"") -> PABLO ROMARIO BOSSA ZAMORANO | E45: =IFERROR(VLOOKUP(D45,'Lista desplegable'!C$1:D$436,2,FALSE),"") -> CHOFER | F45: 200/13 | G45: HQ | H45: 0-200 | I45: 42,00 | J45: PRESENTE | K45: SI | L45: SI
B46: 5 | C46: 16684239-5 | D46: =IFERROR(VLOOKUP(C46,'Lista desplegable'!B$1:C$436,2,FALSE),"") -> MARIO ANDRES PUCHI CORTEZ | E46: =IFERROR(VLOOKUP(D46,'Lista desplegable'!C$1:D$436,2,FALSE),"") -> MECANICO | F46: 200/13 | G46: HQ | H46: 0-200 | I46: 42,00 | J46: PRESENTE | K46: SI | L46: SI
B47: 6 | C47: 17753119-7 | D47: =IFERROR(VLOOKUP(C47,'Lista desplegable'!B$1:C$436,2,FALSE),"") -> JOSE IGNACIO HERNANDEZ ARAYA | E47: =IFERROR(VLOOKUP(D47,'Lista desplegable'!C$1:D$436,2,FALSE),"") -> PERFORISTA | F47: 200/11 | G47: HQ | H47: 0-200 | I47: 6,60 | J47: PRESENTE | K47: SI | L47: SI
B48: 7 | C48: 15197539-9 | D48: =IFERROR(VLOOKUP(C48,'Lista desplegable'!B$1:C$436,2,FALSE),"") -> MARCELO ALEJANDRO INZUNZA ALARCON | E48: =IFERROR(VLOOKUP(D48,'Lista desplegable'!C$1:D$436,2,FALSE),"") -> AYUDANTE DE PERFORISTA | F48: 200/11 | G48: HQ | H48: 0-200 | I48: 6,60 | J48: PRESENTE | K48: SI | L48: SI
B49: 8 | C49: 12807074-5 | D49: =IFERROR(VLOOKUP(C49,'Lista desplegable'!B$1:C$436,2,FALSE),"") -> MANUEL ARNOLDO ALISTE OLIVARES | E49: =IFERROR(VLOOKUP(D49,'Lista desplegable'!C$1:D$436,2,FALSE),"") -> AYUDANTE DE PERFORISTA | F49: 200/11 | G49: HQ | H49: 0-200 | I49: 6,60 | J49: PRESENTE | K49: SI | L49: SI
B50: 9 | C50: 17388599-7 | D50: =IFERROR(VLOOKUP(C50,'Lista desplegable'!B$1:C$436,2,FALSE),"") -> PEDRO ENRIQUE BOLBARAN ROJAS | E50: =IFERROR(VLOOKUP(D50,'Lista desplegable'!C$1:D$436,2,FALSE),"") -> AYUDANTE DE PERFORISTA | F50: 200/11 | G50: HQ | H50: 0-200 | I50: 6,60 | J50: PRESENTE | K50: SI | L50: SI
B51: 10 | C51: 16755492-K | D51: =IFERROR(VLOOKUP(C51,'Lista desplegable'!B$1:C$436,2,FALSE),"") -> FELIPE ANDRES BOLBARAN ROJAS | E51: =IFERROR(VLOOKUP(D51,'Lista desplegable'!C$1:D$436,2,FALSE),"") -> PERFORISTA | F51: 200/13 | G51: HQ | H51: 0-200 | I51: 42,00 | J51: PRESENTE | K51: SI | L51: SI
B52: 11 | C52: 18494069-8 | D52: =IFERROR(VLOOKUP(C52,'Lista desplegable'!B$1:C$436,2,FALSE),"") -> OSCAR MANUEL ESPINOZA ESPINOZA | E52: =IFERROR(VLOOKUP(D52,'Lista desplegable'!C$1:D$436,2,FALSE),"") -> AYUDANTE DE PERFORISTA | F52: 200/13 | G52: HQ | H52: 0-200 | I52: 42,00 | J52: PRESENTE | K52: SI | L52: SI
B53: 12 | C53: 20308969-4 | D53: =IFERROR(VLOOKUP(C53,'Lista desplegable'!B$1:C$436,2,FALSE),"") -> NICOLAS ALBERTO CARVAJAL PASTEN | E53: =IFERROR(VLOOKUP(D53,'Lista desplegable'!C$1:D$436,2,FALSE),"") -> AYUDANTE DE PERFORISTA | F53: 200/13 | G53: HQ | H53: 0-200 | I53: 42,00 | J53: PRESENTE | K53: SI | L53: SI
B54: 13
B55: 14
B56: 15
B57: 16
B58: 17 | D58: =IFERROR(VLOOKUP(C58,'Lista desplegable'!B$1:C$436,2,FALSE),"") | E58: =IFERROR(VLOOKUP(D58,'Lista desplegable'!C$1:D$436,2,FALSE),"")
B59: 18 | D59: =IFERROR(VLOOKUP(C59,'Lista desplegable'!B$1:C$436,2,FALSE),"") | E59: =IFERROR(VLOOKUP(D59,'Lista desplegable'!C$1:D$436,2,FALSE),"")
B60: 19 | D60: =IFERROR(VLOOKUP(C60,'Lista desplegable'!B$1:C$436,2,FALSE),"") | E60: =IFERROR(VLOOKUP(D60,'Lista desplegable'!C$1:D$436,2,FALSE),"")
B61: 20 | D61: =IFERROR(VLOOKUP(C61,'Lista desplegable'!B$1:C$436,2,FALSE),"") | E61: =IFERROR(VLOOKUP(D61,'Lista desplegable'!C$1:D$436,2,FALSE),"")

Sheet 12-09
G2: DIA
D3: PROYECTO: | E3: CERRO BAYO / CHILE CHICO | G3: 46365
C6: TURNO DIA - A
B7: N° | C7: RUT | D7: NOMBRES Y APELLIDOS | E7: CARGO | F7: MAQUINA | G7: DIAMETRO | H7: ESCALA | I7: METROS | J7: ASISTENCIA | K7: WORKERA ENTRADA | L7: WORKERA SALIDA | M7: OBSERVACIONES
B8: 1 | C8: 44632507-8 | D8: =IFERROR(VLOOKUP(C8,'Lista desplegable'!B$1:C$436,2,FALSE),"") -> ANDREW JAMES WILSON . | E8: =IFERROR(VLOOKUP(D8,'Lista desplegable'!C$1:D$436,2,FALSE),"") -> PERFORISTA | F8: 200/11 | G8: HQ | H8: 0-200 | I8: 41,60 | J8: PRESENTE | M8: NO APLICA FIRMA, EXPATRIADO
B9: 2 | C9: 28935989-3 | D9: =IFERROR(VLOOKUP(C9,'Lista desplegable'!B$1:C$436,2,FALSE),"") -> STEWART PHILLIP WHITEHURST MEJIA | E9: =IFERROR(VLOOKUP(D9,'Lista desplegable'!C$1:D$436,2,FALSE),"") -> PERFORISTA | J9: DESCANSO
B10: 3 | C10: 15475908-5 | D10: =IFERROR(VLOOKUP(C10,'Lista desplegable'!B$1:C$436,2,FALSE),"") -> ISRAEL AARÓN VERGARA ELGUETA | E10: =IFERROR(VLOOKUP(D10,'Lista desplegable'!C$1:D$436,2,FALSE),"") -> ADMINISTRADOR DE CONTRATO | F10: 200/11 | G10: HQ | H10: 0-200 | I10: 41,60 | J10: PRESENTE | K10: SI | L10: SI
B11: 4 | C11: 18490734-8 | D11: =IFERROR(VLOOKUP(C11,'Lista desplegable'!B$1:C$436,2,FALSE),"") -> SIMONNE DE LA PAZ REYES BATLLE | E11: =IFERROR(VLOOKUP(D11,'Lista desplegable'!C$1:D$436,2,FALSE),"") -> ADMINISTRATIVO DE FAENA | J11: DESCANSO
B12: 5 | C12: 17465056-K | D12: =IFERROR(VLOOKUP(C12,'Lista desplegable'!B$1:C$436,2,FALSE),"") -> DANIEL ANDRES ANDRADE AGUILAR | E12: =IFERROR(VLOOKUP(D12,'Lista desplegable'!C$1:D$436,2,FALSE),"") -> MECANICO | F12: 200/11 | G12: HQ | H12: 0-200 | I12: 41,60 | J12: PRESENTE | K12: SI | L12: SI
B13: 6 | C13: 17112278-3 | D13: =IFERROR(VLOOKUP(C13,'Lista desplegable'!B$1:C$436,2,FALSE),"") -> YONATHAN ALBERTO MOROSO CORTES | E13: =IFERROR(VLOOKUP(D13,'Lista desplegable'!C$1:D$436,2,FALSE),"") -> ADMINISTRATIVO SENIOR | F13: 200/11 | G13: HQ | H13: 0-200 | I13: 41,60 | J13: PRESENTE | K13: SI | L13: SI
B14: 7 | C14: 18328176-3 | D14: =IFERROR(VLOOKUP(C14,'Lista desplegable'!B$1:C$436,2,FALSE),"") -> DAVID AUGUSTO MARSHALL FLORES | E14: =IFERROR(VLOOKUP(D14,'Lista desplegable'!C$1:D$436,2,FALSE),"") -> BODEGUERO | F14: 200/11 | G14: HQ | H14: 0-200 | I14: 41,60 | J14: PRESENTE | K14: SI | L14: SI
B15: 8 | C15: 16290708-5 | D15: =IFERROR(VLOOKUP(C15,'Lista desplegable'!B$1:C$436,2,FALSE),"") -> RAUL MANUEL BUSTAMANTE CERON | E15: =IFERROR(VLOOKUP(D15,'Lista desplegable'!C$1:D$436,2,FALSE),"") -> SOLDADOR | F15: 200/11 | G15: HQ | H15: 0-200 | I15: 41,60 | J15: PRESENTE | K15: SI | L15: SI
B16: 9 | C16: 20944055-5 | D16: =IFERROR(VLOOKUP(C16,'Lista desplegable'!B$1:C$436,2,FALSE),"") -> JONATHAN ALEXANDER OLIVARES NATES | E16: =IFERROR(VLOOKUP(D16,'Lista desplegable'!C$1:D$436,2,FALSE),"") -> MECANICO | F16: 200/11 | G16: HQ | H16: 0-200 | I16: 41,60 | J16: PRESENTE | K16: SI | L16: SI
B17: 10 | C17: 16005822-6 | D17: =IFERROR(VLOOKUP(C17,'Lista desplegable'!B$1:C$436,2,FALSE),"") -> ROBERTO MAURICIO VERGARA NEGRETE | E17: =IFERROR(VLOOKUP(D17,'Lista desplegable'!C$1:D$436,2,FALSE),"") -> ELECTROMECÁNICO | F17: 200/11 | G17: HQ | H17: 0-200 | I17: 41,60 | J17: PRESENTE | K17: SI | L17: SI
B18: 11 | C18: 15977589-5 | D18: =IFERROR(VLOOKUP(C18,'Lista desplegable'!B$1:C$436,2,FALSE),"") -> CELSO ANDRES ORREGO OLIVARES | E18: =IFERROR(VLOOKUP(D18,'Lista desplegable'!C$1:D$436,2,FALSE),"") -> CHOFER | F18: 200/11 | G18: HQ | H18: 0-200 | I18: 41,60 | J18: PRESENTE | K18: SI | L18: SI
B19: 12 | C19: 18520328-K | D19: =IFERROR(VLOOKUP(C19,'Lista desplegable'!B$1:C$436,2,FALSE),"") -> RAUL ALEJANDRO RIVERO RIVERO | E19: =IFERROR(VLOOKUP(D19,'Lista desplegable'!C$1:D$436,2,FALSE),"") -> SUPERVISOR DE OPERACIONES | F19: 200/11 | G19: HQ | H19: 0-200 | I19: 41,60 | J19: PRESENTE | K19: SI | L19: SI
B20: 13 | C20: 18184052-8 | D20: =IFERROR(VLOOKUP(C20,'Lista desplegable'!B$1:C$436,2,FALSE),"") -> PABLO ANTONIO ALVAREZ CORTES | E20: =IFERROR(VLOOKUP(D20,'Lista desplegable'!C$1:D$436,2,FALSE),"") -> PREVENCIONISTA DE RIESGOS | F20: 200/11 | G20: HQ | H20: 0-200 | I20: 41,60 | J20: PRESENTE | K20: SI | L20: SI
B21: 14 | C21: 15134240-K | D21: =IFERROR(VLOOKUP(C21,'Lista desplegable'!B$1:C$436,2,FALSE),"") -> GUILLERMO ALFREDO CASTRO ZUÑIGA | E21: =IFERROR(VLOOKUP(D21,'Lista desplegable'!C$1:D$436,2,FALSE),"") -> PERFORISTA | F21: 200/11 | G21: HQ | H21: 0-200 | I21: 41,60 | J21: PRESENTE | K21: SI | L21: SI
B22: 15 | C22: 15608134-5 | D22: =IFERROR(VLOOKUP(C22,'Lista desplegable'!B$1:C$436,2,FALSE),"") -> RICKY DONNELLY ARAVENA POBLETE | E22: =IFERROR(VLOOKUP(D22,'Lista desplegable'!C$1:D$436,2,FALSE),"") -> AYUDANTE DE PERFORISTA | F22: 200/11 | G22: HQ | H22: 0-200 | I22: 41,60 | J22: PRESENTE | K22: SI | L22: SI
B23: 16 | C23: 16755649-3 | D23: =IFERROR(VLOOKUP(C23,'Lista desplegable'!B$1:C$436,2,FALSE),"") -> CHRISTOFER HUESLY OLIVARES FERNANDEZ | E23: =IFERROR(VLOOKUP(D23,'Lista desplegable'!C$1:D$436,2,FALSE),"") -> AYUDANTE DE PERFORISTA | F23: 200/11 | G23: HQ | H23: 0-200 | I23: 41,60 | J23: PRESENTE | K23: SI | L23: SI
... B27: 20 | C27: 18987429-4 | D27: =IFERROR(VLOOKUP(C27,'Lista desplegable'!B$1:C$436,2,FALSE),"") -> SEBASTIAN ALEJANDRO ARANEDA MILLAR | E27: =IFERROR(VLOOKUP(D27,'Lista desplegable'!C$1:D$436,2,FALSE),"") -> AYUDANTE DE PERFORISTA | F27: 200/13 | G27: HQ | H27: 0-200 | I27: 13,90 | J27: PRESENTE | K27: SI | L27: SI
B28: 21 | C28: 20037472-K | D28: =IFERROR(VLOOKUP(C28,'Lista desplegable'!B$1:C$436,2,FALSE),"") -> ANGELO GIOVANNI BIZAMA ORELLANA | E28: =IFERROR(VLOOKUP(D28,'Lista desplegable'!C$1:D$436,2,FALSE),"") -> AYUDANTE DE PERFORISTA | F28: 200/13 | G28: HQ | H28: 0-200 | I28: 43,10 | J28: PRESENTE | K28: SI | L28: SI | M28: EN DOMICILIO A LA ESPERA DE SUBIR A FAENA
B29: 22 | C29: 15955871-1 | D29: =IFERROR(VLOOKUP(C29,'Lista desplegable'!B$1:C$436,2,FALSE),"") -> WALTER LISANDRO SALAS MESA | E29: =IFERROR(VLOOKUP(D29,'Lista desplegable'!C$1:D$436,2,FALSE),"") -> PERFORISTA | F29: 200/13 | G29: HQ | H29: 0-200 | I29: 43,10 | J29: PRESENTE | K29: SI | L29: SI | M29: EN DOMICILIO A LA ESPERA DE SUBIR A FAENA
B30: 23
B31: 24
B32: 25
B33: 26
B34: 27
B35: 28
B36: 29
B37: 30
C40: TURNO NOCHE - A
B41: N° | C41: RUT | D41: NOMBRES Y APELLIDOS | E41: CARGO | F41: MAQUINA | G41: DIAMETRO | H41: ESCALA | I41: METROS | J41: ASISTENCIA | K41: WORKERA ENTRADA | L41: WORKERA SALIDA | M41: OBSERVACIONES
B42: 1 | C42: 44599978-4 | D42: =IFERROR(VLOOKUP(C42,'Lista desplegable'!B$1:C$436,2,FALSE),"") -> FRANCISCO PEDRO BORNAZ DELGADO | E42: =IFERROR(VLOOKUP(D42,'Lista desplegable'!C$1:D$436,2,FALSE),"") -> SUPERVISOR DE OPERACIONES | F42: 200/11 | G42: HQ | H42: 0-200 | I42: 42,00 | J42: PRESENTE | K42: SI | L42: SI
B43: 2 | C43: 9528480-9 | D43: =IFERROR(VLOOKUP(C43,'Lista desplegable'!B$1:C$436,2,FALSE),"") -> PATRICIO RICARDO OETIKER OYARZUN | E43: =IFERROR(VLOOKUP(D43,'Lista desplegable'!C$1:D$436,2,FALSE),"") -> PREVENCIONISTA DE RIESGOS | F43: 200/11 | G43: HQ | H43: 0-200 | I43: 42,00 | J43: PRESENTE | K43: SI | L43: SI
B44: 3 | C44: 16597409-3 | D44: =IFERROR(VLOOKUP(C44,'Lista desplegable'!B$1:C$436,2,FALSE),"") -> DANIEL ARMANDO LINDERMANN LINDERMANN | E44: =IFERROR(VLOOKUP(D44,'Lista desplegable'!C$1:D$436,2,FALSE),"") -> SUPERVISOR DE OPERACIONES | F44: 200/11 | G44: HQ | H44: 0-200 | I44: 42,00 | J44: PRESENTE | K44: SI | L44: SI
B45: 4 | C45: 17521166-7 | D45: =IFERROR(VLOOKUP(C45,'Lista desplegable'!B$1:C$436,2,FALSE),"") -> PABLO ROMARIO BOSSA ZAMORANO | E45: =IFERROR(VLOOKUP(D45,'Lista desplegable'!C$1:D$436,2,FALSE),"") -> CHOFER | F45: 200/11 | G45: HQ | H45: 0-200 | I45: 42,00 | J45: PRESENTE | K45: SI | L45: SI
B46: 5 | C46: 16684239-5 | D46: =IFERROR(VLOOKUP(C46,'Lista desplegable'!B$1:C$436,2,FALSE),"") -> MARIO ANDRES PUCHI CORTEZ | E46: =IFERROR(VLOOKUP(D46,'Lista desplegable'!C$1:D$436,2,FALSE),"") -> MECANICO | F46: 200/11 | G46: HQ | H46: 0-200 | I46: 42,00 | J46: PRESENTE | K46: SI | L46: SI
B47: 6 | C47: 17753119-7 | D47: =IFERROR(VLOOKUP(C47,'Lista desplegable'!B$1:C$436,2,FALSE),"") -> JOSE IGNACIO HERNANDEZ ARAYA | E47: =IFERROR(VLOOKUP(D47,'Lista desplegable'!C$1:D$436,2,FALSE),"") -> PERFORISTA | F47: 200/11 | G47: HQ | H47: 0-200 | I47: 42,00 | J47: PRESENTE | K47: SI | L47: SI
B48: 7 | C48: 15197539-9 | D48: =IFERROR(VLOOKUP(C48,'Lista desplegable'!B$1:C$436,2,FALSE),"") -> MARCELO ALEJANDRO INZUNZA ALARCON | E48: =IFERROR(VLOOKUP(D48,'Lista desplegable'!C$1:D$436,2,FALSE),"") -> AYUDANTE DE PERFORISTA | F48: 200/11 | G48: HQ | H48: 0-200 | I48: 42,00 | J48: PRESENTE | K48: SI | L48: SI
B49: 8 | C49: 12807074-5 | D49: =IFERROR(VLOOKUP(C49,'Lista desplegable'!B$1:C$436,2,FALSE),"") -> MANUEL ARNOLDO ALISTE OLIVARES | E49: =IFERROR(VLOOKUP(D49,'Lista desplegable'!C$1:D$436,2,FALSE),"") -> AYUDANTE DE PERFORISTA | F49: 200/11 | G49: HQ | H49: 0-200 | I49: 42,00 | J49: PRESENTE | K49: SI | L49: SI
B50: 9 | C50: 17388599-7 | D50: =IFERROR(VLOOKUP(C50,'Lista desplegable'!B$1:C$436,2,FALSE),"") -> PEDRO ENRIQUE BOLBARAN ROJAS | E50: =IFERROR(VLOOKUP(D50,'Lista desplegable'!C$1:D$436,2,FALSE),"") -> AYUDANTE DE PERFORISTA | F50: 200/11 | G50: HQ | H50: 0-200 | I50: 42,00 | J50: PRESENTE | K50: SI | L50: SI
B51: 10 | C51: 16755492-K | D51: =IFERROR(VLOOKUP(C51,'Lista desplegable'!B$1:C$436,2,FALSE),"") -> FELIPE ANDRES BOLBARAN ROJAS | E51: =IFERROR(VLOOKUP(D51,'Lista desplegable'!C$1:D$436,2,FALSE),"") -> PERFORISTA | F51: 200/13 | G51: HQ | H51: 0-200 | I51: 4,40 | J51: PRESENTE | K51: SI | L51: SI
B52: 11 | C52: 18494069-8 | D52: =IFERROR(VLOOKUP(C52,'Lista desplegable'!B$1:C$436,2,FALSE),"") -> OSCAR MANUEL ESPINOZA ESPINOZA | E52: =IFERROR(VLOOKUP(D52,'Lista desplegable'!C$1:D$436,2,FALSE),"") -> AYUDANTE DE PERFORISTA | F52: 200/13 | G52: HQ | H52: 0-200 | I52: 4,40 | J52: PRESENTE | K52: SI | L52: SI
B53: 12 | C53: 20308969-4 | D53: =IFERROR(VLOOKUP(C53,'Lista desplegable'!B$1:C$436,2,FALSE),"") -> NICOLAS ALBERTO CARVAJAL PASTEN | E53: =IFERROR(VLOOKUP(D53,'Lista desplegable'!C$1:D$436,2,FALSE),"") -> AYUDANTE DE PERFORISTA | F53: 200/13 | G53: HQ | H53: 0-200 | I53: 4,40 | J53: PRESENTE | K53: SI | L53: SI
B54: 13
B55: 14
B56: 15
B57: 16
B58: 17 | D58: =IFERROR(VLOOKUP(C58,'Lista desplegable'!B$1:C$436,2,FALSE),"") | E58: =IFERROR(VLOOKUP(D58,'Lista desplegable'!C$1:D$436,2,FALSE),"")
B59: 18 | D59: =IFERROR(VLOOKUP(C59,'Lista desplegable'!B$1:C$436,2,FALSE),"") | E59: =IFERROR(VLOOKUP(D59,'Lista desplegable'!C$1:D$436,2,FALSE),"")
B60: 19 | D60: =IFERROR(VLOOKUP(C60,'Lista desplegable'!B$1:C$436,2,FALSE),"") | E60: =IFERROR(VLOOKUP(D60,'Lista desplegable'!C$1:D$436,2,FALSE),"")
B61: 20 | D61: =IFERROR(VLOOKUP(C61,'Lista desplegable'!B$1:C$436,2,FALSE),"") | E61: =IFERROR(VLOOKUP(D61,'Lista desplegable'!C$1:D$436,2,FALSE),"")

Sheet 13-09
G2: DIA
D3: PROYECTO: | E3: CERRO BAYO / CHILE CHICO | G3: 13/9/2026
C6: TURNO DIA - A
B7: N° | C7: RUT | D7: NOMBRES Y APELLIDOS | E7: CARGO | F7: MAQUINA | G7: DIAMETRO | H7: ESCALA | I7: METROS | J7: ASISTENCIA | K7: WORKERA ENTRADA | L7: WORKERA SALIDA | M7: OBSERVACIONES
B8: 1 | C8: 44632507-8 | D8: =IFERROR(VLOOKUP(C8,'Lista desplegable'!B$1:C$436,2,FALSE),"") -> ANDREW JAMES WILSON . | E8: =IFERROR(VLOOKUP(D8,'Lista desplegable'!C$1:D$436,2,FALSE),"") -> PERFORISTA | F8: 200/13 | G8: HQ | H8: 0-200 | I8: 40,70 | J8: PRESENTE | M8: NO APLICA FIRMA, EXPATRIADO
B9: 2 | C9: 28935989-3 | D9: =IFERROR(VLOOKUP(C9,'Lista desplegable'!B$1:C$436,2,FALSE),"") -> STEWART PHILLIP WHITEHURST MEJIA | E9: =IFERROR(VLOOKUP(D9,'Lista desplegable'!C$1:D$436,2,FALSE),"") -> PERFORISTA | J9: DESCANSO
B10: 3 | C10: 15475908-5 | D10: =IFERROR(VLOOKUP(C10,'Lista desplegable'!B$1:C$436,2,FALSE),"") -> ISRAEL AARÓN VERGARA ELGUETA | E10: =IFERROR(VLOOKUP(D10,'Lista desplegable'!C$1:D$436,2,FALSE),"") -> ADMINISTRADOR DE CONTRATO | F10: 200/13 | G10: HQ | H10: 0-200 | I10: 40,70 | J10: PRESENTE | K10: SI | L10: SI
B11: 4 | C11: 18490734-8 | D11: =IFERROR(VLOOKUP(C11,'Lista desplegable'!B$1:C$436,2,FALSE),"") -> SIMONNE DE LA PAZ REYES BATLLE | E11: =IFERROR(VLOOKUP(D11,'Lista desplegable'!C$1:D$436,2,FALSE),"") -> ADMINISTRATIVO DE FAENA | J11: DESCANSO
B12: 5 | C12: 17465056-K | D12: =IFERROR(VLOOKUP(C12,'Lista desplegable'!B$1:C$436,2,FALSE),"") -> DANIEL ANDRES ANDRADE AGUILAR | E12: =IFERROR(VLOOKUP(D12,'Lista desplegable'!C$1:D$436,2,FALSE),"") -> MECANICO | F12: 200/13 | G12: HQ | H12: 0-200 | I12: 40,70 | J12: PRESENTE | K12: SI | L12: SI
B13: 6 | C13: 17112278-3 | D13: =IFERROR(VLOOKUP(C13,'Lista desplegable'!B$1:C$436,2,FALSE),"") -> YONATHAN ALBERTO MOROSO CORTES | E13: =IFERROR(VLOOKUP(D13,'Lista desplegable'!C$1:D$436,2,FALSE),"") -> ADMINISTRATIVO SENIOR | F13: 200/13 | G13: HQ | H13: 0-200 | I13: 40,70 | J13: PRESENTE | K13: SI | L13: SI
B14: 7 | C14: 18328176-3 | D14: =IFERROR(VLOOKUP(C14,'Lista desplegable'!B$1:C$436,2,FALSE),"") -> DAVID AUGUSTO MARSHALL FLORES | E14: =IFERROR(VLOOKUP(D14,'Lista desplegable'!C$1:D$436,2,FALSE),"") -> BODEGUERO | F14: 200/13 | G14: HQ | H14: 0-200 | I14: 40,70 | J14: PRESENTE | K14: SI | L14: SI
B15: 8 | C15: 16290708-5 | D15: =IFERROR(VLOOKUP(C15,'Lista desplegable'!B$1:C$436,2,FALSE),"") -> RAUL MANUEL BUSTAMANTE CERON | E15: =IFERROR(VLOOKUP(D15,'Lista desplegable'!C$1:D$436,2,FALSE),"") -> SOLDADOR | F15: 200/13 | G15: HQ | H15: 0-200 | I15: 40,70 | J15: PRESENTE | K15: SI | L15: SI
B16: 9 | C16: 20944055-5 | D16: =IFERROR(VLOOKUP(C16,'Lista desplegable'!B$1:C$436,2,FALSE),"") -> JONATHAN ALEXANDER OLIVARES NATES | E16: =IFERROR(VLOOKUP(D16,'Lista desplegable'!C$1:D$436,2,FALSE),"") -> MECANICO | F16: 200/13 | G16: HQ | H16: 0-200 | I16: 40,70 | J16: PRESENTE | K16: SI | L16: SI
B17: 10 | C17: 16005822-6 | D17: =IFERROR(VLOOKUP(C17,'Lista desplegable'!B$1:C$436,2,FALSE),"") -> ROBERTO MAURICIO VERGARA NEGRETE | E17: =IFERROR(VLOOKUP(D17,'Lista desplegable'!C$1:D$436,2,FALSE),"") -> ELECTROMECÁNICO | F17: 200/13 | G17: HQ | H17: 0-200 | I17: 40,70 | J17: PRESENTE | K17: SI | L17: SI
B18: 11 | C18: 15977589-5 | D18: =IFERROR(VLOOKUP(C18,'Lista desplegable'!B$1:C$436,2,FALSE),"") -> CELSO ANDRES ORREGO OLIVARES | E18: =IFERROR(VLOOKUP(D18,'Lista desplegable'!C$1:D$436,2,FALSE),"") -> CHOFER | F18: 200/13 | G18: HQ | H18: 0-200 | I18: 40,70 | J18: PRESENTE | K18: SI | L18: SI
B19: 12 | C19: 18520328-K | D19: =IFERROR(VLOOKUP(C19,'Lista desplegable'!B$1:C$436,2,FALSE),"") -> RAUL ALEJANDRO RIVERO RIVERO | E19: =IFERROR(VLOOKUP(D19,'Lista desplegable'!C$1:D$436,2,FALSE),"") -> SUPERVISOR DE OPERACIONES | F19: 200/13 | G19: HQ | H19: 0-200 | I19: 40,70 | J19: PRESENTE | K19: SI | L19: SI
B20: 13 | C20: 18184052-8 | D20: =IFERROR(VLOOKUP(C20,'Lista desplegable'!B$1:C$436,2,FALSE),"") -> PABLO ANTONIO ALVAREZ CORTES | E20: =IFERROR(VLOOKUP(D20,'Lista desplegable'!C$1:D$436,2,FALSE),"") -> PREVENCIONISTA DE RIESGOS | F20: 200/13 | G20: HQ | H20: 0-200 | I20: 40,70 | J20: PRESENTE | K20: SI | L20: SI
B21: 14 | C21: 15134240-K | D21: =IFERROR(VLOOKUP(C21,'Lista desplegable'!B$1:C$436,2,FALSE),"") -> GUILLERMO ALFREDO CASTRO ZUÑIGA | E21: =IFERROR(VLOOKUP(D21,'Lista desplegable'!C$1:D$436,2,FALSE),"") -> PERFORISTA | F21: 200/11 | G21: HQ | H21: 0-200 | I21: 4,80 | J21: PRESENTE | K21: SI | L21: SI
B22: 15 | C22: 15608134-5 | D22: =IFERROR(VLOOKUP(C22,'Lista desplegable'!B$1:C$436,2,FALSE),"") -> RICKY DONNELLY ARAVENA POBLETE | E22: =IFERROR(VLOOKUP(D22,'Lista desplegable'!C$1:D$436,2,FALSE),"") -> AYUDANTE DE PERFORISTA | F22: 200/11 | G22: HQ | H22: 0-200 | I22: 4,80 | J22: PRESENTE | K22: SI | L22: SI
B23: 16 | C23: 16755649-3 | D23: =IFERROR(VLOOKUP(C23,'Lista desplegable'!B$1:C$436,2,FALSE),"") -> CHRISTOFER HUESLY OLIVARES FERNANDEZ | E23: =IFERROR(VLOOKUP(D23,'Lista desplegable'!C$1:D$436,2,FALSE),"") -> AYUDANTE DE PERFORISTA | F23: 200/11 | G23: HQ | H23: 0-200 | I23: 4,80 | J23: PRESENTE | K23: SI | L23: SI
... B27: 20 | C27: 18987429-4 | D27: =IFERROR(VLOOKUP(C27,'Lista desplegable'!B$1:C$436,2,FALSE),"") -> SEBASTIAN ALEJANDRO ARANEDA MILLAR | E27: =IFERROR(VLOOKUP(D27,'Lista desplegable'!C$1:D$436,2,FALSE),"") -> AYUDANTE DE PERFORISTA | F27: 200/13 | G27: HQ | H27: 0-200 | I27: 40,70 | J27: PRESENTE | K27: SI | L27: SI
B28: 21 | C28: 20037472-K | D28: =IFERROR(VLOOKUP(C28,'Lista desplegable'!B$1:C$436,2,FALSE),"") -> ANGELO GIOVANNI BIZAMA ORELLANA | E28: =IFERROR(VLOOKUP(D28,'Lista desplegable'!C$1:D$436,2,FALSE),"") -> AYUDANTE DE PERFORISTA | J28: OBSERVACIÓN | M28: EN DOMICILIO A LA ESPERA DE SUBIR A FAENA
B29: 22 | C29: 15955871-1 | D29: =IFERROR(VLOOKUP(C29,'Lista desplegable'!B$1:C$436,2,FALSE),"") -> WALTER LISANDRO SALAS MESA | E29: =IFERROR(VLOOKUP(D29,'Lista desplegable'!C$1:D$436,2,FALSE),"") -> PERFORISTA | J29: OBSERVACIÓN | M29: EN DOMICILIO A LA ESPERA DE SUBIR A FAENA
B30: 23
B31: 24
B32: 25
B33: 26
B34: 27
B35: 28
B36: 29
B37: 30
C40: TURNO NOCHE - A
B41: N° | C41: RUT | D41: NOMBRES Y APELLIDOS | E41: CARGO | F41: MAQUINA | G41: DIAMETRO | H41: ESCALA | I41: METROS | J41: ASISTENCIA | K41: WORKERA ENTRADA | L41: WORKERA SALIDA | M41: OBSERVACIONES
B42: 1 | C42: 44599978-4 | D42: =IFERROR(VLOOKUP(C42,'Lista desplegable'!B$1:C$436,2,FALSE),"") -> FRANCISCO PEDRO BORNAZ DELGADO | E42: =IFERROR(VLOOKUP(D42,'Lista desplegable'!C$1:D$436,2,FALSE),"") -> SUPERVISOR DE OPERACIONES | F42: 200/11 | G42: HQ | H42: 0-200 | I42: 27,30 | J42: PRESENTE | K42: SI | L42: SI
B43: 2 | C43: 9528480-9 | D43: =IFERROR(VLOOKUP(C43,'Lista desplegable'!B$1:C$436,2,FALSE),"") -> PATRICIO RICARDO OETIKER OYARZUN | E43: =IFERROR(VLOOKUP(D43,'Lista desplegable'!C$1:D$436,2,FALSE),"") -> PREVENCIONISTA DE RIESGOS | F43: 200/11 | G43: HQ | H43: 0-200 | I43: 27,30 | J43: PRESENTE | K43: SI | L43: SI
B44: 3 | C44: 16597409-3 | D44: =IFERROR(VLOOKUP(C44,'Lista desplegable'!B$1:C$436,2,FALSE),"") -> DANIEL ARMANDO LINDERMANN LINDERMANN | E44: =IFERROR(VLOOKUP(D44,'Lista desplegable'!C$1:D$436,2,FALSE),"") -> SUPERVISOR DE OPERACIONES | F44: 200/11 | G44: HQ | H44: 0-200 | I44: 27,30 | J44: PRESENTE | K44: SI | L44: SI
B45: 4 | C45: 17521166-7 | D45: =IFERROR(VLOOKUP(C45,'Lista desplegable'!B$1:C$436,2,FALSE),"") -> PABLO ROMARIO BOSSA ZAMORANO | E45: =IFERROR(VLOOKUP(D45,'Lista desplegable'!C$1:D$436,2,FALSE),"") -> CHOFER | F45: 200/11 | G45: HQ | H45: 0-200 | I45: 27,30 | J45: PRESENTE | K45: SI | L45: SI
B46: 5 | C46: 16684239-5 | D46: =IFERROR(VLOOKUP(C46,'Lista desplegable'!B$1:C$436,2,FALSE),"") -> MARIO ANDRES PUCHI CORTEZ | E46: =IFERROR(VLOOKUP(D46,'Lista desplegable'!C$1:D$436,2,FALSE),"") -> MECANICO | F46: 200/11 | G46: HQ | H46: 0-200 | I46: 27,30 | J46: PRESENTE | K46: SI | L46: SI
B47: 6 | C47: 17753119-7 | D47: =IFERROR(VLOOKUP(C47,'Lista desplegable'!B$1:C$436,2,FALSE),"") -> JOSE IGNACIO HERNANDEZ ARAYA | E47: =IFERROR(VLOOKUP(D47,'Lista desplegable'!C$1:D$436,2,FALSE),"") -> PERFORISTA | F47: 200/11 | G47: HQ | H47: 0-200 | I47: 27,30 | J47: PRESENTE | K47: SI | L47: SI
B48: 7 | C48: 15197539-9 | D48: =IFERROR(VLOOKUP(C48,'Lista desplegable'!B$1:C$436,2,FALSE),"") -> MARCELO ALEJANDRO INZUNZA ALARCON | E48: =IFERROR(VLOOKUP(D48,'Lista desplegable'!C$1:D$436,2,FALSE),"") -> AYUDANTE DE PERFORISTA | F48: 200/11 | G48: HQ | H48: 0-200 | I48: 27,30 | J48: PRESENTE | K48: SI | L48: SI
B49: 8 | C49: 12807074-5 | D49: =IFERROR(VLOOKUP(C49,'Lista desplegable'!B$1:C$436,2,FALSE),"") -> MANUEL ARNOLDO ALISTE OLIVARES | E49: =IFERROR(VLOOKUP(D49,'Lista desplegable'!C$1:D$436,2,FALSE),"") -> AYUDANTE DE PERFORISTA | F49: 200/11 | G49: HQ | H49: 0-200 | I49: 27,30 | J49: PRESENTE | K49: SI | L49: SI
B50: 9 | C50: 17388599-7 | D50: =IFERROR(VLOOKUP(C50,'Lista desplegable'!B$1:C$436,2,FALSE),"") -> PEDRO ENRIQUE BOLBARAN ROJAS | E50: =IFERROR(VLOOKUP(D50,'Lista desplegable'!C$1:D$436,2,FALSE),"") -> AYUDANTE DE PERFORISTA | F50: 200/11 | G50: HQ | H50: 0-200 | I50: 27,30 | J50: PRESENTE | K50: SI | L50: SI
B51: 10 | C51: 16755492-K | D51: =IFERROR(VLOOKUP(C51,'Lista desplegable'!B$1:C$436,2,FALSE),"") -> FELIPE ANDRES BOLBARAN ROJAS | E51: =IFERROR(VLOOKUP(D51,'Lista desplegable'!C$1:D$436,2,FALSE),"") -> PERFORISTA | F51: 200/13 | G51: HQ | H51: 0-200 | I51: 21,00 | J51: PRESENTE | K51: SI | L51: SI
B52: 11 | C52: 18494069-8 | D52: =IFERROR(VLOOKUP(C52,'Lista desplegable'!B$1:C$436,2,FALSE),"") -> OSCAR MANUEL ESPINOZA ESPINOZA | E52: =IFERROR(VLOOKUP(D52,'Lista desplegable'!C$1:D$436,2,FALSE),"") -> AYUDANTE DE PERFORISTA | F52: 200/13 | G52: HQ | H52: 0-200 | I52: 21,00 | J52: PRESENTE | K52: SI | L52: SI
B53: 12 | C53: 20308969-4 | D53: =IFERROR(VLOOKUP(C53,'Lista desplegable'!B$1:C$436,2,FALSE),"") -> NICOLAS ALBERTO CARVAJAL PASTEN | E53: =IFERROR(VLOOKUP(D53,'Lista desplegable'!C$1:D$436,2,FALSE),"") -> AYUDANTE DE PERFORISTA | F53: 200/13 | G53: HQ | H53: 0-200 | I53: 21,00 | J53: PRESENTE | K53: SI | L53: SI
B54: 13
B55: 14
B56: 15
B57: 16
B58: 17 | D58: =IFERROR(VLOOKUP(C58,'Lista desplegable'!B$1:C$436,2,FALSE),"") | E58: =IFERROR(VLOOKUP(D58,'Lista desplegable'!C$1:D$436,2,FALSE),"")
B59: 18 | D59: =IFERROR(VLOOKUP(C59,'Lista desplegable'!B$1:C$436,2,FALSE),"") | E59: =IFERROR(VLOOKUP(D59,'Lista desplegable'!C$1:D$436,2,FALSE),"")
B60: 19 | D60: =IFERROR(VLOOKUP(C60,'Lista desplegable'!B$1:C$436,2,FALSE),"") | E60: =IFERROR(VLOOKUP(D60,'Lista desplegable'!C$1:D$436,2,FALSE),"")
B61: 20 | D61: =IFERROR(VLOOKUP(C61,'Lista desplegable'!B$1:C$436,2,FALSE),"") | E61: =IFERROR(VLOOKUP(D61,'Lista desplegable'!C$1:D$436,2,FALSE),"")

Sheet 14-09
G2: DIA
D3: PROYECTO: | E3: CERRO BAYO / CHILE CHICO | G3: 14/9/2026
C6: TURNO DIA - A
B7: N° | C7: RUT | D7: NOMBRES Y APELLIDOS | E7: CARGO | F7: MAQUINA | G7: DIAMETRO | H7: ESCALA | I7: METROS | J7: ASISTENCIA | K7: WORKERA ENTRADA | L7: WORKERA SALIDA | M7: OBSERVACIONES
B8: 1 | C8: 44632507-8 | D8: =IFERROR(VLOOKUP(C8,'Lista desplegable'!B$1:C$436,2,FALSE),"") -> ANDREW JAMES WILSON . | E8: =IFERROR(VLOOKUP(D8,'Lista desplegable'!C$1:D$436,2,FALSE),"") -> PERFORISTA | J8: DESCANSO
B9: 2 | C9: 28935989-3 | D9: =IFERROR(VLOOKUP(C9,'Lista desplegable'!B$1:C$436,2,FALSE),"") -> STEWART PHILLIP WHITEHURST MEJIA | E9: =IFERROR(VLOOKUP(D9,'Lista desplegable'!C$1:D$436,2,FALSE),"") -> PERFORISTA | J9: PRESENTE | M9: ULTIMO DIA EN FAENA
B10: 3 | C10: 15475908-5 | D10: =IFERROR(VLOOKUP(C10,'Lista desplegable'!B$1:C$436,2,FALSE),"") -> ISRAEL AARÓN VERGARA ELGUETA | E10: =IFERROR(VLOOKUP(D10,'Lista desplegable'!C$1:D$436,2,FALSE),"") -> ADMINISTRADOR DE CONTRATO | F10: 200/11 | G10: HQ | H10: 0-200 | I10: 45,00 | J10: PRESENTE | K10: SI | L10: SI
B11: 4 | C11: 18490734-8 | D11: =IFERROR(VLOOKUP(C11,'Lista desplegable'!B$1:C$436,2,FALSE),"") -> SIMONNE DE LA PAZ REYES BATLLE | E11: =IFERROR(VLOOKUP(D11,'Lista desplegable'!C$1:D$436,2,FALSE),"") -> ADMINISTRATIVO DE FAENA | F11: 200/11 | G11: HQ | H11: 0-200 | I11: 45,00 | J11: PRESENTE | K11: SI | L11: SI
B12: 5 | C12: 17465056-K | D12: =IFERROR(VLOOKUP(C12,'Lista desplegable'!B$1:C$436,2,FALSE),"") -> DANIEL ANDRES ANDRADE AGUILAR | E12: =IFERROR(VLOOKUP(D12,'Lista desplegable'!C$1:D$436,2,FALSE),"") -> MECANICO | F12: 200/11 | G12: HQ | H12: 0-200 | I12: 45,00 | J12: PRESENTE | K12: SI | L12: SI
B13: 6 | C13: 17112278-3 | D13: =IFERROR(VLOOKUP(C13,'Lista desplegable'!B$1:C$436,2,FALSE),"") -> YONATHAN ALBERTO MOROSO CORTES | E13: =IFERROR(VLOOKUP(D13,'Lista desplegable'!C$1:D$436,2,FALSE),"") -> ADMINISTRATIVO SENIOR | F13: 200/11 | G13: HQ | H13: 0-200 | I13: 45,00 | J13: PRESENTE | K13: SI | L13: SI
B14: 7 | C14: 18328176-3 | D14: =IFERROR(VLOOKUP(C14,'Lista desplegable'!B$1:C$436,2,FALSE),"") -> DAVID AUGUSTO MARSHALL FLORES | E14: =IFERROR(VLOOKUP(D14,'Lista desplegable'!C$1:D$436,2,FALSE),"") -> BODEGUERO | F14: 200/11 | G14: HQ | H14: 0-200 | I14: 45,00 | J14: PRESENTE | K14: SI | L14: SI
B15: 8 | C15: 16290708-5 | D15: =IFERROR(VLOOKUP(C15,'Lista desplegable'!B$1:C$436,2,FALSE),"") -> RAUL MANUEL BUSTAMANTE CERON | E15: =IFERROR(VLOOKUP(D15,'Lista desplegable'!C$1:D$436,2,FALSE),"") -> SOLDADOR | F15: 200/11 | G15: HQ | H15: 0-200 | I15: 45,00 | J15: PRESENTE | K15: SI | L15: SI
B16: 9 | C16: 20944055-5 | D16: =IFERROR(VLOOKUP(C16,'Lista desplegable'!B$1:C$436,2,FALSE),"") -> JONATHAN ALEXANDER OLIVARES NATES | E16: =IFERROR(VLOOKUP(D16,'Lista desplegable'!C$1:D$436,2,FALSE),"") -> MECANICO | F16: 200/11 | G16: HQ | H16: 0-200 | I16: 45,00 | J16: PRESENTE | K16: SI | L16: SI
B17: 10 | C17: 16005822-6 | D17: =IFERROR(VLOOKUP(C17,'Lista desplegable'!B$1:C$436,2,FALSE),"") -> ROBERTO MAURICIO VERGARA NEGRETE | E17: =IFERROR(VLOOKUP(D17,'Lista desplegable'!C$1:D$436,2,FALSE),"") -> ELECTROMECÁNICO | F17: 200/11 | G17: HQ | H17: 0-200 | I17: 45,00 | J17: PRESENTE | K17: SI | L17: SI
B18: 11 | C18: 15977589-5 | D18: =IFERROR(VLOOKUP(C18,'Lista desplegable'!B$1:C$436,2,FALSE),"") -> CELSO ANDRES ORREGO OLIVARES | E18: =IFERROR(VLOOKUP(D18,'Lista desplegable'!C$1:D$436,2,FALSE),"") -> CHOFER | F18: 200/11 | G18: HQ | H18: 0-200 | I18: 45,00 | J18: PRESENTE | K18: SI | L18: SI
B19: 12 | C19: 18520328-K | D19: =IFERROR(VLOOKUP(C19,'Lista desplegable'!B$1:C$436,2,FALSE),"") -> RAUL ALEJANDRO RIVERO RIVERO | E19: =IFERROR(VLOOKUP(D19,'Lista desplegable'!C$1:D$436,2,FALSE),"") -> SUPERVISOR DE OPERACIONES | F19: 200/11 | G19: HQ | H19: 0-200 | I19: 45,00 | J19: PRESENTE | K19: SI | L19: SI
B20: 13 | C20: 18184052-8 | D20: =IFERROR(VLOOKUP(C20,'Lista desplegable'!B$1:C$436,2,FALSE),"") -> PABLO ANTONIO ALVAREZ CORTES | E20: =IFERROR(VLOOKUP(D20,'Lista desplegable'!C$1:D$436,2,FALSE),"") -> PREVENCIONISTA DE RIESGOS | F20: 200/11 | G20: HQ | H20: 0-200 | I20: 45,00 | J20: PRESENTE | K20: SI | L20: SI
B21: 14 | C21: 15134240-K | D21: =IFERROR(VLOOKUP(C21,'Lista desplegable'!B$1:C$436,2,FALSE),"") -> GUILLERMO ALFREDO CASTRO ZUÑIGA | E21: =IFERROR(VLOOKUP(D21,'Lista desplegable'!C$1:D$436,2,FALSE),"") -> PERFORISTA | F21: 200/11 | G21: HQ | H21: 0-200 | I21: 45,00 | J21: PRESENTE | K21: SI | L21: SI
... B27: 20 | C27: 18987429-4 | D27: =IFERROR(VLOOKUP(C27,'Lista desplegable'!B$1:C$436,2,FALSE),"") -> SEBASTIAN ALEJANDRO ARANEDA MILLAR | E27: =IFERROR(VLOOKUP(D27,'Lista desplegable'!C$1:D$436,2,FALSE),"") -> AYUDANTE DE PERFORISTA | F27: 200/13 | G27: HQ | H27: 0-200 | I27: 26,60 | J27: PRESENTE | K27: SI | L27: SI
B28: 21 | C28: 20037472-K | D28: =IFERROR(VLOOKUP(C28,'Lista desplegable'!B$1:C$436,2,FALSE),"") -> ANGELO GIOVANNI BIZAMA ORELLANA | E28: =IFERROR(VLOOKUP(D28,'Lista desplegable'!C$1:D$436,2,FALSE),"") -> AYUDANTE DE PERFORISTA | J28: OBSERVACIÓN | M28: EN DOMICILIO A LA ESPERA DE SUBIR A FAENA
B29: 22 | C29: 15955871-1 | D29: =IFERROR(VLOOKUP(C29,'Lista desplegable'!B$1:C$436,2,FALSE),"") -> WALTER LISANDRO SALAS MESA | E29: =IFERROR(VLOOKUP(D29,'Lista desplegable'!C$1:D$436,2,FALSE),"") -> PERFORISTA | J29: OBSERVACIÓN | M29: EN DOMICILIO A LA ESPERA DE SUBIR A FAENA
B30: 23 | C30: 14043436-1 | D30: =IFERROR(VLOOKUP(C30,'Lista desplegable'!B$1:C$436,2,FALSE),"") -> OSCAR ALEXIS JARA MEJIAS | E30: =IFERROR(VLOOKUP(D30,'Lista desplegable'!C$1:D$436,2,FALSE),"") -> CHOFER | J30: OBSERVACIÓN | M30: CONTRATADO 14-09 EN PROCESO
B31: 24 | C31: 18318426-1 | D31: =IFERROR(VLOOKUP(C31,'Lista desplegable'!B$1:C$436,2,FALSE),"") -> LUIS ALFREDO MORENO RIOS | E31: =IFERROR(VLOOKUP(D31,'Lista desplegable'!C$1:D$436,2,FALSE),"") -> CHOFER | J31: OBSERVACIÓN | M31: CONTRATADO 14-09 EN PROCESO
B32: 25
B33: 26
B34: 27
B35: 28
B36: 29
B37: 30
C40: TURNO NOCHE - A
B41: N° | C41: RUT | D41: NOMBRES Y APELLIDOS | E41: CARGO | F41: MAQUINA | G41: DIAMETRO | H41: ESCALA | I41: METROS | J41: ASISTENCIA | K41: WORKERA ENTRADA | L41: WORKERA SALIDA | M41: OBSERVACIONES
B42: 1 | C42: 44599978-4 | D42: =IFERROR(VLOOKUP(C42,'Lista desplegable'!B$1:C$436,2,FALSE),"") -> FRANCISCO PEDRO BORNAZ DELGADO | E42: =IFERROR(VLOOKUP(D42,'Lista desplegable'!C$1:D$436,2,FALSE),"") -> SUPERVISOR DE OPERACIONES | F42: 200/11 | G42: HQ | H42: 0-200 | I42: 36,10 | J42: PRESENTE | K42: SI | L42: SI
B43: 2 | C43: 9528480-9 | D43: =IFERROR(VLOOKUP(C43,'Lista desplegable'!B$1:C$436,2,FALSE),"") -> PATRICIO RICARDO OETIKER OYARZUN | E43: =IFERROR(VLOOKUP(D43,'Lista desplegable'!C$1:D$436,2,FALSE),"") -> PREVENCIONISTA DE RIESGOS | F43: 200/11 | G43: HQ | H43: 0-200 | I43: 36,10 | J43: PRESENTE | K43: SI | L43: SI
B44: 3 | C44: 16597409-3 | D44: =IFERROR(VLOOKUP(C44,'Lista desplegable'!B$1:C$436,2,FALSE),"") -> DANIEL ARMANDO LINDERMANN LINDERMANN | E44: =IFERROR(VLOOKUP(D44,'Lista desplegable'!C$1:D$436,2,FALSE),"") -> SUPERVISOR DE OPERACIONES | F44: 200/11 | G44: HQ | H44: 0-200 | I44: 36,10 | J44: PRESENTE | K44: SI | L44: SI
B45: 4 | C45: 17521166-7 | D45: =IFERROR(VLOOKUP(C45,'Lista desplegable'!B$1:C$436,2,FALSE),"") -> PABLO ROMARIO BOSSA ZAMORANO | E45: =IFERROR(VLOOKUP(D45,'Lista desplegable'!C$1:D$436,2,FALSE),"") -> CHOFER | F45: 200/11 | G45: HQ | H45: 0-200 | I45: 36,10 | J45: PRESENTE | K45: SI | L45: SI
B46: 5 | C46: 16684239-5 | D46: =IFERROR(VLOOKUP(C46,'Lista desplegable'!B$1:C$436,2,FALSE),"") -> MARIO ANDRES PUCHI CORTEZ | E46: =IFERROR(VLOOKUP(D46,'Lista desplegable'!C$1:D$436,2,FALSE),"") -> MECANICO | F46: 200/11 | G46: HQ | H46: 0-200 | I46: 36,10 | J46: PRESENTE | K46: SI | L46: SI
B47: 6 | C47: 17753119-7 | D47: =IFERROR(VLOOKUP(C47,'Lista desplegable'!B$1:C$436,2,FALSE),"") -> JOSE IGNACIO HERNANDEZ ARAYA | E47: =IFERROR(VLOOKUP(D47,'Lista desplegable'!C$1:D$436,2,FALSE),"") -> PERFORISTA | F47: 200/11 | G47: HQ | H47: 0-200 | I47: 36,10 | J47: PRESENTE | K47: SI | L47: SI
B48: 7 | C48: 15197539-9 | D48: =IFERROR(VLOOKUP(C48,'Lista desplegable'!B$1:C$436,2,FALSE),"") -> MARCELO ALEJANDRO INZUNZA ALARCON | E48: =IFERROR(VLOOKUP(D48,'Lista desplegable'!C$1:D$436,2,FALSE),"") -> AYUDANTE DE PERFORISTA | F48: 200/11 | G48: HQ | H48: 0-200 | I48: 36,10 | J48: PRESENTE | K48: SI | L48: SI
B49: 8 | C49: 12807074-5 | D49: =IFERROR(VLOOKUP(C49,'Lista desplegable'!B$1:C$436,2,FALSE),"") -> MANUEL ARNOLDO ALISTE OLIVARES | E49: =IFERROR(VLOOKUP(D49,'Lista desplegable'!C$1:D$436,2,FALSE),"") -> AYUDANTE DE PERFORISTA | F49: 200/11 | G49: HQ | H49: 0-200 | I49: 36,10 | J49: PRESENTE | K49: SI | L49: SI
B50: 9 | C50: 17388599-7 | D50: =IFERROR(VLOOKUP(C50,'Lista desplegable'!B$1:C$436,2,FALSE),"") -> PEDRO ENRIQUE BOLBARAN ROJAS | E50: =IFERROR(VLOOKUP(D50,'Lista desplegable'!C$1:D$436,2,FALSE),"") -> AYUDANTE DE PERFORISTA | F50: 200/11 | G50: HQ | H50: 0-200 | I50: 36,10 | J50: PRESENTE | K50: SI | L50: SI
B51: 10 | C51: 16755492-K | D51: =IFERROR(VLOOKUP(C51,'Lista desplegable'!B$1:C$436,2,FALSE),"") -> FELIPE ANDRES BOLBARAN ROJAS | E51: =IFERROR(VLOOKUP(D51,'Lista desplegable'!C$1:D$436,2,FALSE),"") -> PERFORISTA | F51: 200/13 | G51: HQ | H51: 0-200 | I51: 17,30 | J51: PRESENTE | K51: SI | L51: SI
B52: 11 | C52: 18494069-8 | D52: =IFERROR(VLOOKUP(C52,'Lista desplegable'!B$1:C$436,2,FALSE),"") -> OSCAR MANUEL ESPINOZA ESPINOZA | E52: =IFERROR(VLOOKUP(D52,'Lista desplegable'!C$1:D$436,2,FALSE),"") -> AYUDANTE DE PERFORISTA | F52: 200/13 | G52: HQ | H52: 0-200 | I52: 17,30 | J52: PRESENTE | K52: SI | L52: SI
B53: 12 | C53: 20308969-4 | D53: =IFERROR(VLOOKUP(C53,'Lista desplegable'!B$1:C$436,2,FALSE),"") -> NICOLAS ALBERTO CARVAJAL PASTEN | E53: =IFERROR(VLOOKUP(D53,'Lista desplegable'!C$1:D$436,2,FALSE),"") -> AYUDANTE DE PERFORISTA | F53: 200/13 | G53: HQ | H53: 0-200 | I53: 17,30 | J53: PRESENTE | K53: SI | L53: SI
B54: 13
B55: 14
B56: 15
B57: 16
B58: 17 | D58: =IFERROR(VLOOKUP(C58,'Lista desplegable'!B$1:C$436,2,FALSE),"") | E58: =IFERROR(VLOOKUP(D58,'Lista desplegable'!C$1:D$436,2,FALSE),"")
B59: 18 | D59: =IFERROR(VLOOKUP(C59,'Lista desplegable'!B$1:C$436,2,FALSE),"") | E59: =IFERROR(VLOOKUP(D59,'Lista desplegable'!C$1:D$436,2,FALSE),"")
B60: 19 | D60: =IFERROR(VLOOKUP(C60,'Lista desplegable'!B$1:C$436,2,FALSE),"") | E60: =IFERROR(VLOOKUP(D60,'Lista desplegable'!C$1:D$436,2,FALSE),"")
B61: 20 | D61: =IFERROR(VLOOKUP(C61,'Lista desplegable'!B$1:C$436,2,FALSE),"") | E61: =IFERROR(VLOOKUP(D61,'Lista desplegable'!C$1:D$436,2,FALSE),"")

Sheet 15-09
G2: DIA
D3: PROYECTO: | E3: CERRO BAYO / CHILE CHICO | G3: 15/9/2026
C6: TURNO DIA - A
B7: N° | C7: RUT | D7: NOMBRES Y APELLIDOS | E7: CARGO | F7: MAQUINA | G7: DIAMETRO | H7: ESCALA | I7: METROS | J7: ASISTENCIA | K7: WORKERA ENTRADA | L7: WORKERA SALIDA | M7: OBSERVACIONES
B8: 1 | C8: 44632507-8 | D8: =IFERROR(VLOOKUP(C8,'Lista desplegable'!B$1:C$436,2,FALSE),"") -> ANDREW JAMES WILSON . | E8: =IFERROR(VLOOKUP(D8,'Lista desplegable'!C$1:D$436,2,FALSE),"") -> PERFORISTA | J8: DESCANSO
B9: 2 | C9: 15475908-5 | D9: =IFERROR(VLOOKUP(C9,'Lista desplegable'!B$1:C$436,2,FALSE),"") -> ISRAEL AARÓN VERGARA ELGUETA | E9: =IFERROR(VLOOKUP(D9,'Lista desplegable'!C$1:D$436,2,FALSE),"") -> ADMINISTRADOR DE CONTRATO | F9: 200/11 | G9: HQ | H9: 0-200 | I9: 16,60 | J9: PRESENTE | K9: SI | L9: SI
B10: 3 | C10: 18490734-8 | D10: =IFERROR(VLOOKUP(C10,'Lista desplegable'!B$1:C$436,2,FALSE),"") -> SIMONNE DE LA PAZ REYES BATLLE | E10: =IFERROR(VLOOKUP(D10,'Lista desplegable'!C$1:D$436,2,FALSE),"") -> ADMINISTRATIVO DE FAENA | F10: 200/11 | G10: HQ | H10: 0-200 | I10: 16,60 | J10: PRESENTE | K10: SI | L10: SI
B11: 4 | C11: 17465056-K | D11: =IFERROR(VLOOKUP(C11,'Lista desplegable'!B$1:C$436,2,FALSE),"") -> DANIEL ANDRES ANDRADE AGUILAR | E11: =IFERROR(VLOOKUP(D11,'Lista desplegable'!C$1:D$436,2,FALSE),"") -> MECANICO | F11: 200/11 | G11: HQ | H11: 0-200 | I11: 16,60 | J11: PRESENTE | K11: SI | L11: SI
B12: 5 | C12: 17112278-3 | D12: =IFERROR(VLOOKUP(C12,'Lista desplegable'!B$1:C$436,2,FALSE),"") -> YONATHAN ALBERTO MOROSO CORTES | E12: =IFERROR(VLOOKUP(D12,'Lista desplegable'!C$1:D$436,2,FALSE),"") -> ADMINISTRATIVO SENIOR | F12: 200/11 | G12: HQ | H12: 0-200 | I12: 16,60 | J12: PRESENTE | K12: SI | L12: SI
B13: 6 | C13: 18328176-3 | D13: =IFERROR(VLOOKUP(C13,'Lista desplegable'!B$1:C$436,2,FALSE),"") -> DAVID AUGUSTO MARSHALL FLORES | E13: =IFERROR(VLOOKUP(D13,'Lista desplegable'!C$1:D$436,2,FALSE),"") -> BODEGUERO | F13: 200/11 | G13: HQ | H13: 0-200 | I13: 16,60 | J13: PRESENTE | K13: SI | L13: SI
B14: 7 | C14: 16290708-5 | D14: =IFERROR(VLOOKUP(C14,'Lista desplegable'!B$1:C$436,2,FALSE),"") -> RAUL MANUEL BUSTAMANTE CERON | E14: =IFERROR(VLOOKUP(D14,'Lista desplegable'!C$1:D$436,2,FALSE),"") -> SOLDADOR | F14: 200/11 | G14: HQ | H14: 0-200 | I14: 16,60 | J14: PRESENTE | K14: SI | L14: SI
B15: 8 | C15: 20944055-5 | D15: =IFERROR(VLOOKUP(C15,'Lista desplegable'!B$1:C$436,2,FALSE),"") -> JONATHAN ALEXANDER OLIVARES NATES | E15: =IFERROR(VLOOKUP(D15,'Lista desplegable'!C$1:D$436,2,FALSE),"") -> MECANICO | F15: 200/11 | G15: HQ | H15: 0-200 | I15: 16,60 | J15: PRESENTE | K15: SI | L15: SI
B16: 9 | C16: 16005822-6 | D16: =IFERROR(VLOOKUP(C16,'Lista desplegable'!B$1:C$436,2,FALSE),"") -> ROBERTO MAURICIO VERGARA NEGRETE | E16: =IFERROR(VLOOKUP(D16,'Lista desplegable'!C$1:D$436,2,FALSE),"") -> ELECTROMECÁNICO | F16: 200/11 | G16: HQ | H16: 0-200 | I16: 16,60 | J16: PRESENTE | K16: SI | L16: SI
B17: 10 | C17: 15977589-5 | D17: =IFERROR(VLOOKUP(C17,'Lista desplegable'!B$1:C$436,2,FALSE),"") -> CELSO ANDRES ORREGO OLIVARES | E17: =IFERROR(VLOOKUP(D17,'Lista desplegable'!C$1:D$436,2,FALSE),"") -> CHOFER | F17: 200/11 | G17: HQ | H17: 0-200 | I17: 16,60 | J17: PRESENTE | K17: SI | L17: SI
B18: 11 | C18: 18520328-K | D18: =IFERROR(VLOOKUP(C18,'Lista desplegable'!B$1:C$436,2,FALSE),"") -> RAUL ALEJANDRO RIVERO RIVERO | E18: =IFERROR(VLOOKUP(D18,'Lista desplegable'!C$1:D$436,2,FALSE),"") -> SUPERVISOR DE OPERACIONES | F18: 200/11 | G18: HQ | H18: 0-200 | I18: 16,60 | J18: PRESENTE | K18: SI | L18: SI
B19: 12 | C19: 18184052-8 | D19: =IFERROR(VLOOKUP(C19,'Lista desplegable'!B$1:C$436,2,FALSE),"") -> PABLO ANTONIO ALVAREZ CORTES | E19: =IFERROR(VLOOKUP(D19,'Lista desplegable'!C$1:D$436,2,FALSE),"") -> PREVENCIONISTA DE RIESGOS | F19: 200/11 | G19: HQ | H19: 0-200 | I19: 16,60 | J19: PRESENTE | K19: SI | L19: SI
B20: 13 | C20: 15134240-K | D20: =IFERROR(VLOOKUP(C20,'Lista desplegable'!B$1:C$436,2,FALSE),"") -> GUILLERMO ALFREDO CASTRO ZUÑIGA | E20: =IFERROR(VLOOKUP(D20,'Lista desplegable'!C$1:D$436,2,FALSE),"") -> PERFORISTA | F20: 200/11 | G20: HQ | H20: 0-200 | I20: 16,60 | J20: PRESENTE | K20: SI | L20: SI
... B26: 19 | C26: 18987429-4 | D26: =IFERROR(VLOOKUP(C26,'Lista desplegable'!B$1:C$436,2,FALSE),"") -> SEBASTIAN ALEJANDRO ARANEDA MILLAR | E26: =IFERROR(VLOOKUP(D26,'Lista desplegable'!C$1:D$436,2,FALSE),"") -> AYUDANTE DE PERFORISTA | F26: 200/13 | G26: HQ | H26: 0-200 | I26: 4,50 | J26: PRESENTE | K26: SI | L26: SI
B27: 20 | C27: 20037472-K | D27: =IFERROR(VLOOKUP(C27,'Lista desplegable'!B$1:C$436,2,FALSE),"") -> ANGELO GIOVANNI BIZAMA ORELLANA | E27: =IFERROR(VLOOKUP(D27,'Lista desplegable'!C$1:D$436,2,FALSE),"") -> AYUDANTE DE PERFORISTA | J27: OBSERVACIÓN | M27: EN DOMICILIO A LA ESPERA DE SUBIR A FAENA
B28: 21 | C28: 15955871-1 | D28: =IFERROR(VLOOKUP(C28,'Lista desplegable'!B$1:C$436,2,FALSE),"") -> WALTER LISANDRO SALAS MESA | E28: =IFERROR(VLOOKUP(D28,'Lista desplegable'!C$1:D$436,2,FALSE),"") -> PERFORISTA | J28: OBSERVACIÓN | M28: EN VIAJE PTO AYSEN - CHILE CHICO
B29: 22 | C29: 14043436-1 | D29: =IFERROR(VLOOKUP(C29,'Lista desplegable'!B$1:C$436,2,FALSE),"") -> OSCAR ALEXIS JARA MEJIAS | E29: =IFERROR(VLOOKUP(D29,'Lista desplegable'!C$1:D$436,2,FALSE),"") -> CHOFER | J29: OBSERVACIÓN | M29: EN DOMICILIO A LA ESPERA DE SUBIR A FAENA
B30: 23 | C30: 18318426-1 | D30: =IFERROR(VLOOKUP(C30,'Lista desplegable'!B$1:C$436,2,FALSE),"") -> LUIS ALFREDO MORENO RIOS | E30: =IFERROR(VLOOKUP(D30,'Lista desplegable'!C$1:D$436,2,FALSE),"") -> CHOFER | J30: OBSERVACIÓN | M30: EN DOMICILIO A LA ESPERA DE SUBIR A FAENA
B31: 24
B32: 25
B33: 26
B34: 27
B35: 28
B36: 29
B37: 30
C40: TURNO NOCHE - A
B41: N° | C41: RUT | D41: NOMBRES Y APELLIDOS | E41: CARGO | F41: MAQUINA | G41: DIAMETRO | H41: ESCALA | I41: METROS | J41: ASISTENCIA | K41: WORKERA ENTRADA | L41: WORKERA SALIDA | M41: OBSERVACIONES
B42: 1 | C42: 44599978-4 | D42: =IFERROR(VLOOKUP(C42,'Lista desplegable'!B$1:C$436,2,FALSE),"") -> FRANCISCO PEDRO BORNAZ DELGADO | E42: =IFERROR(VLOOKUP(D42,'Lista desplegable'!C$1:D$436,2,FALSE),"") -> SUPERVISOR DE OPERACIONES | J42: DESCANSO
B43: 2 | C43: 9528480-9 | D43: =IFERROR(VLOOKUP(C43,'Lista desplegable'!B$1:C$436,2,FALSE),"") -> PATRICIO RICARDO OETIKER OYARZUN | E43: =IFERROR(VLOOKUP(D43,'Lista desplegable'!C$1:D$436,2,FALSE),"") -> PREVENCIONISTA DE RIESGOS | F43: 200/13 | G43: HQ | H43: 0-200 | I43: 46,60 | J43: PRESENTE | K43: SI | L43: SI
B44: 3 | C44: 16597409-3 | D44: =IFERROR(VLOOKUP(C44,'Lista desplegable'!B$1:C$436,2,FALSE),"") -> DANIEL ARMANDO LINDERMANN LINDERMANN | E44: =IFERROR(VLOOKUP(D44,'Lista desplegable'!C$1:D$436,2,FALSE),"") -> SUPERVISOR DE OPERACIONES | F44: 200/13 | G44: HQ | H44: 0-200 | I44: 46,60 | J44: PRESENTE | K44: SI | L44: SI
B45: 4 | C45: 17521166-7 | D45: =IFERROR(VLOOKUP(C45,'Lista desplegable'!B$1:C$436,2,FALSE),"") -> PABLO ROMARIO BOSSA ZAMORANO | E45: =IFERROR(VLOOKUP(D45,'Lista desplegable'!C$1:D$436,2,FALSE),"") -> CHOFER | F45: 200/13 | G45: HQ | H45: 0-200 | I45: 46,60 | J45: PRESENTE | K45: SI | L45: SI
B46: 5 | C46: 16684239-5 | D46: =IFERROR(VLOOKUP(C46,'Lista desplegable'!B$1:C$436,2,FALSE),"") -> MARIO ANDRES PUCHI CORTEZ | E46: =IFERROR(VLOOKUP(D46,'Lista desplegable'!C$1:D$436,2,FALSE),"") -> MECANICO | F46: 200/13 | G46: HQ | H46: 0-200 | I46: 46,60 | J46: PRESENTE | K46: SI | L46: SI
B47: 6 | C47: 17753119-7 | D47: =IFERROR(VLOOKUP(C47,'Lista desplegable'!B$1:C$436,2,FALSE),"") -> JOSE IGNACIO HERNANDEZ ARAYA | E47: =IFERROR(VLOOKUP(D47,'Lista desplegable'!C$1:D$436,2,FALSE),"") -> PERFORISTA | F47: 200/11 | G47: HQ | H47: 0-200 | I47: 12,80 | J47: PRESENTE | K47: SI | L47: SI
B48: 7 | C48: 15197539-9 | D48: =IFERROR(VLOOKUP(C48,'Lista desplegable'!B$1:C$436,2,FALSE),"") -> MARCELO ALEJANDRO INZUNZA ALARCON | E48: =IFERROR(VLOOKUP(D48,'Lista desplegable'!C$1:D$436,2,FALSE),"") -> AYUDANTE DE PERFORISTA | F48: 200/11 | G48: HQ | H48: 0-200 | I48: 12,80 | J48: PRESENTE | K48: SI | L48: SI
B49: 8 | C49: 12807074-5 | D49: =IFERROR(VLOOKUP(C49,'Lista desplegable'!B$1:C$436,2,FALSE),"") -> MANUEL ARNOLDO ALISTE OLIVARES | E49: =IFERROR(VLOOKUP(D49,'Lista desplegable'!C$1:D$436,2,FALSE),"") -> AYUDANTE DE PERFORISTA | F49: 200/11 | G49: HQ | H49: 0-200 | I49: 12,80 | J49: PRESENTE | K49: SI | L49: SI
B50: 9 | C50: 17388599-7 | D50: =IFERROR(VLOOKUP(C50,'Lista desplegable'!B$1:C$436,2,FALSE),"") -> PEDRO ENRIQUE BOLBARAN ROJAS | E50: =IFERROR(VLOOKUP(D50,'Lista desplegable'!C$1:D$436,2,FALSE),"") -> AYUDANTE DE PERFORISTA | F50: 200/11 | G50: HQ | H50: 0-200 | I50: 12,80 | J50: PRESENTE | K50: SI | L50: SI
B51: 10 | C51: 16755492-K | D51: =IFERROR(VLOOKUP(C51,'Lista desplegable'!B$1:C$436,2,FALSE),"") -> FELIPE ANDRES BOLBARAN ROJAS | E51: =IFERROR(VLOOKUP(D51,'Lista desplegable'!C$1:D$436,2,FALSE),"") -> PERFORISTA | F51: 200/13 | G51: HQ | H51: 0-200 | I51: 46,60 | J51: PRESENTE | K51: SI | L51: SI
B52: 11 | C52: 18494069-8 | D52: =IFERROR(VLOOKUP(C52,'Lista desplegable'!B$1:C$436,2,FALSE),"") -> OSCAR MANUEL ESPINOZA ESPINOZA | E52: =IFERROR(VLOOKUP(D52,'Lista desplegable'!C$1:D$436,2,FALSE),"") -> AYUDANTE DE PERFORISTA | F52: 200/13 | G52: HQ | H52: 0-200 | I52: 46,60 | J52: PRESENTE | K52: SI | L52: SI
B53: 12 | C53: 20308969-4 | D53: =IFERROR(VLOOKUP(C53,'Lista desplegable'!B$1:C$436,2,FALSE),"") -> NICOLAS ALBERTO CARVAJAL PASTEN | E53: =IFERROR(VLOOKUP(D53,'Lista desplegable'!C$1:D$436,2,FALSE),"") -> AYUDANTE DE PERFORISTA | F53: 200/13 | G53: HQ | H53: 0-200 | I53: 46,60 | J53: PRESENTE | K53: SI | L53: SI
B54: 13
B55: 14
B56: 15
B57: 16
B58: 17 | D58: =IFERROR(VLOOKUP(C58,'Lista desplegable'!B$1:C$436,2,FALSE),"") | E58: =IFERROR(VLOOKUP(D58,'Lista desplegable'!C$1:D$436,2,FALSE),"")
B59: 18 | D59: =IFERROR(VLOOKUP(C59,'Lista desplegable'!B$1:C$436,2,FALSE),"") | E59: =IFERROR(VLOOKUP(D59,'Lista desplegable'!C$1:D$436,2,FALSE),"")
B60: 19 | D60: =IFERROR(VLOOKUP(C60,'Lista desplegable'!B$1:C$436,2,FALSE),"") | E60: =IFERROR(VLOOKUP(D60,'Lista desplegable'!C$1:D$436,2,FALSE),"")
B61: 20 | D61: =IFERROR(VLOOKUP(C61,'Lista desplegable'!B$1:C$436,2,FALSE),"") | E61: =IFERROR(VLOOKUP(D61,'Lista desplegable'!C$1:D$436,2,FALSE),"")

Sheet 16-09
G2: DIA
D3: PROYECTO: | E3: CERRO BAYO / CHILE CHICO | G3: 16/9/2026
C6: TURNO DIA - A
B7: N° | C7: RUT | D7: NOMBRES Y APELLIDOS | E7: CARGO | F7: MAQUINA | G7: DIAMETRO | H7: ESCALA | I7: METROS | J7: ASISTENCIA | K7: WORKERA ENTRADA | L7: WORKERA SALIDA | M7: OBSERVACIONES
B8: 1 | C8: 44632507-8 | D8: =IFERROR(VLOOKUP(C8,'Lista desplegable'!B$1:C$436,2,FALSE),"") -> ANDREW JAMES WILSON . | E8: =IFERROR(VLOOKUP(D8,'Lista desplegable'!C$1:D$436,2,FALSE),"") -> PERFORISTA | F8: 200/13 | G8: HQ | H8: 0-200 | I8: 33,00 | J8: PRESENTE | M8: NO APLICA FIRMA, EXPATRIADO
B9: 2 | C9: 15475908-5 | D9: =IFERROR(VLOOKUP(C9,'Lista desplegable'!B$1:C$436,2,FALSE),"") -> ISRAEL AARÓN VERGARA ELGUETA | E9: =IFERROR(VLOOKUP(D9,'Lista desplegable'!C$1:D$436,2,FALSE),"") -> ADMINISTRADOR DE CONTRATO | F9: 200/13 | G9: HQ | H9: 0-200 | I9: 33,00 | J9: PRESENTE | K9: SI | L9: SI
B10: 3 | C10: 18490734-8 | D10: =IFERROR(VLOOKUP(C10,'Lista desplegable'!B$1:C$436,2,FALSE),"") -> SIMONNE DE LA PAZ REYES BATLLE | E10: =IFERROR(VLOOKUP(D10,'Lista desplegable'!C$1:D$436,2,FALSE),"") -> ADMINISTRATIVO DE FAENA | F10: 200/13 | G10: HQ | H10: 0-200 | I10: 33,00 | J10: PRESENTE | K10: SI | L10: SI
B11: 4 | C11: 17465056-K | D11: =IFERROR(VLOOKUP(C11,'Lista desplegable'!B$1:C$436,2,FALSE),"") -> DANIEL ANDRES ANDRADE AGUILAR | E11: =IFERROR(VLOOKUP(D11,'Lista desplegable'!C$1:D$436,2,FALSE),"") -> MECANICO | F11: 200/13 | G11: HQ | H11: 0-200 | I11: 33,00 | J11: PRESENTE | K11: SI | L11: SI
B12: 5 | C12: 17112278-3 | D12: =IFERROR(VLOOKUP(C12,'Lista desplegable'!B$1:C$436,2,FALSE),"") -> YONATHAN ALBERTO MOROSO CORTES | E12: =IFERROR(VLOOKUP(D12,'Lista desplegable'!C$1:D$436,2,FALSE),"") -> ADMINISTRATIVO SENIOR | F12: 200/13 | G12: HQ | H12: 0-200 | I12: 33,00 | J12: PRESENTE | K12: SI | L12: SI
B13: 6 | C13: 18328176-3 | D13: =IFERROR(VLOOKUP(C13,'Lista desplegable'!B$1:C$436,2,FALSE),"") -> DAVID AUGUSTO MARSHALL FLORES | E13: =IFERROR(VLOOKUP(D13,'Lista desplegable'!C$1:D$436,2,FALSE),"") -> BODEGUERO | F13: 200/13 | G13: HQ | H13: 0-200 | I13: 33,00 | J13: PRESENTE | K13: SI | L13: SI
B14: 7 | C14: 16290708-5 | D14: =IFERROR(VLOOKUP(C14,'Lista desplegable'!B$1:C$436,2,FALSE),"") -> RAUL MANUEL BUSTAMANTE CERON | E14: =IFERROR(VLOOKUP(D14,'Lista desplegable'!C$1:D$436,2,FALSE),"") -> SOLDADOR | F14: 200/13 | G14: HQ | H14: 0-200 | I14: 33,00 | J14: PRESENTE | K14: SI | L14: SI
B15: 8 | C15: 20944055-5 | D15: =IFERROR(VLOOKUP(C15,'Lista desplegable'!B$1:C$436,2,FALSE),"") -> JONATHAN ALEXANDER OLIVARES NATES | E15: =IFERROR(VLOOKUP(D15,'Lista desplegable'!C$1:D$436,2,FALSE),"") -> MECANICO | F15: 200/13 | G15: HQ | H15: 0-200 | I15: 33,00 | J15: PRESENTE | K15: SI | L15: SI
B16: 9 | C16: 16005822-6 | D16: =IFERROR(VLOOKUP(C16,'Lista desplegable'!B$1:C$436,2,FALSE),"") -> ROBERTO MAURICIO VERGARA NEGRETE | E16: =IFERROR(VLOOKUP(D16,'Lista desplegable'!C$1:D$436,2,FALSE),"") -> ELECTROMECÁNICO | F16: 200/13 | G16: HQ | H16: 0-200 | I16: 33,00 | J16: PRESENTE | K16: SI | L16: SI
B17: 10 | C17: 15977589-5 | D17: =IFERROR(VLOOKUP(C17,'Lista desplegable'!B$1:C$436,2,FALSE),"") -> CELSO ANDRES ORREGO OLIVARES | E17: =IFERROR(VLOOKUP(D17,'Lista desplegable'!C$1:D$436,2,FALSE),"") -> CHOFER | F17: 200/13 | G17: HQ | H17: 0-200 | I17: 33,00 | J17: PRESENTE | K17: SI | L17: SI
B18: 11 | C18: 18520328-K | D18: =IFERROR(VLOOKUP(C18,'Lista desplegable'!B$1:C$436,2,FALSE),"") -> RAUL ALEJANDRO RIVERO RIVERO | E18: =IFERROR(VLOOKUP(D18,'Lista desplegable'!C$1:D$436,2,FALSE),"") -> SUPERVISOR DE OPERACIONES | F18: 200/13 | G18: HQ | H18: 0-200 | I18: 33,00 | J18: PRESENTE | K18: SI | L18: SI
B19: 12 | C19: 18184052-8 | D19: =IFERROR(VLOOKUP(C19,'Lista desplegable'!B$1:C$436,2,FALSE),"") -> PABLO ANTONIO ALVAREZ CORTES | E19: =IFERROR(VLOOKUP(D19,'Lista desplegable'!C$1:D$436,2,FALSE),"") -> PREVENCIONISTA DE RIESGOS | F19: 200/13 | G19: HQ | H19: 0-200 | I19: 33,00 | J19: PRESENTE | K19: SI | L19: SI
B20: 13 | C20: 15134240-K | D20: =IFERROR(VLOOKUP(C20,'Lista desplegable'!B$1:C$436,2,FALSE),"") -> GUILLERMO ALFREDO CASTRO ZUÑIGA | E20: =IFERROR(VLOOKUP(D20,'Lista desplegable'!C$1:D$436,2,FALSE),"") -> PERFORISTA | F20: 200/11 | G20: HQ | H20: 0-200 | I20: 27,90 | J20: PRESENTE | K20: SI | L20: SI
... B26: 19 | C26: 18987429-4 | D26: =IFERROR(VLOOKUP(C26,'Lista desplegable'!B$1:C$436,2,FALSE),"") -> SEBASTIAN ALEJANDRO ARANEDA MILLAR | E26: =IFERROR(VLOOKUP(D26,'Lista desplegable'!C$1:D$436,2,FALSE),"") -> AYUDANTE DE PERFORISTA | F26: 200/13 | G26: HQ | H26: 0-200 | I26: 33,00 | J26: PRESENTE | K26: SI | L26: SI
B27: 20 | C27: 20037472-K | D27: =IFERROR(VLOOKUP(C27,'Lista desplegable'!B$1:C$436,2,FALSE),"") -> ANGELO GIOVANNI BIZAMA ORELLANA | E27: =IFERROR(VLOOKUP(D27,'Lista desplegable'!C$1:D$436,2,FALSE),"") -> AYUDANTE DE PERFORISTA | J27: OBSERVACIÓN | M27: EN DOMICILIO A LA ESPERA DE SUBIR A FAENA
B28: 21 | C28: 15955871-1 | D28: =IFERROR(VLOOKUP(C28,'Lista desplegable'!B$1:C$436,2,FALSE),"") -> WALTER LISANDRO SALAS MESA | E28: =IFERROR(VLOOKUP(D28,'Lista desplegable'!C$1:D$436,2,FALSE),"") -> PERFORISTA | J28: OBSERVACIÓN | M28: EN VIAJE PTO AYSEN - CHILE CHIC
B29: 22 | C29: 14043436-1 | D29: =IFERROR(VLOOKUP(C29,'Lista desplegable'!B$1:C$436,2,FALSE),"") -> OSCAR ALEXIS JARA MEJIAS | E29: =IFERROR(VLOOKUP(D29,'Lista desplegable'!C$1:D$436,2,FALSE),"") -> CHOFER | J29: OBSERVACIÓN | M29: EN DOMICILIO A LA ESPERA DE SUBIR A FAENA
B30: 23 | C30: 18318426-1 | D30: =IFERROR(VLOOKUP(C30,'Lista desplegable'!B$1:C$436,2,FALSE),"") -> LUIS ALFREDO MORENO RIOS | E30: =IFERROR(VLOOKUP(D30,'Lista desplegable'!C$1:D$436,2,FALSE),"") -> CHOFER | J30: OBSERVACIÓN | M30: EN DOMICILIO A LA ESPERA DE SUBIR A FAENA
B31: 24 | C31: 15683698-2 | D31: =IFERROR(VLOOKUP(C31,'Lista desplegable'!B$1:C$436,2,FALSE),"") -> CRISTIAN ALEJANDRO TOLEDO GONZALEZ | E31: =IFERROR(VLOOKUP(D31,'Lista desplegable'!C$1:D$436,2,FALSE),"") -> ELECTROMECANICO | J31: OBSERVACIÓN | M31: CONTRATADO 16-09 EN PROCESO
B32: 25 | C32: 20898577-9 | D32: =IFERROR(VLOOKUP(C32,'Lista desplegable'!B$1:C$436,2,FALSE),"") -> RICARDO NICOLAS QUINTANA SANTANA | E32: =IFERROR(VLOOKUP(D32,'Lista desplegable'!C$1:D$436,2,FALSE),"") -> AYUDANTE DE PERFORISTA | J32: OBSERVACIÓN | M32: CONTRATADO 16-09 EN PROCESO
B33: 26 | C33: 14043422-1 | D33: =IFERROR(VLOOKUP(C33,'Lista desplegable'!B$1:C$436,2,FALSE),"") -> JUAN ALEXIS AVILEZ MOLINA | E33: =IFERROR(VLOOKUP(D33,'Lista desplegable'!C$1:D$436,2,FALSE),"") -> AYUDANTE DE PERFORISTA | J33: OBSERVACIÓN | M33: CONTRATADO 16-09 EN PROCESO
B34: 27 | C34: 22455426-5 | D34: =IFERROR(VLOOKUP(C34,'Lista desplegable'!B$1:C$436,2,FALSE),"") -> MARCELO DAVID VASQUEZ AVILEZ | E34: =IFERROR(VLOOKUP(D34,'Lista desplegable'!C$1:D$436,2,FALSE),"") -> AYUDANTE DE PERFORISTA | J34: OBSERVACIÓN | M34: CONTRATADO 16-09 EN PROCESO
B35: 28
B36: 29
B37: 30
C40: TURNO NOCHE - A
B41: N° | C41: RUT | D41: NOMBRES Y APELLIDOS | E41: CARGO | F41: MAQUINA | G41: DIAMETRO | H41: ESCALA | I41: METROS | J41: ASISTENCIA | K41: WORKERA ENTRADA | L41: WORKERA SALIDA | M41: OBSERVACIONES
B42: 1 | C42: 44599978-4 | D42: =IFERROR(VLOOKUP(C42,'Lista desplegable'!B$1:C$436,2,FALSE),"") -> FRANCISCO PEDRO BORNAZ DELGADO | E42: =IFERROR(VLOOKUP(D42,'Lista desplegable'!C$1:D$436,2,FALSE),"") -> SUPERVISOR DE OPERACIONES | J42: DESCANSO
B43: 2 | C43: 9528480-9 | D43: =IFERROR(VLOOKUP(C43,'Lista desplegable'!B$1:C$436,2,FALSE),"") -> PATRICIO RICARDO OETIKER OYARZUN | E43: =IFERROR(VLOOKUP(D43,'Lista desplegable'!C$1:D$436,2,FALSE),"") -> PREVENCIONISTA DE RIESGOS | F43: 200/11 | G43: HQ | H43: 0-200 | I43: 25,10 | J43: PRESENTE | K43: SI | L43: SI
B44: 3 | C44: 16597409-3 | D44: =IFERROR(VLOOKUP(C44,'Lista desplegable'!B$1:C$436,2,FALSE),"") -> DANIEL ARMANDO LINDERMANN LINDERMANN | E44: =IFERROR(VLOOKUP(D44,'Lista desplegable'!C$1:D$436,2,FALSE),"") -> SUPERVISOR DE OPERACIONES | F44: 200/11 | G44: HQ | H44: 0-200 | I44: 25,10 | J44: PRESENTE | K44: SI | L44: SI
B45: 4 | C45: 17521166-7 | D45: =IFERROR(VLOOKUP(C45,'Lista desplegable'!B$1:C$436,2,FALSE),"") -> PABLO ROMARIO BOSSA ZAMORANO | E45: =IFERROR(VLOOKUP(D45,'Lista desplegable'!C$1:D$436,2,FALSE),"") -> CHOFER | F45: 200/11 | G45: HQ | H45: 0-200 | I45: 25,10 | J45: PRESENTE | K45: SI | L45: SI
B46: 5 | C46: 16684239-5 | D46: =IFERROR(VLOOKUP(C46,'Lista desplegable'!B$1:C$436,2,FALSE),"") -> MARIO ANDRES PUCHI CORTEZ | E46: =IFERROR(VLOOKUP(D46,'Lista desplegable'!C$1:D$436,2,FALSE),"") -> MECANICO | F46: 200/11 | G46: HQ | H46: 0-200 | I46: 25,10 | J46: PRESENTE | K46: SI | L46: SI
B47: 6 | C47: 17753119-7 | D47: =IFERROR(VLOOKUP(C47,'Lista desplegable'!B$1:C$436,2,FALSE),"") -> JOSE IGNACIO HERNANDEZ ARAYA | E47: =IFERROR(VLOOKUP(D47,'Lista desplegable'!C$1:D$436,2,FALSE),"") -> PERFORISTA | F47: 200/11 | G47: HQ | H47: 0-200 | I47: 25,10 | J47: PRESENTE | K47: SI | L47: SI
B48: 7 | C48: 15197539-9 | D48: =IFERROR(VLOOKUP(C48,'Lista desplegable'!B$1:C$436,2,FALSE),"") -> MARCELO ALEJANDRO INZUNZA ALARCON | E48: =IFERROR(VLOOKUP(D48,'Lista desplegable'!C$1:D$436,2,FALSE),"") -> AYUDANTE DE PERFORISTA | F48: 200/11 | G48: HQ | H48: 0-200 | I48: 25,10 | J48: PRESENTE | K48: SI | L48: SI
B49: 8 | C49: 12807074-5 | D49: =IFERROR(VLOOKUP(C49,'Lista desplegable'!B$1:C$436,2,FALSE),"") -> MANUEL ARNOLDO ALISTE OLIVARES | E49: =IFERROR(VLOOKUP(D49,'Lista desplegable'!C$1:D$436,2,FALSE),"") -> AYUDANTE DE PERFORISTA | F49: 200/11 | G49: HQ | H49: 0-200 | I49: 25,10 | J49: PRESENTE | K49: SI | L49: SI
B50: 9 | C50: 17388599-7 | D50: =IFERROR(VLOOKUP(C50,'Lista desplegable'!B$1:C$436,2,FALSE),"") -> PEDRO ENRIQUE BOLBARAN ROJAS | E50: =IFERROR(VLOOKUP(D50,'Lista desplegable'!C$1:D$436,2,FALSE),"") -> AYUDANTE DE PERFORISTA | F50: 200/11 | G50: HQ | H50: 0-200 | I50: 25,10 | J50: PRESENTE | K50: SI | L50: SI
B51: 10 | C51: 16755492-K | D51: =IFERROR(VLOOKUP(C51,'Lista desplegable'!B$1:C$436,2,FALSE),"") -> FELIPE ANDRES BOLBARAN ROJAS | E51: =IFERROR(VLOOKUP(D51,'Lista desplegable'!C$1:D$436,2,FALSE),"") -> PERFORISTA | F51: 200/13 | G51: HQ | H51: 0-200 | I51: 15,90 | J51: PRESENTE | K51: SI | L51: SI
B52: 11 | C52: 18494069-8 | D52: =IFERROR(VLOOKUP(C52,'Lista desplegable'!B$1:C$436,2,FALSE),"") -> OSCAR MANUEL ESPINOZA ESPINOZA | E52: =IFERROR(VLOOKUP(D52,'Lista desplegable'!C$1:D$436,2,FALSE),"") -> AYUDANTE DE PERFORISTA | F52: 200/13 | G52: HQ | H52: 0-200 | I52: 15,90 | J52: PRESENTE | K52: SI | L52: SI
B53: 12 | C53: 20308969-4 | D53: =IFERROR(VLOOKUP(C53,'Lista desplegable'!B$1:C$436,2,FALSE),"") -> NICOLAS ALBERTO CARVAJAL PASTEN | E53: =IFERROR(VLOOKUP(D53,'Lista desplegable'!C$1:D$436,2,FALSE),"") -> AYUDANTE DE PERFORISTA | F53: 200/13 | G53: HQ | H53: 0-200 | I53: 15,90 | J53: PRESENTE | K53: SI | L53: SI
B54: 13
B55: 14
B56: 15
B57: 16
B58: 17 | D58: =IFERROR(VLOOKUP(C58,'Lista desplegable'!B$1:C$436,2,FALSE),"") | E58: =IFERROR(VLOOKUP(D58,'Lista desplegable'!C$1:D$436,2,FALSE),"")
B59: 18 | D59: =IFERROR(VLOOKUP(C59,'Lista desplegable'!B$1:C$436,2,FALSE),"") | E59: =IFERROR(VLOOKUP(D59,'Lista desplegable'!C$1:D$436,2,FALSE),"")
B60: 19 | D60: =IFERROR(VLOOKUP(C60,'Lista desplegable'!B$1:C$436,2,FALSE),"") | E60: =IFERROR(VLOOKUP(D60,'Lista desplegable'!C$1:D$436,2,FALSE),"")
B61: 20 | D61: =IFERROR(VLOOKUP(C61,'Lista desplegable'!B$1:C$436,2,FALSE),"") | E61: =IFERROR(VLOOKUP(D61,'Lista desplegable'!C$1:D$436,2,FALSE),"")

Sheet 17-09
G2: DIA
D3: PROYECTO: | E3: CERRO BAYO / CHILE CHICO | G3: 17/9/2026
C6: TURNO DIA - A
B7: N° | C7: RUT | D7: NOMBRES Y APELLIDOS | E7: CARGO | F7: MAQUINA | G7: DIAMETRO | H7: ESCALA | I7: METROS | J7: ASISTENCIA | K7: WORKERA ENTRADA | L7: WORKERA SALIDA | M7: OBSERVACIONES
B8: 1 | C8: 44632507-8 | D8: =IFERROR(VLOOKUP(C8,'Lista desplegable'!B$1:C$436,2,FALSE),"") -> ANDREW JAMES WILSON . | E8: =IFERROR(VLOOKUP(D8,'Lista desplegable'!C$1:D$436,2,FALSE),"") -> PERFORISTA | J8: PRESENTE | M8: NO APLICA FIRMA, EXPATRIADO
B9: 2 | C9: 15050755-3 | D9: =IFERROR(VLOOKUP(C9,'Lista desplegable'!B$1:C$436,2,FALSE),"") -> FELIX ALEJANDRO MERY ROBLEDO | E9: =IFERROR(VLOOKUP(D9,'Lista desplegable'!C$1:D$436,2,FALSE),"") -> ADMINISTRADOR DE CONTRATO JUNIOR | F9: 200/13 | G9: HQ | H9: 0-200 | I9: 24,20 | J9: PRESENTE | K9: SI | L9: SI | M9: INDUCCION
B10: 3 | C10: 18490734-8 | D10: =IFERROR(VLOOKUP(C10,'Lista desplegable'!B$1:C$436,2,FALSE),"") -> SIMONNE DE LA PAZ REYES BATLLE | E10: =IFERROR(VLOOKUP(D10,'Lista desplegable'!C$1:D$436,2,FALSE),"") -> ADMINISTRATIVO DE FAENA | F10: 200/13 | G10: HQ | H10: 0-200 | I10: 24,20 | J10: PRESENTE | K10: SI | L10: SI
B11: 4 | C11: 17169171-0 | D11: =IFERROR(VLOOKUP(C11,'Lista desplegable'!B$1:C$436,2,FALSE),"") -> LUIS GERARDO LOPEZ OLAVE | E11: =IFERROR(VLOOKUP(D11,'Lista desplegable'!C$1:D$436,2,FALSE),"") -> MECANICO | F11: 200/13 | G11: HQ | H11: 0-200 | I11: 24,20 | J11: PRESENTE | K11: SI | L11: SI
B12: 5 | C12: 17112278-3 | D12: =IFERROR(VLOOKUP(C12,'Lista desplegable'!B$1:C$436,2,FALSE),"") -> YONATHAN ALBERTO MOROSO CORTES | E12: =IFERROR(VLOOKUP(D12,'Lista desplegable'!C$1:D$436,2,FALSE),"") -> ADMINISTRATIVO SENIOR | F12: 200/13 | G12: HQ | H12: 0-200 | I12: 24,20 | J12: PRESENTE | K12: SI | L12: SI
B13: 6 | C13: 18328176-3 | D13: =IFERROR(VLOOKUP(C13,'Lista desplegable'!B$1:C$436,2,FALSE),"") -> DAVID AUGUSTO MARSHALL FLORES | E13: =IFERROR(VLOOKUP(D13,'Lista desplegable'!C$1:D$436,2,FALSE),"") -> BODEGUERO | F13: 200/13 | G13: HQ | H13: 0-200 | I13: 24,20 | J13: PRESENTE | K13: SI | L13: SI
B14: 7 | C14: 16290708-5 | D14: =IFERROR(VLOOKUP(C14,'Lista desplegable'!B$1:C$436,2,FALSE),"") -> RAUL MANUEL BUSTAMANTE CERON | E14: =IFERROR(VLOOKUP(D14,'Lista desplegable'!C$1:D$436,2,FALSE),"") -> SOLDADOR | F14: 200/13 | G14: HQ | H14: 0-200 | I14: 24,20 | J14: PRESENTE | K14: SI | L14: SI
B15: 8 | C15: 20944055-5 | D15: =IFERROR(VLOOKUP(C15,'Lista desplegable'!B$1:C$436,2,FALSE),"") -> JONATHAN ALEXANDER OLIVARES NATES | E15: =IFERROR(VLOOKUP(D15,'Lista desplegable'!C$1:D$436,2,FALSE),"") -> MECANICO | F15: 200/13 | G15: HQ | H15: 0-200 | I15: 24,20 | J15: PRESENTE | K15: SI | L15: SI
B16: 9 | C16: 19460307-K | D16: =IFERROR(VLOOKUP(C16,'Lista desplegable'!B$1:C$436,2,FALSE),"") -> SEBASTIAN IGNACIO ORTEGA GOMEZ | E16: =IFERROR(VLOOKUP(D16,'Lista desplegable'!C$1:D$436,2,FALSE),"") -> MECANICO | J16: PRESENTE | K16: SI | L16: SI
B17: 10 | C17: 16005822-6 | D17: =IFERROR(VLOOKUP(C17,'Lista desplegable'!B$1:C$436,2,FALSE),"") -> ROBERTO MAURICIO VERGARA NEGRETE | E17: =IFERROR(VLOOKUP(D17,'Lista desplegable'!C$1:D$436,2,FALSE),"") -> ELECTROMECÁNICO | F17: 200/13 | G17: HQ | H17: 0-200 | I17: 24,20 | J17: PRESENTE | K17: SI | L17: SI
B18: 11 | C18: 15977589-5 | D18: =IFERROR(VLOOKUP(C18,'Lista desplegable'!B$1:C$436,2,FALSE),"") -> CELSO ANDRES ORREGO OLIVARES | E18: =IFERROR(VLOOKUP(D18,'Lista desplegable'!C$1:D$436,2,FALSE),"") -> CHOFER | F18: 200/13 | G18: HQ | H18: 0-200 | I18: 24,20 | J18: PRESENTE | K18: SI | L18: SI
B19: 12 | C19: 18520328-K | D19: =IFERROR(VLOOKUP(C19,'Lista desplegable'!B$1:C$436,2,FALSE),"") -> RAUL ALEJANDRO RIVERO RIVERO | E19: =IFERROR(VLOOKUP(D19,'Lista desplegable'!C$1:D$436,2,FALSE),"") -> SUPERVISOR DE OPERACIONES | F19: 200/13 | G19: HQ | H19: 0-200 | I19: 24,20 | J19: PRESENTE | K19: SI | L19: SI
B20: 13 | C20: 18184052-8 | D20: =IFERROR(VLOOKUP(C20,'Lista desplegable'!B$1:C$436,2,FALSE),"") -> PABLO ANTONIO ALVAREZ CORTES | E20: =IFERROR(VLOOKUP(D20,'Lista desplegable'!C$1:D$436,2,FALSE),"") -> PREVENCIONISTA DE RIESGOS | F20: 200/13 | G20: HQ | H20: 0-200 | I20: 24,20 | J20: PRESENTE | K20: SI | L20: SI
B21: 14 | C21: 15134240-K | D21: =IFERROR(VLOOKUP(C21,'Lista desplegable'!B$1:C$436,2,FALSE),"") -> GUILLERMO ALFREDO CASTRO ZUÑIGA | E21: =IFERROR(VLOOKUP(D21,'Lista desplegable'!C$1:D$436,2,FALSE),"") -> PERFORISTA | F21: 200/11 | G21: HQ | H21: 0-200 | I21: 24,20 | J21: PRESENTE | K21: SI | L21: SI
B22: 15 | C22: 15608134-5 | D22: =IFERROR(VLOOKUP(C22,'Lista desplegable'!B$1:C$436,2,FALSE),"") -> RICKY DONNELLY ARAVENA POBLETE | E22: =IFERROR(VLOOKUP(D22,'Lista desplegable'!C$1:D$436,2,FALSE),"") -> AYUDANTE DE PERFORISTA | F22: 200/11 | G22: HQ | H22: 0-200 | I22: 24,20 | J22: PRESENTE | K22: SI | L22: SI
B23: 16 | C23: 16755649-3 | D23: =IFERROR(VLOOKUP(C23,'Lista desplegable'!B$1:C$436,2,FALSE),"") -> CHRISTOFER HUESLY OLIVARES FERNANDEZ | E23: =IFERROR(VLOOKUP(D23,'Lista desplegable'!C$1:D$436,2,FALSE),"") -> AYUDANTE DE PERFORISTA | F23: 200/11 | G23: HQ | H23: 0-200 | I23: 24,20 | J23: PRESENTE | K23: SI | L23: SI
